ISO-10303-21;
HEADER;
/* Generated by software containing ST-Developer
 * from STEP Tools, Inc. (www.steptools.com) 
 */

FILE_DESCRIPTION(
/* description */ (''),
/* implementation_level */ '2;1');

FILE_NAME(
/* name */ 'CPAP valve 3-way - Housing - B.step',
/* time_stamp */ '2026-07-24T23:40:20+02:00',
/* author */ (''),
/* organization */ (''),
/* preprocessor_version */ 'ST-DEVELOPER v20.1',
/* originating_system */ 'Autodesk Translation Framework v15.8.0.0',
/* authorisation */ '');

FILE_SCHEMA (('AUTOMOTIVE_DESIGN { 1 0 10303 214 3 1 1 }'));
ENDSEC;

DATA;
#10=MECHANICAL_DESIGN_GEOMETRIC_PRESENTATION_REPRESENTATION('',(#45,#46),
#2098);
#11=SHAPE_REPRESENTATION_RELATIONSHIP('SRR','None',#2105,#12);
#12=ADVANCED_BREP_SHAPE_REPRESENTATION('',(#47,#48),#2097);
#13=(
BOUNDED_SURFACE()
B_SPLINE_SURFACE(3,2,((#1717,#1718,#1719,#1720,#1721,#1722,#1723,#1724,
#1725),(#1726,#1727,#1728,#1729,#1730,#1731,#1732,#1733,#1734),(#1735,#1736,
#1737,#1738,#1739,#1740,#1741,#1742,#1743),(#1744,#1745,#1746,#1747,#1748,
#1749,#1750,#1751,#1752),(#1753,#1754,#1755,#1756,#1757,#1758,#1759,#1760,
#1761),(#1762,#1763,#1764,#1765,#1766,#1767,#1768,#1769,#1770),(#1771,#1772,
#1773,#1774,#1775,#1776,#1777,#1778,#1779),(#1780,#1781,#1782,#1783,#1784,
#1785,#1786,#1787,#1788),(#1789,#1790,#1791,#1792,#1793,#1794,#1795,#1796,
#1797),(#1798,#1799,#1800,#1801,#1802,#1803,#1804,#1805,#1806),(#1807,#1808,
#1809,#1810,#1811,#1812,#1813,#1814,#1815),(#1816,#1817,#1818,#1819,#1820,
#1821,#1822,#1823,#1824),(#1825,#1826,#1827,#1828,#1829,#1830,#1831,#1832,
#1833),(#1834,#1835,#1836,#1837,#1838,#1839,#1840,#1841,#1842),(#1843,#1844,
#1845,#1846,#1847,#1848,#1849,#1850,#1851),(#1852,#1853,#1854,#1855,#1856,
#1857,#1858,#1859,#1860)),.UNSPECIFIED.,.F.,.T.,.F.)
B_SPLINE_SURFACE_WITH_KNOTS((4,3,3,3,3,4),(3,2,2,2,3),(-0.0787894741507867,
-0.0787862171339267,-0.0591272981305422,-0.0398548156904029,-0.0198072015901741,
-4.95142790657432E-8),(0.,1.5707963267949,3.14159265358979,4.71238898038469,
6.28318530717959),.UNSPECIFIED.)
GEOMETRIC_REPRESENTATION_ITEM()
RATIONAL_B_SPLINE_SURFACE(((1.,0.707106781186548,1.,0.707106781186548,1.,
0.707106781186548,1.,0.707106781186548,1.),(1.,0.707106781186548,1.,0.707106781186548,
1.,0.707106781186548,1.,0.707106781186548,1.),(1.,0.707106781186548,1.,
0.707106781186548,1.,0.707106781186548,1.,0.707106781186548,1.),(1.,0.707106781186548,
1.,0.707106781186548,1.,0.707106781186548,1.,0.707106781186548,1.),(1.,
0.707106781186548,1.,0.707106781186548,1.,0.707106781186548,1.,0.707106781186548,
1.),(1.,0.707106781186548,1.,0.707106781186548,1.,0.707106781186548,1.,
0.707106781186548,1.),(1.,0.707106781186548,1.,0.707106781186548,1.,0.707106781186548,
1.,0.707106781186548,1.),(1.,0.707106781186548,1.,0.707106781186548,1.,
0.707106781186548,1.,0.707106781186548,1.),(1.,0.707106781186548,1.,0.707106781186548,
1.,0.707106781186548,1.,0.707106781186548,1.),(1.,0.707106781186548,1.,
0.707106781186548,1.,0.707106781186548,1.,0.707106781186548,1.),(1.,0.707106781186548,
1.,0.707106781186548,1.,0.707106781186548,1.,0.707106781186548,1.),(1.,
0.707106781186548,1.,0.707106781186548,1.,0.707106781186548,1.,0.707106781186548,
1.),(1.,0.707106781186548,1.,0.707106781186548,1.,0.707106781186548,1.,
0.707106781186548,1.),(1.,0.707106781186548,1.,0.707106781186548,1.,0.707106781186548,
1.,0.707106781186548,1.),(1.,0.707106781186548,1.,0.707106781186548,1.,
0.707106781186548,1.,0.707106781186548,1.),(1.,0.707106781186548,1.,0.707106781186548,
1.,0.707106781186548,1.,0.707106781186548,1.)))
REPRESENTATION_ITEM('')
SURFACE()
);
#14=(
BOUNDED_SURFACE()
B_SPLINE_SURFACE(3,2,((#1896,#1897,#1898,#1899,#1900,#1901,#1902,#1903,
#1904),(#1905,#1906,#1907,#1908,#1909,#1910,#1911,#1912,#1913),(#1914,#1915,
#1916,#1917,#1918,#1919,#1920,#1921,#1922),(#1923,#1924,#1925,#1926,#1927,
#1928,#1929,#1930,#1931),(#1932,#1933,#1934,#1935,#1936,#1937,#1938,#1939,
#1940),(#1941,#1942,#1943,#1944,#1945,#1946,#1947,#1948,#1949),(#1950,#1951,
#1952,#1953,#1954,#1955,#1956,#1957,#1958),(#1959,#1960,#1961,#1962,#1963,
#1964,#1965,#1966,#1967),(#1968,#1969,#1970,#1971,#1972,#1973,#1974,#1975,
#1976),(#1977,#1978,#1979,#1980,#1981,#1982,#1983,#1984,#1985),(#1986,#1987,
#1988,#1989,#1990,#1991,#1992,#1993,#1994),(#1995,#1996,#1997,#1998,#1999,
#2000,#2001,#2002,#2003),(#2004,#2005,#2006,#2007,#2008,#2009,#2010,#2011,
#2012),(#2013,#2014,#2015,#2016,#2017,#2018,#2019,#2020,#2021),(#2022,#2023,
#2024,#2025,#2026,#2027,#2028,#2029,#2030),(#2031,#2032,#2033,#2034,#2035,
#2036,#2037,#2038,#2039)),.UNSPECIFIED.,.F.,.T.,.F.)
B_SPLINE_SURFACE_WITH_KNOTS((4,3,3,3,3,4),(3,2,2,2,3),(-0.0787917777797274,
-0.0591240173523427,-0.0398511705331217,-0.0198050002171243,-5.63570953937721E-6,
-2.41507566705134E-6),(0.,1.5707963267949,3.14159265358979,4.71238898038469,
6.28318530717959),.UNSPECIFIED.)
GEOMETRIC_REPRESENTATION_ITEM()
RATIONAL_B_SPLINE_SURFACE(((1.,0.707106781186548,1.,0.707106781186548,1.,
0.707106781186548,1.,0.707106781186548,1.),(1.,0.707106781186548,1.,0.707106781186548,
1.,0.707106781186548,1.,0.707106781186548,1.),(1.,0.707106781186548,1.,
0.707106781186548,1.,0.707106781186548,1.,0.707106781186548,1.),(1.,0.707106781186548,
1.,0.707106781186548,1.,0.707106781186548,1.,0.707106781186548,1.),(1.,
0.707106781186548,1.,0.707106781186548,1.,0.707106781186548,1.,0.707106781186548,
1.),(1.,0.707106781186548,1.,0.707106781186548,1.,0.707106781186548,1.,
0.707106781186548,1.),(1.,0.707106781186548,1.,0.707106781186548,1.,0.707106781186548,
1.,0.707106781186548,1.),(1.,0.707106781186548,1.,0.707106781186548,1.,
0.707106781186548,1.,0.707106781186548,1.),(1.,0.707106781186548,1.,0.707106781186548,
1.,0.707106781186548,1.,0.707106781186548,1.),(1.,0.707106781186548,1.,
0.707106781186548,1.,0.707106781186548,1.,0.707106781186548,1.),(1.,0.707106781186548,
1.,0.707106781186548,1.,0.707106781186548,1.,0.707106781186548,1.),(1.,
0.707106781186548,1.,0.707106781186548,1.,0.707106781186548,1.,0.707106781186548,
1.),(1.,0.707106781186548,1.,0.707106781186548,1.,0.707106781186548,1.,
0.707106781186548,1.),(1.,0.707106781186548,1.,0.707106781186548,1.,0.707106781186548,
1.,0.707106781186548,1.),(1.,0.707106781186548,1.,0.707106781186548,1.,
0.707106781186548,1.,0.707106781186548,1.),(1.,0.707106781186548,1.,0.707106781186548,
1.,0.707106781186548,1.,0.707106781186548,1.)))
REPRESENTATION_ITEM('')
SURFACE()
);
#15=B_SPLINE_SURFACE_WITH_KNOTS('',3,3,((#1632,#1633,#1634,#1635,#1636,
#1637,#1638,#1639,#1640,#1641),(#1642,#1643,#1644,#1645,#1646,#1647,#1648,
#1649,#1650,#1651),(#1652,#1653,#1654,#1655,#1656,#1657,#1658,#1659,#1660,
#1661),(#1662,#1663,#1664,#1665,#1666,#1667,#1668,#1669,#1670,#1671)),
 .UNSPECIFIED.,.F.,.F.,.F.,(4,4),(4,1,1,1,1,1,1,4),(0.,0.933335871979742),
(1.56827906225628,2.01779723120871,2.46731540016114,2.91683356911358,3.36635173806601,
3.81586990701844,4.26538807597088,4.71490624492331),.UNSPECIFIED.);
#16=B_SPLINE_CURVE_WITH_KNOTS('',3,(#1393,#1394,#1395,#1396,#1397,#1398,
#1399,#1400,#1401,#1402,#1403,#1404,#1405,#1406,#1407,#1408,#1409,#1410,
#1411,#1412,#1413,#1414),.UNSPECIFIED.,.F.,.F.,(4,2,2,2,2,2,2,2,2,2,4),
(-3.22884963104854,-3.02644891083891,-2.82404819062929,-2.41924675021003,
-2.01683578286715,-1.61442481552427,-1.21201384818139,-0.809602880838511,
-0.404801440419256,-0.202400720209628,0.),.UNSPECIFIED.);
#17=B_SPLINE_CURVE_WITH_KNOTS('',3,(#1425,#1426,#1427,#1428,#1429,#1430,
#1431,#1432,#1433,#1434,#1435,#1436,#1437,#1438,#1439,#1440,#1441,#1442,
#1443,#1444,#1445,#1446),.UNSPECIFIED.,.F.,.F.,(4,2,2,2,2,2,2,2,2,2,4),
(-3.22884963104854,-3.02644891083891,-2.82404819062928,-2.41924675021003,
-2.01683578286715,-1.61442481552427,-1.21201384818139,-0.809602880838513,
-0.404801440419257,-0.202400720209628,0.),.UNSPECIFIED.);
#18=B_SPLINE_CURVE_WITH_KNOTS('',3,(#1494,#1495,#1496,#1497,#1498,#1499,
#1500,#1501,#1502,#1503,#1504,#1505),.UNSPECIFIED.,.F.,.F.,(4,2,2,2,2,4),
(0.,0.202400720209628,0.404801440419256,0.809602880838511,1.21201384818139,
1.61442481552427),.UNSPECIFIED.);
#19=B_SPLINE_CURVE_WITH_KNOTS('',3,(#1509,#1510,#1511,#1512,#1513,#1514,
#1515,#1516,#1517,#1518,#1519,#1520),.UNSPECIFIED.,.F.,.F.,(4,2,2,2,2,4),
(1.61442481552427,2.01683578286715,2.41924675021003,2.82404819062929,3.02644891083891,
3.22884963104854),.UNSPECIFIED.);
#20=B_SPLINE_CURVE_WITH_KNOTS('',3,(#1524,#1525,#1526,#1527,#1528,#1529,
#1530,#1531,#1532,#1533),.UNSPECIFIED.,.F.,.F.,(4,1,1,1,1,1,1,4),(-4.71490624492331,
-4.26538807597088,-3.81586990701844,-3.36635173806601,-2.91683356911358,
-2.46731540016114,-2.01779723120871,-1.56827906225628),.UNSPECIFIED.);
#21=B_SPLINE_CURVE_WITH_KNOTS('',3,(#1674,#1675,#1676,#1677,#1678,#1679,
#1680,#1681,#1682,#1683,#1684,#1685,#1686,#1687,#1688,#1689,#1690,#1691,
#1692,#1693),.UNSPECIFIED.,.F.,.F.,(4,2,2,2,2,2,2,2,2,4),(-4.13901006779507,
-3.87546874612941,-3.60908792204385,-3.09336144176452,-2.57780834331888,
-2.06216260866176,-1.54634840758395,-1.03053129640589,-0.515007314412627,
-0.00314879217127972),.UNSPECIFIED.);
#22=B_SPLINE_CURVE_WITH_KNOTS('',3,(#1694,#1695,#1696,#1697,#1698,#1699,
#1700),.UNSPECIFIED.,.F.,.F.,(4,3,4),(0.0282449838032481,0.211299802846075,
0.422214605301744),.UNSPECIFIED.);
#23=B_SPLINE_CURVE_WITH_KNOTS('',3,(#1701,#1702,#1703,#1704,#1705,#1706,
#1707),.UNSPECIFIED.,.F.,.F.,(4,3,4),(-2.77555756156289E-17,0.211226762863231,
0.394552496105166),.UNSPECIFIED.);
#24=B_SPLINE_CURVE_WITH_KNOTS('',3,(#1862,#1863,#1864,#1865,#1866,#1867,
#1868,#1869,#1870,#1871,#1872,#1873,#1874,#1875,#1876,#1877),
 .UNSPECIFIED.,.F.,.F.,(4,3,3,3,3,4),(0.,0.0292017708212213,0.0587580558552329,
0.0871715608970743,0.116154791052026,0.116159592886209),.UNSPECIFIED.);
#25=B_SPLINE_CURVE_WITH_KNOTS('',3,(#1880,#1881,#1882,#1883,#1884,#1885,
#1886,#1887,#1888,#1889,#1890,#1891,#1892,#1893,#1894,#1895),
 .UNSPECIFIED.,.F.,.F.,(4,3,3,3,3,4),(0.,2.95711935836575E-6,0.0178517348347261,
0.03534965804394,0.0535513408392582,0.0715347027177151),.UNSPECIFIED.);
#26=B_SPLINE_CURVE_WITH_KNOTS('',3,(#2042,#2043,#2044,#2045,#2046,#2047,
#2048,#2049,#2050,#2051,#2052,#2053,#2054,#2055,#2056,#2057),
 .UNSPECIFIED.,.F.,.F.,(4,3,3,3,3,4),(0.,1.12086066828091E-6,0.00689179201835633,
0.0138683577341716,0.0205757876445038,0.0274206573099606),.UNSPECIFIED.);
#27=B_SPLINE_CURVE_WITH_KNOTS('',3,(#2061,#2062,#2063,#2064,#2065,#2066,
#2067,#2068,#2069,#2070,#2071,#2072,#2073,#2074,#2075,#2076),
 .UNSPECIFIED.,.F.,.F.,(4,3,3,3,3,4),(0.,0.029304738941692,0.0580210611068805,
0.0878896264709926,0.117390453992684,0.117395252700457),.UNSPECIFIED.);
#28=FACE_BOUND('',#130,.T.);
#29=FACE_BOUND('',#144,.T.);
#30=FACE_BOUND('',#166,.T.);
#31=FACE_BOUND('',#167,.T.);
#32=FACE_BOUND('',#168,.T.);
#33=FACE_BOUND('',#169,.T.);
#34=FACE_BOUND('',#170,.T.);
#35=FACE_BOUND('',#180,.T.);
#36=FACE_BOUND('',#182,.T.);
#37=FACE_BOUND('',#183,.T.);
#38=CONICAL_SURFACE('',#969,11.9,0.785398163397454);
#39=CONICAL_SURFACE('',#979,11.9,0.785398163397448);
#40=CONICAL_SURFACE('',#1030,2.50000000000001,0.321750554396637);
#41=CONICAL_SURFACE('',#1032,2.5,0.321750554396644);
#42=CONICAL_SURFACE('',#1036,2.49999999999998,0.321750554396656);
#43=CONICAL_SURFACE('',#1038,2.49999999999998,0.32175055439666);
#44=CONICAL_SURFACE('',#1045,4.34999999999999,0.33667481938672);
#45=STYLED_ITEM('',(#2114),#47);
#46=STYLED_ITEM('',(#2114),#48);
#47=MANIFOLD_SOLID_BREP('Body6',#946);
#48=MANIFOLD_SOLID_BREP('Body8',#947);
#49=ELLIPSE('',#965,12.3938162930627,12.393344374515);
#50=ELLIPSE('',#967,12.4096776843207,12.4092051618199);
#51=CYLINDRICAL_SURFACE('',#964,12.393344374515);
#52=CYLINDRICAL_SURFACE('',#966,12.4092051618199);
#53=CYLINDRICAL_SURFACE('',#978,10.4);
#54=CYLINDRICAL_SURFACE('',#982,10.4);
#55=CYLINDRICAL_SURFACE('',#988,15.6);
#56=CYLINDRICAL_SURFACE('',#989,12.6);
#57=CYLINDRICAL_SURFACE('',#991,1.6);
#58=CYLINDRICAL_SURFACE('',#994,1.6);
#59=CYLINDRICAL_SURFACE('',#996,1.60000000000004);
#60=CYLINDRICAL_SURFACE('',#999,1.6);
#61=CYLINDRICAL_SURFACE('',#1005,17.65);
#62=CYLINDRICAL_SURFACE('',#1008,10.4);
#63=CYLINDRICAL_SURFACE('',#1009,12.6);
#64=CYLINDRICAL_SURFACE('',#1012,15.6);
#65=CYLINDRICAL_SURFACE('',#1016,3.);
#66=CYLINDRICAL_SURFACE('',#1020,3.);
#67=CYLINDRICAL_SURFACE('',#1023,3.);
#68=CYLINDRICAL_SURFACE('',#1027,3.);
#69=CYLINDRICAL_SURFACE('',#1043,3.99999999999999);
#70=CYLINDRICAL_SURFACE('',#1053,15.5926665968582);
#71=CYLINDRICAL_SURFACE('',#1058,12.4933443738597);
#72=FACE_OUTER_BOUND('',#124,.T.);
#73=FACE_OUTER_BOUND('',#125,.T.);
#74=FACE_OUTER_BOUND('',#126,.T.);
#75=FACE_OUTER_BOUND('',#127,.T.);
#76=FACE_OUTER_BOUND('',#128,.T.);
#77=FACE_OUTER_BOUND('',#129,.T.);
#78=FACE_OUTER_BOUND('',#131,.T.);
#79=FACE_OUTER_BOUND('',#132,.T.);
#80=FACE_OUTER_BOUND('',#133,.T.);
#81=FACE_OUTER_BOUND('',#134,.T.);
#82=FACE_OUTER_BOUND('',#135,.T.);
#83=FACE_OUTER_BOUND('',#136,.T.);
#84=FACE_OUTER_BOUND('',#137,.T.);
#85=FACE_OUTER_BOUND('',#138,.T.);
#86=FACE_OUTER_BOUND('',#139,.T.);
#87=FACE_OUTER_BOUND('',#140,.T.);
#88=FACE_OUTER_BOUND('',#141,.T.);
#89=FACE_OUTER_BOUND('',#142,.T.);
#90=FACE_OUTER_BOUND('',#143,.T.);
#91=FACE_OUTER_BOUND('',#145,.T.);
#92=FACE_OUTER_BOUND('',#146,.T.);
#93=FACE_OUTER_BOUND('',#147,.T.);
#94=FACE_OUTER_BOUND('',#148,.T.);
#95=FACE_OUTER_BOUND('',#149,.T.);
#96=FACE_OUTER_BOUND('',#150,.T.);
#97=FACE_OUTER_BOUND('',#151,.T.);
#98=FACE_OUTER_BOUND('',#152,.T.);
#99=FACE_OUTER_BOUND('',#153,.T.);
#100=FACE_OUTER_BOUND('',#154,.T.);
#101=FACE_OUTER_BOUND('',#155,.T.);
#102=FACE_OUTER_BOUND('',#156,.T.);
#103=FACE_OUTER_BOUND('',#157,.T.);
#104=FACE_OUTER_BOUND('',#158,.T.);
#105=FACE_OUTER_BOUND('',#159,.T.);
#106=FACE_OUTER_BOUND('',#160,.T.);
#107=FACE_OUTER_BOUND('',#161,.T.);
#108=FACE_OUTER_BOUND('',#162,.T.);
#109=FACE_OUTER_BOUND('',#163,.T.);
#110=FACE_OUTER_BOUND('',#164,.T.);
#111=FACE_OUTER_BOUND('',#165,.T.);
#112=FACE_OUTER_BOUND('',#171,.T.);
#113=FACE_OUTER_BOUND('',#172,.T.);
#114=FACE_OUTER_BOUND('',#173,.T.);
#115=FACE_OUTER_BOUND('',#174,.T.);
#116=FACE_OUTER_BOUND('',#175,.T.);
#117=FACE_OUTER_BOUND('',#176,.T.);
#118=FACE_OUTER_BOUND('',#177,.T.);
#119=FACE_OUTER_BOUND('',#178,.T.);
#120=FACE_OUTER_BOUND('',#179,.T.);
#121=FACE_OUTER_BOUND('',#181,.T.);
#122=FACE_OUTER_BOUND('',#184,.T.);
#123=FACE_OUTER_BOUND('',#185,.T.);
#124=EDGE_LOOP('',(#603,#604,#605,#606));
#125=EDGE_LOOP('',(#607,#608));
#126=EDGE_LOOP('',(#609,#610));
#127=EDGE_LOOP('',(#611,#612,#613,#614));
#128=EDGE_LOOP('',(#615,#616,#617,#618));
#129=EDGE_LOOP('',(#619,#620,#621,#622,#623,#624,#625,#626,#627,#628,#629,
#630,#631,#632,#633,#634));
#130=EDGE_LOOP('',(#635));
#131=EDGE_LOOP('',(#636,#637,#638,#639));
#132=EDGE_LOOP('',(#640,#641,#642,#643));
#133=EDGE_LOOP('',(#644,#645,#646,#647));
#134=EDGE_LOOP('',(#648,#649,#650,#651));
#135=EDGE_LOOP('',(#652,#653,#654,#655));
#136=EDGE_LOOP('',(#656,#657,#658,#659));
#137=EDGE_LOOP('',(#660,#661,#662,#663));
#138=EDGE_LOOP('',(#664,#665,#666,#667));
#139=EDGE_LOOP('',(#668,#669,#670,#671));
#140=EDGE_LOOP('',(#672,#673,#674,#675));
#141=EDGE_LOOP('',(#676,#677,#678,#679));
#142=EDGE_LOOP('',(#680,#681,#682,#683));
#143=EDGE_LOOP('',(#684));
#144=EDGE_LOOP('',(#685));
#145=EDGE_LOOP('',(#686,#687,#688,#689,#690,#691,#692,#693,#694,#695));
#146=EDGE_LOOP('',(#696,#697,#698,#699,#700));
#147=EDGE_LOOP('',(#701,#702,#703,#704));
#148=EDGE_LOOP('',(#705,#706,#707,#708));
#149=EDGE_LOOP('',(#709,#710,#711,#712));
#150=EDGE_LOOP('',(#713,#714,#715,#716,#717,#718));
#151=EDGE_LOOP('',(#719,#720,#721,#722));
#152=EDGE_LOOP('',(#723,#724,#725,#726));
#153=EDGE_LOOP('',(#727,#728,#729,#730));
#154=EDGE_LOOP('',(#731,#732,#733,#734));
#155=EDGE_LOOP('',(#735,#736,#737,#738,#739,#740));
#156=EDGE_LOOP('',(#741,#742,#743,#744));
#157=EDGE_LOOP('',(#745,#746,#747,#748));
#158=EDGE_LOOP('',(#749,#750,#751,#752));
#159=EDGE_LOOP('',(#753,#754,#755,#756));
#160=EDGE_LOOP('',(#757,#758,#759,#760));
#161=EDGE_LOOP('',(#761,#762,#763,#764));
#162=EDGE_LOOP('',(#765,#766,#767,#768));
#163=EDGE_LOOP('',(#769,#770,#771,#772));
#164=EDGE_LOOP('',(#773,#774,#775,#776));
#165=EDGE_LOOP('',(#777,#778,#779,#780,#781,#782,#783,#784));
#166=EDGE_LOOP('',(#785));
#167=EDGE_LOOP('',(#786));
#168=EDGE_LOOP('',(#787));
#169=EDGE_LOOP('',(#788));
#170=EDGE_LOOP('',(#789));
#171=EDGE_LOOP('',(#790,#791,#792,#793));
#172=EDGE_LOOP('',(#794,#795,#796,#797));
#173=EDGE_LOOP('',(#798,#799,#800,#801));
#174=EDGE_LOOP('',(#802,#803,#804,#805));
#175=EDGE_LOOP('',(#806,#807,#808,#809));
#176=EDGE_LOOP('',(#810,#811,#812,#813));
#177=EDGE_LOOP('',(#814,#815,#816,#817));
#178=EDGE_LOOP('',(#818,#819,#820,#821));
#179=EDGE_LOOP('',(#822,#823,#824,#825,#826,#827,#828,#829,#830,#831,#832,
#833,#834,#835,#836,#837,#838,#839));
#180=EDGE_LOOP('',(#840));
#181=EDGE_LOOP('',(#841,#842,#843,#844,#845,#846,#847,#848,#849,#850,#851,
#852,#853,#854,#855,#856,#857,#858,#859,#860));
#182=EDGE_LOOP('',(#861));
#183=EDGE_LOOP('',(#862));
#184=EDGE_LOOP('',(#863,#864,#865,#866,#867,#868));
#185=EDGE_LOOP('',(#869,#870,#871,#872));
#186=LINE('',#1337,#260);
#187=LINE('',#1340,#261);
#188=LINE('',#1349,#262);
#189=LINE('',#1353,#263);
#190=LINE('',#1357,#264);
#191=LINE('',#1359,#265);
#192=LINE('',#1361,#266);
#193=LINE('',#1363,#267);
#194=LINE('',#1365,#268);
#195=LINE('',#1369,#269);
#196=LINE('',#1371,#270);
#197=LINE('',#1373,#271);
#198=LINE('',#1375,#272);
#199=LINE('',#1377,#273);
#200=LINE('',#1379,#274);
#201=LINE('',#1381,#275);
#202=LINE('',#1384,#276);
#203=LINE('',#1389,#277);
#204=LINE('',#1415,#278);
#205=LINE('',#1419,#279);
#206=LINE('',#1424,#280);
#207=LINE('',#1450,#281);
#208=LINE('',#1455,#282);
#209=LINE('',#1458,#283);
#210=LINE('',#1462,#284);
#211=LINE('',#1467,#285);
#212=LINE('',#1471,#286);
#213=LINE('',#1477,#287);
#214=LINE('',#1483,#288);
#215=LINE('',#1492,#289);
#216=LINE('',#1534,#290);
#217=LINE('',#1535,#291);
#218=LINE('',#1539,#292);
#219=LINE('',#1544,#293);
#220=LINE('',#1547,#294);
#221=LINE('',#1551,#295);
#222=LINE('',#1552,#296);
#223=LINE('',#1554,#297);
#224=LINE('',#1555,#298);
#225=LINE('',#1561,#299);
#226=LINE('',#1564,#300);
#227=LINE('',#1566,#301);
#228=LINE('',#1567,#302);
#229=LINE('',#1573,#303);
#230=LINE('',#1579,#304);
#231=LINE('',#1582,#305);
#232=LINE('',#1585,#306);
#233=LINE('',#1586,#307);
#234=LINE('',#1587,#308);
#235=LINE('',#1592,#309);
#236=LINE('',#1594,#310);
#237=LINE('',#1595,#311);
#238=LINE('',#1598,#312);
#239=LINE('',#1602,#313);
#240=LINE('',#1606,#314);
#241=LINE('',#1607,#315);
#242=LINE('',#1610,#316);
#243=LINE('',#1611,#317);
#244=LINE('',#1615,#318);
#245=LINE('',#1618,#319);
#246=LINE('',#1621,#320);
#247=LINE('',#1622,#321);
#248=LINE('',#1629,#322);
#249=LINE('',#1631,#323);
#250=LINE('',#1713,#324);
#251=LINE('',#1716,#325);
#252=LINE('',#2079,#326);
#253=LINE('',#2080,#327);
#254=LINE('',#2082,#328);
#255=LINE('',#2083,#329);
#256=LINE('',#2086,#330);
#257=LINE('',#2087,#331);
#258=LINE('',#2090,#332);
#259=LINE('',#2091,#333);
#260=VECTOR('',#1065,10.);
#261=VECTOR('',#1068,10.);
#262=VECTOR('',#1081,10.);
#263=VECTOR('',#1084,10.);
#264=VECTOR('',#1089,10.);
#265=VECTOR('',#1090,10.);
#266=VECTOR('',#1091,10.);
#267=VECTOR('',#1092,10.);
#268=VECTOR('',#1093,10.);
#269=VECTOR('',#1096,10.);
#270=VECTOR('',#1097,10.);
#271=VECTOR('',#1098,10.);
#272=VECTOR('',#1099,10.);
#273=VECTOR('',#1100,10.);
#274=VECTOR('',#1101,10.);
#275=VECTOR('',#1102,10.);
#276=VECTOR('',#1105,10.);
#277=VECTOR('',#1110,10.);
#278=VECTOR('',#1115,10.);
#279=VECTOR('',#1118,10.);
#280=VECTOR('',#1125,10.);
#281=VECTOR('',#1130,10.);
#282=VECTOR('',#1135,10.);
#283=VECTOR('',#1140,10.);
#284=VECTOR('',#1145,10.);
#285=VECTOR('',#1150,1.6);
#286=VECTOR('',#1155,1.6);
#287=VECTOR('',#1162,1.60000000000004);
#288=VECTOR('',#1169,1.6);
#289=VECTOR('',#1180,17.65);
#290=VECTOR('',#1187,10.);
#291=VECTOR('',#1188,10.);
#292=VECTOR('',#1191,10.);
#293=VECTOR('',#1198,10.);
#294=VECTOR('',#1203,10.);
#295=VECTOR('',#1206,10.);
#296=VECTOR('',#1207,10.);
#297=VECTOR('',#1208,10.);
#298=VECTOR('',#1209,10.);
#299=VECTOR('',#1216,10.);
#300=VECTOR('',#1219,10.);
#301=VECTOR('',#1220,10.);
#302=VECTOR('',#1221,10.);
#303=VECTOR('',#1228,10.);
#304=VECTOR('',#1233,10.);
#305=VECTOR('',#1236,10.);
#306=VECTOR('',#1239,10.);
#307=VECTOR('',#1240,10.);
#308=VECTOR('',#1241,10.);
#309=VECTOR('',#1248,10.);
#310=VECTOR('',#1249,10.);
#311=VECTOR('',#1250,10.);
#312=VECTOR('',#1253,10.);
#313=VECTOR('',#1258,10.);
#314=VECTOR('',#1263,10.);
#315=VECTOR('',#1264,10.);
#316=VECTOR('',#1267,10.);
#317=VECTOR('',#1268,10.);
#318=VECTOR('',#1273,10.);
#319=VECTOR('',#1276,10.);
#320=VECTOR('',#1281,10.);
#321=VECTOR('',#1282,10.);
#322=VECTOR('',#1291,3.99999999999999);
#323=VECTOR('',#1294,4.34999999999998);
#324=VECTOR('',#1299,10.);
#325=VECTOR('',#1302,10.);
#326=VECTOR('',#1311,10.);
#327=VECTOR('',#1312,10.);
#328=VECTOR('',#1315,10.);
#329=VECTOR('',#1316,10.);
#330=VECTOR('',#1319,10.);
#331=VECTOR('',#1320,10.);
#332=VECTOR('',#1323,10.);
#333=VECTOR('',#1324,10.);
#334=CIRCLE('',#962,12.4092051618199);
#335=CIRCLE('',#963,12.393344374515);
#336=CIRCLE('',#970,10.4);
#337=CIRCLE('',#971,13.4);
#338=CIRCLE('',#973,3.);
#339=CIRCLE('',#974,17.65);
#340=CIRCLE('',#975,1.6);
#341=CIRCLE('',#977,15.6);
#342=CIRCLE('',#980,10.4);
#343=CIRCLE('',#981,13.4);
#344=CIRCLE('',#984,15.6);
#345=CIRCLE('',#986,12.6);
#346=CIRCLE('',#987,15.6);
#347=CIRCLE('',#990,12.6);
#348=CIRCLE('',#992,1.6);
#349=CIRCLE('',#993,1.6);
#350=CIRCLE('',#995,1.6);
#351=CIRCLE('',#997,1.60000000000004);
#352=CIRCLE('',#998,1.60000000000004);
#353=CIRCLE('',#1000,1.6);
#354=CIRCLE('',#1001,1.6);
#355=CIRCLE('',#1003,17.65);
#356=CIRCLE('',#1004,3.99999999999999);
#357=CIRCLE('',#1006,17.65);
#358=CIRCLE('',#1007,17.65);
#359=CIRCLE('',#1010,12.6);
#360=CIRCLE('',#1011,12.6);
#361=CIRCLE('',#1013,15.6);
#362=CIRCLE('',#1017,3.);
#363=CIRCLE('',#1018,3.);
#364=CIRCLE('',#1021,3.);
#365=CIRCLE('',#1022,3.);
#366=CIRCLE('',#1024,3.);
#367=CIRCLE('',#1025,3.);
#368=CIRCLE('',#1028,3.);
#369=CIRCLE('',#1031,2.00000000000003);
#370=CIRCLE('',#1033,2.);
#371=CIRCLE('',#1037,1.99999999999997);
#372=CIRCLE('',#1039,1.99999999999995);
#373=CIRCLE('',#1042,4.69999999999999);
#374=CIRCLE('',#1044,3.99999999999999);
#375=CIRCLE('',#1047,12.4933443738597);
#376=CIRCLE('',#1048,14.8927224158129);
#377=CIRCLE('',#1049,15.5926662450916);
#378=CIRCLE('',#1050,14.8927225465739);
#379=CIRCLE('',#1051,15.5926669486254);
#380=CIRCLE('',#1057,12.4933443738597);
#381=VERTEX_POINT('',#1333);
#382=VERTEX_POINT('',#1334);
#383=VERTEX_POINT('',#1336);
#384=VERTEX_POINT('',#1338);
#385=VERTEX_POINT('',#1347);
#386=VERTEX_POINT('',#1348);
#387=VERTEX_POINT('',#1350);
#388=VERTEX_POINT('',#1352);
#389=VERTEX_POINT('',#1356);
#390=VERTEX_POINT('',#1358);
#391=VERTEX_POINT('',#1360);
#392=VERTEX_POINT('',#1362);
#393=VERTEX_POINT('',#1364);
#394=VERTEX_POINT('',#1366);
#395=VERTEX_POINT('',#1368);
#396=VERTEX_POINT('',#1370);
#397=VERTEX_POINT('',#1372);
#398=VERTEX_POINT('',#1374);
#399=VERTEX_POINT('',#1376);
#400=VERTEX_POINT('',#1378);
#401=VERTEX_POINT('',#1380);
#402=VERTEX_POINT('',#1382);
#403=VERTEX_POINT('',#1385);
#404=VERTEX_POINT('',#1388);
#405=VERTEX_POINT('',#1392);
#406=VERTEX_POINT('',#1417);
#407=VERTEX_POINT('',#1418);
#408=VERTEX_POINT('',#1423);
#409=VERTEX_POINT('',#1448);
#410=VERTEX_POINT('',#1452);
#411=VERTEX_POINT('',#1454);
#412=VERTEX_POINT('',#1460);
#413=VERTEX_POINT('',#1464);
#414=VERTEX_POINT('',#1466);
#415=VERTEX_POINT('',#1470);
#416=VERTEX_POINT('',#1474);
#417=VERTEX_POINT('',#1476);
#418=VERTEX_POINT('',#1480);
#419=VERTEX_POINT('',#1482);
#420=VERTEX_POINT('',#1486);
#421=VERTEX_POINT('',#1488);
#422=VERTEX_POINT('',#1491);
#423=VERTEX_POINT('',#1493);
#424=VERTEX_POINT('',#1507);
#425=VERTEX_POINT('',#1522);
#426=VERTEX_POINT('',#1523);
#427=VERTEX_POINT('',#1537);
#428=VERTEX_POINT('',#1538);
#429=VERTEX_POINT('',#1543);
#430=VERTEX_POINT('',#1549);
#431=VERTEX_POINT('',#1550);
#432=VERTEX_POINT('',#1553);
#433=VERTEX_POINT('',#1557);
#434=VERTEX_POINT('',#1559);
#435=VERTEX_POINT('',#1563);
#436=VERTEX_POINT('',#1565);
#437=VERTEX_POINT('',#1569);
#438=VERTEX_POINT('',#1571);
#439=VERTEX_POINT('',#1575);
#440=VERTEX_POINT('',#1576);
#441=VERTEX_POINT('',#1578);
#442=VERTEX_POINT('',#1580);
#443=VERTEX_POINT('',#1584);
#444=VERTEX_POINT('',#1591);
#445=VERTEX_POINT('',#1593);
#446=VERTEX_POINT('',#1597);
#447=VERTEX_POINT('',#1601);
#448=VERTEX_POINT('',#1605);
#449=VERTEX_POINT('',#1609);
#450=VERTEX_POINT('',#1613);
#451=VERTEX_POINT('',#1617);
#452=VERTEX_POINT('',#1624);
#453=VERTEX_POINT('',#1627);
#454=VERTEX_POINT('',#1672);
#455=VERTEX_POINT('',#1673);
#456=VERTEX_POINT('',#1709);
#457=VERTEX_POINT('',#1710);
#458=VERTEX_POINT('',#1712);
#459=VERTEX_POINT('',#1714);
#460=VERTEX_POINT('',#1861);
#461=VERTEX_POINT('',#1878);
#462=VERTEX_POINT('',#2040);
#463=VERTEX_POINT('',#2041);
#464=VERTEX_POINT('',#2058);
#465=VERTEX_POINT('',#2060);
#466=VERTEX_POINT('',#2085);
#467=VERTEX_POINT('',#2089);
#468=EDGE_CURVE('',#381,#382,#334,.T.);
#469=EDGE_CURVE('',#383,#381,#186,.T.);
#470=EDGE_CURVE('',#384,#383,#335,.T.);
#471=EDGE_CURVE('',#382,#384,#187,.T.);
#472=EDGE_CURVE('',#384,#383,#49,.T.);
#473=EDGE_CURVE('',#381,#382,#50,.T.);
#474=EDGE_CURVE('',#385,#386,#188,.T.);
#475=EDGE_CURVE('',#386,#387,#336,.T.);
#476=EDGE_CURVE('',#387,#388,#189,.T.);
#477=EDGE_CURVE('',#388,#385,#337,.T.);
#478=EDGE_CURVE('',#385,#389,#190,.T.);
#479=EDGE_CURVE('',#389,#390,#191,.F.);
#480=EDGE_CURVE('',#390,#391,#192,.F.);
#481=EDGE_CURVE('',#391,#392,#193,.F.);
#482=EDGE_CURVE('',#393,#392,#194,.T.);
#483=EDGE_CURVE('',#394,#393,#338,.T.);
#484=EDGE_CURVE('',#395,#394,#195,.T.);
#485=EDGE_CURVE('',#395,#396,#196,.F.);
#486=EDGE_CURVE('',#396,#397,#197,.F.);
#487=EDGE_CURVE('',#397,#398,#198,.F.);
#488=EDGE_CURVE('',#398,#399,#199,.T.);
#489=EDGE_CURVE('',#400,#399,#200,.T.);
#490=EDGE_CURVE('',#400,#401,#201,.T.);
#491=EDGE_CURVE('',#401,#402,#339,.T.);
#492=EDGE_CURVE('',#386,#402,#202,.T.);
#493=EDGE_CURVE('',#403,#403,#340,.T.);
#494=EDGE_CURVE('',#404,#388,#203,.T.);
#495=EDGE_CURVE('',#389,#404,#341,.T.);
#496=EDGE_CURVE('',#402,#405,#16,.T.);
#497=EDGE_CURVE('',#405,#387,#204,.T.);
#498=EDGE_CURVE('',#406,#407,#205,.T.);
#499=EDGE_CURVE('',#407,#400,#342,.T.);
#500=EDGE_CURVE('',#399,#406,#343,.T.);
#501=EDGE_CURVE('',#407,#408,#206,.T.);
#502=EDGE_CURVE('',#408,#401,#17,.T.);
#503=EDGE_CURVE('',#409,#398,#344,.T.);
#504=EDGE_CURVE('',#406,#409,#207,.T.);
#505=EDGE_CURVE('',#410,#396,#345,.F.);
#506=EDGE_CURVE('',#411,#410,#208,.F.);
#507=EDGE_CURVE('',#397,#411,#346,.F.);
#508=EDGE_CURVE('',#409,#411,#209,.F.);
#509=EDGE_CURVE('',#412,#395,#347,.T.);
#510=EDGE_CURVE('',#410,#412,#210,.F.);
#511=EDGE_CURVE('',#413,#413,#348,.T.);
#512=EDGE_CURVE('',#413,#414,#211,.T.);
#513=EDGE_CURVE('',#414,#414,#349,.T.);
#514=EDGE_CURVE('',#403,#415,#212,.T.);
#515=EDGE_CURVE('',#415,#415,#350,.T.);
#516=EDGE_CURVE('',#416,#416,#351,.T.);
#517=EDGE_CURVE('',#416,#417,#213,.T.);
#518=EDGE_CURVE('',#417,#417,#352,.T.);
#519=EDGE_CURVE('',#418,#418,#353,.T.);
#520=EDGE_CURVE('',#418,#419,#214,.T.);
#521=EDGE_CURVE('',#419,#419,#354,.T.);
#522=EDGE_CURVE('',#420,#420,#355,.T.);
#523=EDGE_CURVE('',#421,#421,#356,.T.);
#524=EDGE_CURVE('',#420,#422,#215,.T.);
#525=EDGE_CURVE('',#423,#422,#18,.T.);
#526=EDGE_CURVE('',#405,#423,#357,.T.);
#527=EDGE_CURVE('',#424,#408,#358,.T.);
#528=EDGE_CURVE('',#422,#424,#19,.T.);
#529=EDGE_CURVE('',#425,#426,#20,.T.);
#530=EDGE_CURVE('',#425,#423,#216,.T.);
#531=EDGE_CURVE('',#424,#426,#217,.T.);
#532=EDGE_CURVE('',#427,#428,#218,.F.);
#533=EDGE_CURVE('',#392,#427,#359,.T.);
#534=EDGE_CURVE('',#391,#428,#360,.F.);
#535=EDGE_CURVE('',#429,#404,#219,.F.);
#536=EDGE_CURVE('',#429,#390,#361,.F.);
#537=EDGE_CURVE('',#428,#429,#220,.F.);
#538=EDGE_CURVE('',#430,#431,#221,.T.);
#539=EDGE_CURVE('',#393,#430,#222,.T.);
#540=EDGE_CURVE('',#427,#432,#223,.T.);
#541=EDGE_CURVE('',#431,#432,#224,.T.);
#542=EDGE_CURVE('',#431,#433,#362,.T.);
#543=EDGE_CURVE('',#432,#434,#363,.T.);
#544=EDGE_CURVE('',#434,#433,#225,.T.);
#545=EDGE_CURVE('',#433,#435,#226,.T.);
#546=EDGE_CURVE('',#434,#436,#227,.T.);
#547=EDGE_CURVE('',#435,#436,#228,.T.);
#548=EDGE_CURVE('',#435,#437,#364,.T.);
#549=EDGE_CURVE('',#436,#438,#365,.T.);
#550=EDGE_CURVE('',#438,#437,#229,.T.);
#551=EDGE_CURVE('',#439,#440,#366,.T.);
#552=EDGE_CURVE('',#439,#441,#230,.T.);
#553=EDGE_CURVE('',#441,#442,#367,.T.);
#554=EDGE_CURVE('',#442,#440,#231,.T.);
#555=EDGE_CURVE('',#440,#443,#232,.T.);
#556=EDGE_CURVE('',#442,#412,#233,.T.);
#557=EDGE_CURVE('',#443,#394,#234,.T.);
#558=EDGE_CURVE('',#443,#430,#368,.T.);
#559=EDGE_CURVE('',#444,#431,#235,.T.);
#560=EDGE_CURVE('',#444,#445,#236,.T.);
#561=EDGE_CURVE('',#430,#445,#237,.T.);
#562=EDGE_CURVE('',#443,#446,#238,.T.);
#563=EDGE_CURVE('',#445,#446,#369,.T.);
#564=EDGE_CURVE('',#447,#433,#239,.T.);
#565=EDGE_CURVE('',#447,#444,#370,.T.);
#566=EDGE_CURVE('',#446,#448,#240,.T.);
#567=EDGE_CURVE('',#440,#448,#241,.T.);
#568=EDGE_CURVE('',#449,#435,#242,.T.);
#569=EDGE_CURVE('',#449,#447,#243,.T.);
#570=EDGE_CURVE('',#448,#450,#371,.T.);
#571=EDGE_CURVE('',#439,#450,#244,.T.);
#572=EDGE_CURVE('',#451,#437,#245,.T.);
#573=EDGE_CURVE('',#451,#449,#372,.T.);
#574=EDGE_CURVE('',#450,#451,#246,.T.);
#575=EDGE_CURVE('',#437,#439,#247,.T.);
#576=EDGE_CURVE('',#452,#452,#373,.T.);
#577=EDGE_CURVE('',#453,#453,#374,.T.);
#578=EDGE_CURVE('',#453,#421,#248,.T.);
#579=EDGE_CURVE('',#452,#453,#249,.T.);
#580=EDGE_CURVE('',#454,#455,#21,.T.);
#581=EDGE_CURVE('',#455,#425,#22,.T.);
#582=EDGE_CURVE('',#426,#454,#23,.T.);
#583=EDGE_CURVE('',#456,#457,#375,.T.);
#584=EDGE_CURVE('',#458,#457,#250,.T.);
#585=EDGE_CURVE('',#459,#458,#376,.T.);
#586=EDGE_CURVE('',#456,#459,#251,.T.);
#587=EDGE_CURVE('',#460,#458,#24,.T.);
#588=EDGE_CURVE('',#461,#460,#377,.T.);
#589=EDGE_CURVE('',#459,#461,#25,.T.);
#590=EDGE_CURVE('',#462,#463,#26,.T.);
#591=EDGE_CURVE('',#464,#462,#378,.T.);
#592=EDGE_CURVE('',#465,#464,#27,.T.);
#593=EDGE_CURVE('',#465,#463,#379,.T.);
#594=EDGE_CURVE('',#464,#454,#252,.T.);
#595=EDGE_CURVE('',#455,#462,#253,.T.);
#596=EDGE_CURVE('',#461,#465,#254,.T.);
#597=EDGE_CURVE('',#463,#460,#255,.T.);
#598=EDGE_CURVE('',#466,#441,#256,.T.);
#599=EDGE_CURVE('',#466,#456,#257,.T.);
#600=EDGE_CURVE('',#457,#467,#258,.T.);
#601=EDGE_CURVE('',#438,#467,#259,.T.);
#602=EDGE_CURVE('',#467,#466,#380,.T.);
#603=ORIENTED_EDGE('',*,*,#468,.F.);
#604=ORIENTED_EDGE('',*,*,#469,.F.);
#605=ORIENTED_EDGE('',*,*,#470,.F.);
#606=ORIENTED_EDGE('',*,*,#471,.F.);
#607=ORIENTED_EDGE('',*,*,#470,.T.);
#608=ORIENTED_EDGE('',*,*,#472,.F.);
#609=ORIENTED_EDGE('',*,*,#468,.T.);
#610=ORIENTED_EDGE('',*,*,#473,.F.);
#611=ORIENTED_EDGE('',*,*,#471,.T.);
#612=ORIENTED_EDGE('',*,*,#472,.T.);
#613=ORIENTED_EDGE('',*,*,#469,.T.);
#614=ORIENTED_EDGE('',*,*,#473,.T.);
#615=ORIENTED_EDGE('',*,*,#474,.T.);
#616=ORIENTED_EDGE('',*,*,#475,.T.);
#617=ORIENTED_EDGE('',*,*,#476,.T.);
#618=ORIENTED_EDGE('',*,*,#477,.T.);
#619=ORIENTED_EDGE('',*,*,#474,.F.);
#620=ORIENTED_EDGE('',*,*,#478,.T.);
#621=ORIENTED_EDGE('',*,*,#479,.T.);
#622=ORIENTED_EDGE('',*,*,#480,.T.);
#623=ORIENTED_EDGE('',*,*,#481,.T.);
#624=ORIENTED_EDGE('',*,*,#482,.F.);
#625=ORIENTED_EDGE('',*,*,#483,.F.);
#626=ORIENTED_EDGE('',*,*,#484,.F.);
#627=ORIENTED_EDGE('',*,*,#485,.T.);
#628=ORIENTED_EDGE('',*,*,#486,.T.);
#629=ORIENTED_EDGE('',*,*,#487,.T.);
#630=ORIENTED_EDGE('',*,*,#488,.T.);
#631=ORIENTED_EDGE('',*,*,#489,.F.);
#632=ORIENTED_EDGE('',*,*,#490,.T.);
#633=ORIENTED_EDGE('',*,*,#491,.T.);
#634=ORIENTED_EDGE('',*,*,#492,.F.);
#635=ORIENTED_EDGE('',*,*,#493,.F.);
#636=ORIENTED_EDGE('',*,*,#477,.F.);
#637=ORIENTED_EDGE('',*,*,#494,.F.);
#638=ORIENTED_EDGE('',*,*,#495,.F.);
#639=ORIENTED_EDGE('',*,*,#478,.F.);
#640=ORIENTED_EDGE('',*,*,#475,.F.);
#641=ORIENTED_EDGE('',*,*,#492,.T.);
#642=ORIENTED_EDGE('',*,*,#496,.T.);
#643=ORIENTED_EDGE('',*,*,#497,.T.);
#644=ORIENTED_EDGE('',*,*,#498,.T.);
#645=ORIENTED_EDGE('',*,*,#499,.T.);
#646=ORIENTED_EDGE('',*,*,#489,.T.);
#647=ORIENTED_EDGE('',*,*,#500,.T.);
#648=ORIENTED_EDGE('',*,*,#499,.F.);
#649=ORIENTED_EDGE('',*,*,#501,.T.);
#650=ORIENTED_EDGE('',*,*,#502,.T.);
#651=ORIENTED_EDGE('',*,*,#490,.F.);
#652=ORIENTED_EDGE('',*,*,#500,.F.);
#653=ORIENTED_EDGE('',*,*,#488,.F.);
#654=ORIENTED_EDGE('',*,*,#503,.F.);
#655=ORIENTED_EDGE('',*,*,#504,.F.);
#656=ORIENTED_EDGE('',*,*,#486,.F.);
#657=ORIENTED_EDGE('',*,*,#505,.F.);
#658=ORIENTED_EDGE('',*,*,#506,.F.);
#659=ORIENTED_EDGE('',*,*,#507,.F.);
#660=ORIENTED_EDGE('',*,*,#487,.F.);
#661=ORIENTED_EDGE('',*,*,#507,.T.);
#662=ORIENTED_EDGE('',*,*,#508,.F.);
#663=ORIENTED_EDGE('',*,*,#503,.T.);
#664=ORIENTED_EDGE('',*,*,#485,.F.);
#665=ORIENTED_EDGE('',*,*,#509,.F.);
#666=ORIENTED_EDGE('',*,*,#510,.F.);
#667=ORIENTED_EDGE('',*,*,#505,.T.);
#668=ORIENTED_EDGE('',*,*,#511,.T.);
#669=ORIENTED_EDGE('',*,*,#512,.T.);
#670=ORIENTED_EDGE('',*,*,#513,.F.);
#671=ORIENTED_EDGE('',*,*,#512,.F.);
#672=ORIENTED_EDGE('',*,*,#493,.T.);
#673=ORIENTED_EDGE('',*,*,#514,.T.);
#674=ORIENTED_EDGE('',*,*,#515,.F.);
#675=ORIENTED_EDGE('',*,*,#514,.F.);
#676=ORIENTED_EDGE('',*,*,#516,.T.);
#677=ORIENTED_EDGE('',*,*,#517,.T.);
#678=ORIENTED_EDGE('',*,*,#518,.F.);
#679=ORIENTED_EDGE('',*,*,#517,.F.);
#680=ORIENTED_EDGE('',*,*,#519,.T.);
#681=ORIENTED_EDGE('',*,*,#520,.T.);
#682=ORIENTED_EDGE('',*,*,#521,.F.);
#683=ORIENTED_EDGE('',*,*,#520,.F.);
#684=ORIENTED_EDGE('',*,*,#522,.F.);
#685=ORIENTED_EDGE('',*,*,#523,.T.);
#686=ORIENTED_EDGE('',*,*,#522,.T.);
#687=ORIENTED_EDGE('',*,*,#524,.T.);
#688=ORIENTED_EDGE('',*,*,#525,.F.);
#689=ORIENTED_EDGE('',*,*,#526,.F.);
#690=ORIENTED_EDGE('',*,*,#496,.F.);
#691=ORIENTED_EDGE('',*,*,#491,.F.);
#692=ORIENTED_EDGE('',*,*,#502,.F.);
#693=ORIENTED_EDGE('',*,*,#527,.F.);
#694=ORIENTED_EDGE('',*,*,#528,.F.);
#695=ORIENTED_EDGE('',*,*,#524,.F.);
#696=ORIENTED_EDGE('',*,*,#529,.F.);
#697=ORIENTED_EDGE('',*,*,#530,.T.);
#698=ORIENTED_EDGE('',*,*,#525,.T.);
#699=ORIENTED_EDGE('',*,*,#528,.T.);
#700=ORIENTED_EDGE('',*,*,#531,.T.);
#701=ORIENTED_EDGE('',*,*,#532,.F.);
#702=ORIENTED_EDGE('',*,*,#533,.F.);
#703=ORIENTED_EDGE('',*,*,#481,.F.);
#704=ORIENTED_EDGE('',*,*,#534,.T.);
#705=ORIENTED_EDGE('',*,*,#535,.F.);
#706=ORIENTED_EDGE('',*,*,#536,.T.);
#707=ORIENTED_EDGE('',*,*,#479,.F.);
#708=ORIENTED_EDGE('',*,*,#495,.T.);
#709=ORIENTED_EDGE('',*,*,#537,.F.);
#710=ORIENTED_EDGE('',*,*,#534,.F.);
#711=ORIENTED_EDGE('',*,*,#480,.F.);
#712=ORIENTED_EDGE('',*,*,#536,.F.);
#713=ORIENTED_EDGE('',*,*,#538,.F.);
#714=ORIENTED_EDGE('',*,*,#539,.F.);
#715=ORIENTED_EDGE('',*,*,#482,.T.);
#716=ORIENTED_EDGE('',*,*,#533,.T.);
#717=ORIENTED_EDGE('',*,*,#540,.T.);
#718=ORIENTED_EDGE('',*,*,#541,.F.);
#719=ORIENTED_EDGE('',*,*,#542,.F.);
#720=ORIENTED_EDGE('',*,*,#541,.T.);
#721=ORIENTED_EDGE('',*,*,#543,.T.);
#722=ORIENTED_EDGE('',*,*,#544,.T.);
#723=ORIENTED_EDGE('',*,*,#545,.F.);
#724=ORIENTED_EDGE('',*,*,#544,.F.);
#725=ORIENTED_EDGE('',*,*,#546,.T.);
#726=ORIENTED_EDGE('',*,*,#547,.F.);
#727=ORIENTED_EDGE('',*,*,#548,.F.);
#728=ORIENTED_EDGE('',*,*,#547,.T.);
#729=ORIENTED_EDGE('',*,*,#549,.T.);
#730=ORIENTED_EDGE('',*,*,#550,.T.);
#731=ORIENTED_EDGE('',*,*,#551,.F.);
#732=ORIENTED_EDGE('',*,*,#552,.T.);
#733=ORIENTED_EDGE('',*,*,#553,.T.);
#734=ORIENTED_EDGE('',*,*,#554,.T.);
#735=ORIENTED_EDGE('',*,*,#555,.F.);
#736=ORIENTED_EDGE('',*,*,#554,.F.);
#737=ORIENTED_EDGE('',*,*,#556,.T.);
#738=ORIENTED_EDGE('',*,*,#509,.T.);
#739=ORIENTED_EDGE('',*,*,#484,.T.);
#740=ORIENTED_EDGE('',*,*,#557,.F.);
#741=ORIENTED_EDGE('',*,*,#558,.F.);
#742=ORIENTED_EDGE('',*,*,#557,.T.);
#743=ORIENTED_EDGE('',*,*,#483,.T.);
#744=ORIENTED_EDGE('',*,*,#539,.T.);
#745=ORIENTED_EDGE('',*,*,#559,.F.);
#746=ORIENTED_EDGE('',*,*,#560,.T.);
#747=ORIENTED_EDGE('',*,*,#561,.F.);
#748=ORIENTED_EDGE('',*,*,#538,.T.);
#749=ORIENTED_EDGE('',*,*,#562,.F.);
#750=ORIENTED_EDGE('',*,*,#558,.T.);
#751=ORIENTED_EDGE('',*,*,#561,.T.);
#752=ORIENTED_EDGE('',*,*,#563,.T.);
#753=ORIENTED_EDGE('',*,*,#564,.F.);
#754=ORIENTED_EDGE('',*,*,#565,.T.);
#755=ORIENTED_EDGE('',*,*,#559,.T.);
#756=ORIENTED_EDGE('',*,*,#542,.T.);
#757=ORIENTED_EDGE('',*,*,#562,.T.);
#758=ORIENTED_EDGE('',*,*,#566,.T.);
#759=ORIENTED_EDGE('',*,*,#567,.F.);
#760=ORIENTED_EDGE('',*,*,#555,.T.);
#761=ORIENTED_EDGE('',*,*,#568,.F.);
#762=ORIENTED_EDGE('',*,*,#569,.T.);
#763=ORIENTED_EDGE('',*,*,#564,.T.);
#764=ORIENTED_EDGE('',*,*,#545,.T.);
#765=ORIENTED_EDGE('',*,*,#567,.T.);
#766=ORIENTED_EDGE('',*,*,#570,.T.);
#767=ORIENTED_EDGE('',*,*,#571,.F.);
#768=ORIENTED_EDGE('',*,*,#551,.T.);
#769=ORIENTED_EDGE('',*,*,#572,.F.);
#770=ORIENTED_EDGE('',*,*,#573,.T.);
#771=ORIENTED_EDGE('',*,*,#568,.T.);
#772=ORIENTED_EDGE('',*,*,#548,.T.);
#773=ORIENTED_EDGE('',*,*,#571,.T.);
#774=ORIENTED_EDGE('',*,*,#574,.T.);
#775=ORIENTED_EDGE('',*,*,#572,.T.);
#776=ORIENTED_EDGE('',*,*,#575,.T.);
#777=ORIENTED_EDGE('',*,*,#574,.F.);
#778=ORIENTED_EDGE('',*,*,#570,.F.);
#779=ORIENTED_EDGE('',*,*,#566,.F.);
#780=ORIENTED_EDGE('',*,*,#563,.F.);
#781=ORIENTED_EDGE('',*,*,#560,.F.);
#782=ORIENTED_EDGE('',*,*,#565,.F.);
#783=ORIENTED_EDGE('',*,*,#569,.F.);
#784=ORIENTED_EDGE('',*,*,#573,.F.);
#785=ORIENTED_EDGE('',*,*,#513,.T.);
#786=ORIENTED_EDGE('',*,*,#521,.T.);
#787=ORIENTED_EDGE('',*,*,#515,.T.);
#788=ORIENTED_EDGE('',*,*,#518,.T.);
#789=ORIENTED_EDGE('',*,*,#576,.F.);
#790=ORIENTED_EDGE('',*,*,#577,.F.);
#791=ORIENTED_EDGE('',*,*,#578,.T.);
#792=ORIENTED_EDGE('',*,*,#523,.F.);
#793=ORIENTED_EDGE('',*,*,#578,.F.);
#794=ORIENTED_EDGE('',*,*,#576,.T.);
#795=ORIENTED_EDGE('',*,*,#579,.T.);
#796=ORIENTED_EDGE('',*,*,#577,.T.);
#797=ORIENTED_EDGE('',*,*,#579,.F.);
#798=ORIENTED_EDGE('',*,*,#580,.T.);
#799=ORIENTED_EDGE('',*,*,#581,.T.);
#800=ORIENTED_EDGE('',*,*,#529,.T.);
#801=ORIENTED_EDGE('',*,*,#582,.T.);
#802=ORIENTED_EDGE('',*,*,#583,.T.);
#803=ORIENTED_EDGE('',*,*,#584,.F.);
#804=ORIENTED_EDGE('',*,*,#585,.F.);
#805=ORIENTED_EDGE('',*,*,#586,.F.);
#806=ORIENTED_EDGE('',*,*,#587,.F.);
#807=ORIENTED_EDGE('',*,*,#588,.F.);
#808=ORIENTED_EDGE('',*,*,#589,.F.);
#809=ORIENTED_EDGE('',*,*,#585,.T.);
#810=ORIENTED_EDGE('',*,*,#590,.F.);
#811=ORIENTED_EDGE('',*,*,#591,.F.);
#812=ORIENTED_EDGE('',*,*,#592,.F.);
#813=ORIENTED_EDGE('',*,*,#593,.T.);
#814=ORIENTED_EDGE('',*,*,#594,.F.);
#815=ORIENTED_EDGE('',*,*,#591,.T.);
#816=ORIENTED_EDGE('',*,*,#595,.F.);
#817=ORIENTED_EDGE('',*,*,#580,.F.);
#818=ORIENTED_EDGE('',*,*,#596,.F.);
#819=ORIENTED_EDGE('',*,*,#588,.T.);
#820=ORIENTED_EDGE('',*,*,#597,.F.);
#821=ORIENTED_EDGE('',*,*,#593,.F.);
#822=ORIENTED_EDGE('',*,*,#498,.F.);
#823=ORIENTED_EDGE('',*,*,#504,.T.);
#824=ORIENTED_EDGE('',*,*,#508,.T.);
#825=ORIENTED_EDGE('',*,*,#506,.T.);
#826=ORIENTED_EDGE('',*,*,#510,.T.);
#827=ORIENTED_EDGE('',*,*,#556,.F.);
#828=ORIENTED_EDGE('',*,*,#553,.F.);
#829=ORIENTED_EDGE('',*,*,#598,.F.);
#830=ORIENTED_EDGE('',*,*,#599,.T.);
#831=ORIENTED_EDGE('',*,*,#586,.T.);
#832=ORIENTED_EDGE('',*,*,#589,.T.);
#833=ORIENTED_EDGE('',*,*,#596,.T.);
#834=ORIENTED_EDGE('',*,*,#592,.T.);
#835=ORIENTED_EDGE('',*,*,#594,.T.);
#836=ORIENTED_EDGE('',*,*,#582,.F.);
#837=ORIENTED_EDGE('',*,*,#531,.F.);
#838=ORIENTED_EDGE('',*,*,#527,.T.);
#839=ORIENTED_EDGE('',*,*,#501,.F.);
#840=ORIENTED_EDGE('',*,*,#516,.F.);
#841=ORIENTED_EDGE('',*,*,#476,.F.);
#842=ORIENTED_EDGE('',*,*,#497,.F.);
#843=ORIENTED_EDGE('',*,*,#526,.T.);
#844=ORIENTED_EDGE('',*,*,#530,.F.);
#845=ORIENTED_EDGE('',*,*,#581,.F.);
#846=ORIENTED_EDGE('',*,*,#595,.T.);
#847=ORIENTED_EDGE('',*,*,#590,.T.);
#848=ORIENTED_EDGE('',*,*,#597,.T.);
#849=ORIENTED_EDGE('',*,*,#587,.T.);
#850=ORIENTED_EDGE('',*,*,#584,.T.);
#851=ORIENTED_EDGE('',*,*,#600,.T.);
#852=ORIENTED_EDGE('',*,*,#601,.F.);
#853=ORIENTED_EDGE('',*,*,#549,.F.);
#854=ORIENTED_EDGE('',*,*,#546,.F.);
#855=ORIENTED_EDGE('',*,*,#543,.F.);
#856=ORIENTED_EDGE('',*,*,#540,.F.);
#857=ORIENTED_EDGE('',*,*,#532,.T.);
#858=ORIENTED_EDGE('',*,*,#537,.T.);
#859=ORIENTED_EDGE('',*,*,#535,.T.);
#860=ORIENTED_EDGE('',*,*,#494,.T.);
#861=ORIENTED_EDGE('',*,*,#511,.F.);
#862=ORIENTED_EDGE('',*,*,#519,.F.);
#863=ORIENTED_EDGE('',*,*,#602,.T.);
#864=ORIENTED_EDGE('',*,*,#598,.T.);
#865=ORIENTED_EDGE('',*,*,#552,.F.);
#866=ORIENTED_EDGE('',*,*,#575,.F.);
#867=ORIENTED_EDGE('',*,*,#550,.F.);
#868=ORIENTED_EDGE('',*,*,#601,.T.);
#869=ORIENTED_EDGE('',*,*,#600,.F.);
#870=ORIENTED_EDGE('',*,*,#583,.F.);
#871=ORIENTED_EDGE('',*,*,#599,.F.);
#872=ORIENTED_EDGE('',*,*,#602,.F.);
#873=PLANE('',#961);
#874=PLANE('',#968);
#875=PLANE('',#972);
#876=PLANE('',#976);
#877=PLANE('',#983);
#878=PLANE('',#985);
#879=PLANE('',#1002);
#880=PLANE('',#1014);
#881=PLANE('',#1015);
#882=PLANE('',#1019);
#883=PLANE('',#1026);
#884=PLANE('',#1029);
#885=PLANE('',#1034);
#886=PLANE('',#1035);
#887=PLANE('',#1040);
#888=PLANE('',#1041);
#889=PLANE('',#1046);
#890=PLANE('',#1052);
#891=PLANE('',#1054);
#892=PLANE('',#1055);
#893=PLANE('',#1056);
#894=ADVANCED_FACE('',(#72),#873,.F.);
#895=ADVANCED_FACE('',(#73),#51,.T.);
#896=ADVANCED_FACE('',(#74),#52,.F.);
#897=ADVANCED_FACE('',(#75),#874,.T.);
#898=ADVANCED_FACE('',(#76),#38,.F.);
#899=ADVANCED_FACE('',(#77,#28),#875,.F.);
#900=ADVANCED_FACE('',(#78),#876,.T.);
#901=ADVANCED_FACE('',(#79),#53,.F.);
#902=ADVANCED_FACE('',(#80),#39,.F.);
#903=ADVANCED_FACE('',(#81),#54,.F.);
#904=ADVANCED_FACE('',(#82),#877,.T.);
#905=ADVANCED_FACE('',(#83),#878,.F.);
#906=ADVANCED_FACE('',(#84),#55,.F.);
#907=ADVANCED_FACE('',(#85),#56,.F.);
#908=ADVANCED_FACE('',(#86),#57,.F.);
#909=ADVANCED_FACE('',(#87),#58,.F.);
#910=ADVANCED_FACE('',(#88),#59,.F.);
#911=ADVANCED_FACE('',(#89),#60,.F.);
#912=ADVANCED_FACE('',(#90,#29),#879,.T.);
#913=ADVANCED_FACE('',(#91),#61,.F.);
#914=ADVANCED_FACE('',(#92),#62,.F.);
#915=ADVANCED_FACE('',(#93),#63,.F.);
#916=ADVANCED_FACE('',(#94),#64,.F.);
#917=ADVANCED_FACE('',(#95),#880,.F.);
#918=ADVANCED_FACE('',(#96),#881,.T.);
#919=ADVANCED_FACE('',(#97),#65,.T.);
#920=ADVANCED_FACE('',(#98),#882,.T.);
#921=ADVANCED_FACE('',(#99),#66,.T.);
#922=ADVANCED_FACE('',(#100),#67,.T.);
#923=ADVANCED_FACE('',(#101),#883,.T.);
#924=ADVANCED_FACE('',(#102),#68,.T.);
#925=ADVANCED_FACE('',(#103),#884,.T.);
#926=ADVANCED_FACE('',(#104),#40,.T.);
#927=ADVANCED_FACE('',(#105),#41,.T.);
#928=ADVANCED_FACE('',(#106),#885,.T.);
#929=ADVANCED_FACE('',(#107),#886,.T.);
#930=ADVANCED_FACE('',(#108),#42,.T.);
#931=ADVANCED_FACE('',(#109),#43,.T.);
#932=ADVANCED_FACE('',(#110),#887,.T.);
#933=ADVANCED_FACE('',(#111,#30,#31,#32,#33,#34),#888,.T.);
#934=ADVANCED_FACE('',(#112),#69,.F.);
#935=ADVANCED_FACE('',(#113),#44,.F.);
#936=ADVANCED_FACE('',(#114),#15,.T.);
#937=ADVANCED_FACE('',(#115),#889,.F.);
#938=ADVANCED_FACE('',(#116),#13,.F.);
#939=ADVANCED_FACE('',(#117),#14,.F.);
#940=ADVANCED_FACE('',(#118),#890,.F.);
#941=ADVANCED_FACE('',(#119),#70,.F.);
#942=ADVANCED_FACE('',(#120,#35),#891,.F.);
#943=ADVANCED_FACE('',(#121,#36,#37),#892,.F.);
#944=ADVANCED_FACE('',(#122),#893,.T.);
#945=ADVANCED_FACE('',(#123),#71,.F.);
#946=CLOSED_SHELL('',(#894,#895,#896,#897));
#947=CLOSED_SHELL('',(#898,#899,#900,#901,#902,#903,#904,#905,#906,#907,
#908,#909,#910,#911,#912,#913,#914,#915,#916,#917,#918,#919,#920,#921,#922,
#923,#924,#925,#926,#927,#928,#929,#930,#931,#932,#933,#934,#935,#936,#937,
#938,#939,#940,#941,#942,#943,#944,#945));
#948=DERIVED_UNIT_ELEMENT(#950,1.);
#949=DERIVED_UNIT_ELEMENT(#2100,-3.);
#950=(
MASS_UNIT()
NAMED_UNIT(*)
SI_UNIT(.KILO.,.GRAM.)
);
#951=DERIVED_UNIT((#948,#949));
#952=MEASURE_REPRESENTATION_ITEM('density measure',
POSITIVE_RATIO_MEASURE(7850.),#951);
#953=PROPERTY_DEFINITION_REPRESENTATION(#958,#955);
#954=PROPERTY_DEFINITION_REPRESENTATION(#959,#956);
#955=REPRESENTATION('material name',(#957),#2097);
#956=REPRESENTATION('density',(#952),#2097);
#957=DESCRIPTIVE_REPRESENTATION_ITEM('Steel','Steel');
#958=PROPERTY_DEFINITION('material property','material name',#2107);
#959=PROPERTY_DEFINITION('material property','density of part',#2107);
#960=AXIS2_PLACEMENT_3D('',#1331,#1059,#1060);
#961=AXIS2_PLACEMENT_3D('',#1332,#1061,#1062);
#962=AXIS2_PLACEMENT_3D('',#1335,#1063,#1064);
#963=AXIS2_PLACEMENT_3D('',#1339,#1066,#1067);
#964=AXIS2_PLACEMENT_3D('',#1341,#1069,#1070);
#965=AXIS2_PLACEMENT_3D('',#1342,#1071,#1072);
#966=AXIS2_PLACEMENT_3D('',#1343,#1073,#1074);
#967=AXIS2_PLACEMENT_3D('',#1344,#1075,#1076);
#968=AXIS2_PLACEMENT_3D('',#1345,#1077,#1078);
#969=AXIS2_PLACEMENT_3D('',#1346,#1079,#1080);
#970=AXIS2_PLACEMENT_3D('',#1351,#1082,#1083);
#971=AXIS2_PLACEMENT_3D('',#1354,#1085,#1086);
#972=AXIS2_PLACEMENT_3D('',#1355,#1087,#1088);
#973=AXIS2_PLACEMENT_3D('',#1367,#1094,#1095);
#974=AXIS2_PLACEMENT_3D('',#1383,#1103,#1104);
#975=AXIS2_PLACEMENT_3D('',#1386,#1106,#1107);
#976=AXIS2_PLACEMENT_3D('',#1387,#1108,#1109);
#977=AXIS2_PLACEMENT_3D('',#1390,#1111,#1112);
#978=AXIS2_PLACEMENT_3D('',#1391,#1113,#1114);
#979=AXIS2_PLACEMENT_3D('',#1416,#1116,#1117);
#980=AXIS2_PLACEMENT_3D('',#1420,#1119,#1120);
#981=AXIS2_PLACEMENT_3D('',#1421,#1121,#1122);
#982=AXIS2_PLACEMENT_3D('',#1422,#1123,#1124);
#983=AXIS2_PLACEMENT_3D('',#1447,#1126,#1127);
#984=AXIS2_PLACEMENT_3D('',#1449,#1128,#1129);
#985=AXIS2_PLACEMENT_3D('',#1451,#1131,#1132);
#986=AXIS2_PLACEMENT_3D('',#1453,#1133,#1134);
#987=AXIS2_PLACEMENT_3D('',#1456,#1136,#1137);
#988=AXIS2_PLACEMENT_3D('',#1457,#1138,#1139);
#989=AXIS2_PLACEMENT_3D('',#1459,#1141,#1142);
#990=AXIS2_PLACEMENT_3D('',#1461,#1143,#1144);
#991=AXIS2_PLACEMENT_3D('',#1463,#1146,#1147);
#992=AXIS2_PLACEMENT_3D('',#1465,#1148,#1149);
#993=AXIS2_PLACEMENT_3D('',#1468,#1151,#1152);
#994=AXIS2_PLACEMENT_3D('',#1469,#1153,#1154);
#995=AXIS2_PLACEMENT_3D('',#1472,#1156,#1157);
#996=AXIS2_PLACEMENT_3D('',#1473,#1158,#1159);
#997=AXIS2_PLACEMENT_3D('',#1475,#1160,#1161);
#998=AXIS2_PLACEMENT_3D('',#1478,#1163,#1164);
#999=AXIS2_PLACEMENT_3D('',#1479,#1165,#1166);
#1000=AXIS2_PLACEMENT_3D('',#1481,#1167,#1168);
#1001=AXIS2_PLACEMENT_3D('',#1484,#1170,#1171);
#1002=AXIS2_PLACEMENT_3D('',#1485,#1172,#1173);
#1003=AXIS2_PLACEMENT_3D('',#1487,#1174,#1175);
#1004=AXIS2_PLACEMENT_3D('',#1489,#1176,#1177);
#1005=AXIS2_PLACEMENT_3D('',#1490,#1178,#1179);
#1006=AXIS2_PLACEMENT_3D('',#1506,#1181,#1182);
#1007=AXIS2_PLACEMENT_3D('',#1508,#1183,#1184);
#1008=AXIS2_PLACEMENT_3D('',#1521,#1185,#1186);
#1009=AXIS2_PLACEMENT_3D('',#1536,#1189,#1190);
#1010=AXIS2_PLACEMENT_3D('',#1540,#1192,#1193);
#1011=AXIS2_PLACEMENT_3D('',#1541,#1194,#1195);
#1012=AXIS2_PLACEMENT_3D('',#1542,#1196,#1197);
#1013=AXIS2_PLACEMENT_3D('',#1545,#1199,#1200);
#1014=AXIS2_PLACEMENT_3D('',#1546,#1201,#1202);
#1015=AXIS2_PLACEMENT_3D('',#1548,#1204,#1205);
#1016=AXIS2_PLACEMENT_3D('',#1556,#1210,#1211);
#1017=AXIS2_PLACEMENT_3D('',#1558,#1212,#1213);
#1018=AXIS2_PLACEMENT_3D('',#1560,#1214,#1215);
#1019=AXIS2_PLACEMENT_3D('',#1562,#1217,#1218);
#1020=AXIS2_PLACEMENT_3D('',#1568,#1222,#1223);
#1021=AXIS2_PLACEMENT_3D('',#1570,#1224,#1225);
#1022=AXIS2_PLACEMENT_3D('',#1572,#1226,#1227);
#1023=AXIS2_PLACEMENT_3D('',#1574,#1229,#1230);
#1024=AXIS2_PLACEMENT_3D('',#1577,#1231,#1232);
#1025=AXIS2_PLACEMENT_3D('',#1581,#1234,#1235);
#1026=AXIS2_PLACEMENT_3D('',#1583,#1237,#1238);
#1027=AXIS2_PLACEMENT_3D('',#1588,#1242,#1243);
#1028=AXIS2_PLACEMENT_3D('',#1589,#1244,#1245);
#1029=AXIS2_PLACEMENT_3D('',#1590,#1246,#1247);
#1030=AXIS2_PLACEMENT_3D('',#1596,#1251,#1252);
#1031=AXIS2_PLACEMENT_3D('',#1599,#1254,#1255);
#1032=AXIS2_PLACEMENT_3D('',#1600,#1256,#1257);
#1033=AXIS2_PLACEMENT_3D('',#1603,#1259,#1260);
#1034=AXIS2_PLACEMENT_3D('',#1604,#1261,#1262);
#1035=AXIS2_PLACEMENT_3D('',#1608,#1265,#1266);
#1036=AXIS2_PLACEMENT_3D('',#1612,#1269,#1270);
#1037=AXIS2_PLACEMENT_3D('',#1614,#1271,#1272);
#1038=AXIS2_PLACEMENT_3D('',#1616,#1274,#1275);
#1039=AXIS2_PLACEMENT_3D('',#1619,#1277,#1278);
#1040=AXIS2_PLACEMENT_3D('',#1620,#1279,#1280);
#1041=AXIS2_PLACEMENT_3D('',#1623,#1283,#1284);
#1042=AXIS2_PLACEMENT_3D('',#1625,#1285,#1286);
#1043=AXIS2_PLACEMENT_3D('',#1626,#1287,#1288);
#1044=AXIS2_PLACEMENT_3D('',#1628,#1289,#1290);
#1045=AXIS2_PLACEMENT_3D('',#1630,#1292,#1293);
#1046=AXIS2_PLACEMENT_3D('',#1708,#1295,#1296);
#1047=AXIS2_PLACEMENT_3D('',#1711,#1297,#1298);
#1048=AXIS2_PLACEMENT_3D('',#1715,#1300,#1301);
#1049=AXIS2_PLACEMENT_3D('',#1879,#1303,#1304);
#1050=AXIS2_PLACEMENT_3D('',#2059,#1305,#1306);
#1051=AXIS2_PLACEMENT_3D('',#2077,#1307,#1308);
#1052=AXIS2_PLACEMENT_3D('',#2078,#1309,#1310);
#1053=AXIS2_PLACEMENT_3D('',#2081,#1313,#1314);
#1054=AXIS2_PLACEMENT_3D('',#2084,#1317,#1318);
#1055=AXIS2_PLACEMENT_3D('',#2088,#1321,#1322);
#1056=AXIS2_PLACEMENT_3D('',#2092,#1325,#1326);
#1057=AXIS2_PLACEMENT_3D('',#2093,#1327,#1328);
#1058=AXIS2_PLACEMENT_3D('',#2094,#1329,#1330);
#1059=DIRECTION('axis',(0.,0.,1.));
#1060=DIRECTION('refdir',(1.,0.,0.));
#1061=DIRECTION('center_axis',(1.,5.55111512312463E-16,5.81784917600496E-30));
#1062=DIRECTION('ref_axis',(5.71924156285234E-30,2.22044604925063E-16,-1.));
#1063=DIRECTION('center_axis',(-1.,-5.55111512312463E-16,-5.81784917600496E-30));
#1064=DIRECTION('ref_axis',(1.13527683815526E-30,-1.,1.73194791841524E-14));
#1065=DIRECTION('',(-1.5432091458385E-29,1.73194791841541E-14,1.));
#1066=DIRECTION('center_axis',(1.,5.55111512312463E-16,5.81784917600496E-30));
#1067=DIRECTION('ref_axis',(-1.71441441128483E-17,2.2204460492513E-16,-1.));
#1068=DIRECTION('',(-1.5432091458385E-29,1.73194791841541E-14,1.));
#1069=DIRECTION('center_axis',(-1.,-5.55111512312463E-16,-5.81784917600496E-30));
#1070=DIRECTION('ref_axis',(-1.71441441128483E-17,2.2204460492513E-16,-1.));
#1071=DIRECTION('center_axis',(0.999961923064171,0.00872653549837393,-1.51139049913854E-16));
#1072=DIRECTION('ref_axis',(0.00872653549837393,-0.999961923064171,-2.22036150146957E-16));
#1073=DIRECTION('center_axis',(1.,1.17096540618743E-30,9.86076131526265E-32));
#1074=DIRECTION('ref_axis',(1.13527683815526E-30,-1.,1.73194791841524E-14));
#1075=DIRECTION('center_axis',(-0.999961923064171,-0.00872653549837392,
1.51139049913854E-16));
#1076=DIRECTION('ref_axis',(0.00872653549837392,-0.999961923064171,1.73188197114549E-14));
#1077=DIRECTION('center_axis',(0.999961923064171,0.00872653549837393,-1.51139049913854E-16));
#1078=DIRECTION('ref_axis',(0.00872653549837393,-0.999961923064171,1.73188197114549E-14));
#1079=DIRECTION('center_axis',(1.,0.,0.));
#1080=DIRECTION('ref_axis',(-4.69307415551318E-17,-1.,-3.11467316544595E-29));
#1081=DIRECTION('',(-0.707106781186542,0.,0.707106781186553));
#1082=DIRECTION('center_axis',(-1.,-2.48084428740364E-28,-6.31088724176809E-30));
#1083=DIRECTION('ref_axis',(-1.07399197020718E-16,-1.,-3.11467316544594E-29));
#1084=DIRECTION('',(0.707106781186542,0.,0.707106781186553));
#1085=DIRECTION('center_axis',(1.,2.48084428740364E-28,6.31088724176809E-30));
#1086=DIRECTION('ref_axis',(2.48082773015516E-28,-1.,-3.11467316544594E-29));
#1087=DIRECTION('center_axis',(5.55111512312709E-16,-1.,6.12323399573367E-17));
#1088=DIRECTION('ref_axis',(-4.99600361081314E-16,-6.1232339957337E-17,
-1.));
#1089=DIRECTION('',(6.31088724176811E-30,-6.12323399573367E-17,-1.));
#1090=DIRECTION('',(-1.,-5.55111512312709E-16,4.99600361081314E-16));
#1091=DIRECTION('',(6.31088724176811E-30,-6.12323399573367E-17,-1.));
#1092=DIRECTION('',(-1.,-5.55111512312709E-16,4.99600361081314E-16));
#1093=DIRECTION('',(-6.40949485492072E-30,6.12323399573367E-17,1.));
#1094=DIRECTION('center_axis',(5.55111512312709E-16,-1.,6.12323399573367E-17));
#1095=DIRECTION('ref_axis',(0.707106781186556,1.0066193842664E-30,-0.707106781186539));
#1096=DIRECTION('',(1.,5.55111512312709E-16,6.01506440231022E-30));
#1097=DIRECTION('',(-7.21644966006351E-16,4.44089209850336E-16,-1.));
#1098=DIRECTION('',(-1.,-5.55111512312709E-16,2.2204460492503E-16));
#1099=DIRECTION('',(-7.21644966006351E-16,4.44089209850336E-16,-1.));
#1100=DIRECTION('',(-1.,-5.55111512312709E-16,2.2204460492503E-16));
#1101=DIRECTION('',(0.707106781186548,0.,-0.707106781186548));
#1102=DIRECTION('',(4.99600361081314E-16,-2.22044604925062E-16,1.));
#1103=DIRECTION('center_axis',(5.55111512312709E-16,-1.,6.12323399573367E-17));
#1104=DIRECTION('ref_axis',(1.,-1.77220379614774E-17,5.92204362276397E-30));
#1105=DIRECTION('',(-1.,1.07399197020717E-16,-1.62910348252112E-16));
#1106=DIRECTION('center_axis',(-5.55111512312709E-16,1.,-6.12323399573367E-17));
#1107=DIRECTION('ref_axis',(1.,5.5511151231271E-16,5.7777898331617E-30));
#1108=DIRECTION('center_axis',(1.,2.48084428740364E-28,6.31088724176809E-30));
#1109=DIRECTION('ref_axis',(6.31088724176809E-30,2.22044604925062E-16,-1.));
#1110=DIRECTION('',(6.31088724176811E-30,-6.12323399573367E-17,-1.));
#1111=DIRECTION('center_axis',(-1.,-2.48084428740364E-28,-6.31088724176809E-30));
#1112=DIRECTION('ref_axis',(-5.55111512312709E-16,1.,-6.08293717499969E-31));
#1113=DIRECTION('center_axis',(-1.,1.07399197020717E-16,-1.62910348252112E-16));
#1114=DIRECTION('ref_axis',(-1.07399197020717E-16,-1.,-1.22464679914766E-16));
#1115=DIRECTION('',(1.,-1.07399197020717E-16,1.62910348252112E-16));
#1116=DIRECTION('center_axis',(0.,0.,-1.));
#1117=DIRECTION('ref_axis',(1.,2.19809484466007E-30,-3.4332947316139E-16));
#1118=DIRECTION('',(0.707106781186548,0.,0.707106781186548));
#1119=DIRECTION('center_axis',(2.2204460492503E-16,1.11022302462124E-16,
1.));
#1120=DIRECTION('ref_axis',(1.,2.1807452908754E-30,-4.99600361081314E-16));
#1121=DIRECTION('center_axis',(-2.2204460492503E-16,-1.11022302462124E-16,
-1.));
#1122=DIRECTION('ref_axis',(1.,2.21156016998548E-30,-2.2204460492503E-16));
#1123=DIRECTION('center_axis',(4.99600361081314E-16,-2.22044604925062E-16,
1.));
#1124=DIRECTION('ref_axis',(1.,2.1807452908754E-30,-4.99600361081314E-16));
#1125=DIRECTION('',(4.99600361081314E-16,-2.22044604925062E-16,1.));
#1126=DIRECTION('center_axis',(-2.2204460492503E-16,-1.11022302462124E-16,
-1.));
#1127=DIRECTION('ref_axis',(-1.,-7.77156117237284E-16,2.22044604925031E-16));
#1128=DIRECTION('center_axis',(2.2204460492503E-16,1.11022302462124E-16,
1.));
#1129=DIRECTION('ref_axis',(-9.99200722162346E-16,1.,4.44089209850337E-16));
#1130=DIRECTION('',(-1.,-5.55111512312709E-16,2.2204460492503E-16));
#1131=DIRECTION('center_axis',(-2.2204460492503E-16,-1.11022302462124E-16,
-1.));
#1132=DIRECTION('ref_axis',(-1.,-7.77156117237284E-16,2.22044604925031E-16));
#1133=DIRECTION('center_axis',(-2.2204460492503E-16,-1.11022302462124E-16,
-1.));
#1134=DIRECTION('ref_axis',(-9.99200722162346E-16,1.,4.44089209850337E-16));
#1135=DIRECTION('',(-1.,-5.55111512312709E-16,2.2204460492503E-16));
#1136=DIRECTION('center_axis',(2.2204460492503E-16,1.11022302462124E-16,
1.));
#1137=DIRECTION('ref_axis',(-9.99200722162346E-16,1.,4.44089209850337E-16));
#1138=DIRECTION('center_axis',(-7.21644966006351E-16,4.44089209850336E-16,
-1.));
#1139=DIRECTION('ref_axis',(2.33486982376957E-16,-1.,-4.44089209850336E-16));
#1140=DIRECTION('',(7.21644966006351E-16,-4.44089209850336E-16,1.));
#1141=DIRECTION('center_axis',(-7.21644966006351E-16,4.44089209850336E-16,
-1.));
#1142=DIRECTION('ref_axis',(2.33486982376956E-16,-1.,-4.44089209850336E-16));
#1143=DIRECTION('center_axis',(-5.71924156285234E-30,-2.22044604925063E-16,
1.));
#1144=DIRECTION('ref_axis',(-9.99200722162346E-16,1.,4.44089209850337E-16));
#1145=DIRECTION('',(7.21644966006351E-16,-4.44089209850336E-16,1.));
#1146=DIRECTION('center_axis',(5.5511151231271E-16,-1.,-2.22044604925062E-16));
#1147=DIRECTION('ref_axis',(1.,5.5511151231271E-16,5.7777898331617E-30));
#1148=DIRECTION('center_axis',(-5.55111512312709E-16,1.,-6.12323399573367E-17));
#1149=DIRECTION('ref_axis',(1.,5.5511151231271E-16,5.7777898331617E-30));
#1150=DIRECTION('',(5.5511151231271E-16,-1.,-2.22044604925062E-16));
#1151=DIRECTION('center_axis',(-5.55111512312709E-16,1.,2.22044604925062E-16));
#1152=DIRECTION('ref_axis',(1.,5.55111512312707E-16,5.7777898331617E-30));
#1153=DIRECTION('center_axis',(5.5511151231271E-16,-1.,-2.22044604925062E-16));
#1154=DIRECTION('ref_axis',(1.,5.5511151231271E-16,5.7777898331617E-30));
#1155=DIRECTION('',(5.5511151231271E-16,-1.,-2.22044604925062E-16));
#1156=DIRECTION('center_axis',(-5.55111512312709E-16,1.,2.22044604925062E-16));
#1157=DIRECTION('ref_axis',(1.,5.55111512312707E-16,5.7777898331617E-30));
#1158=DIRECTION('center_axis',(5.5511151231271E-16,-1.,-2.22044604925062E-16));
#1159=DIRECTION('ref_axis',(1.,5.5511151231271E-16,5.77778983316157E-30));
#1160=DIRECTION('center_axis',(-5.55111512312709E-16,1.,-6.12323399573367E-17));
#1161=DIRECTION('ref_axis',(1.,5.5511151231271E-16,5.77778983316157E-30));
#1162=DIRECTION('',(5.5511151231271E-16,-1.,-2.22044604925062E-16));
#1163=DIRECTION('center_axis',(-5.55111512312709E-16,1.,2.22044604925062E-16));
#1164=DIRECTION('ref_axis',(1.,5.55111512312707E-16,5.77778983316157E-30));
#1165=DIRECTION('center_axis',(5.5511151231271E-16,-1.,-2.22044604925062E-16));
#1166=DIRECTION('ref_axis',(1.,5.5511151231271E-16,5.7777898331617E-30));
#1167=DIRECTION('center_axis',(-5.55111512312709E-16,1.,-6.12323399573367E-17));
#1168=DIRECTION('ref_axis',(1.,5.5511151231271E-16,5.7777898331617E-30));
#1169=DIRECTION('',(5.5511151231271E-16,-1.,-2.22044604925062E-16));
#1170=DIRECTION('center_axis',(-5.55111512312709E-16,1.,2.22044604925062E-16));
#1171=DIRECTION('ref_axis',(1.,5.55111512312707E-16,5.7777898331617E-30));
#1172=DIRECTION('center_axis',(-5.55111512312712E-16,1.,2.22044604925061E-16));
#1173=DIRECTION('ref_axis',(4.99600361081314E-16,-2.2204460492506E-16,1.));
#1174=DIRECTION('center_axis',(5.55111512312712E-16,-1.,-2.22044604925061E-16));
#1175=DIRECTION('ref_axis',(1.,5.55111512312709E-16,6.03378029489159E-30));
#1176=DIRECTION('center_axis',(5.55111512312712E-16,-1.,-2.22044604925061E-16));
#1177=DIRECTION('ref_axis',(1.,-3.70074341540427E-17,5.79319727271683E-30));
#1178=DIRECTION('center_axis',(1.77220379614775E-17,1.,2.22044604925062E-16));
#1179=DIRECTION('ref_axis',(1.,-1.77220379614774E-17,5.92204362276397E-30));
#1180=DIRECTION('',(1.77220379614775E-17,1.,2.22044604925062E-16));
#1181=DIRECTION('center_axis',(5.55111512312709E-16,-1.,6.12323399573367E-17));
#1182=DIRECTION('ref_axis',(1.,-1.77220379614774E-17,5.92204362276397E-30));
#1183=DIRECTION('center_axis',(5.55111512312709E-16,-1.,6.12323399573367E-17));
#1184=DIRECTION('ref_axis',(1.,-1.77220379614774E-17,5.92204362276397E-30));
#1185=DIRECTION('center_axis',(-1.,1.07399197020717E-16,-1.62910348252112E-16));
#1186=DIRECTION('ref_axis',(-1.07399197020717E-16,-1.,-1.22464679914766E-16));
#1187=DIRECTION('',(1.,-1.07399197020717E-16,1.62910348252112E-16));
#1188=DIRECTION('',(-1.,1.07399197020717E-16,-1.62910348252112E-16));
#1189=DIRECTION('center_axis',(1.,5.55111512312709E-16,-4.99600361081314E-16));
#1190=DIRECTION('ref_axis',(5.5511151231271E-16,-1.,2.78699993901511E-15));
#1191=DIRECTION('',(1.,5.55111512312709E-16,-4.99600361081314E-16));
#1192=DIRECTION('center_axis',(-1.,-5.55111512312707E-16,-5.81784917600496E-30));
#1193=DIRECTION('ref_axis',(-5.55111512312709E-16,1.,-5.9641701503605E-31));
#1194=DIRECTION('center_axis',(1.,2.48084428740364E-28,6.31088724176809E-30));
#1195=DIRECTION('ref_axis',(-5.55111512312709E-16,1.,-5.9641701503605E-31));
#1196=DIRECTION('center_axis',(1.,5.55111512312709E-16,-4.99600361081314E-16));
#1197=DIRECTION('ref_axis',(5.55111512312709E-16,-1.,1.22464679914736E-16));
#1198=DIRECTION('',(1.,5.55111512312709E-16,-4.99600361081314E-16));
#1199=DIRECTION('center_axis',(-1.,-2.48084428740364E-28,-6.31088724176809E-30));
#1200=DIRECTION('ref_axis',(-5.55111512312709E-16,1.,-6.08293717499969E-31));
#1201=DIRECTION('center_axis',(1.,2.48084428740364E-28,6.31088724176809E-30));
#1202=DIRECTION('ref_axis',(6.31088724176809E-30,2.22044604925062E-16,-1.));
#1203=DIRECTION('',(6.31088724176811E-30,-6.12323399573367E-17,-1.));
#1204=DIRECTION('center_axis',(1.,5.55111512312707E-16,5.81784917600496E-30));
#1205=DIRECTION('ref_axis',(-5.71924156285234E-30,-2.22044604925062E-16,
1.));
#1206=DIRECTION('',(-5.69458965956413E-30,-2.22044604925062E-16,1.));
#1207=DIRECTION('',(5.55111512312707E-16,-1.,-2.22044604925063E-16));
#1208=DIRECTION('',(-6.21227962861547E-30,6.12323399573367E-17,1.));
#1209=DIRECTION('',(-5.5511151231271E-16,1.,2.22044604925062E-16));
#1210=DIRECTION('center_axis',(5.55111512312707E-16,-1.,-2.22044604925063E-16));
#1211=DIRECTION('ref_axis',(0.707106781186556,0.,0.707106781186539));
#1212=DIRECTION('center_axis',(5.55111512312709E-16,-1.,-2.22044604925062E-16));
#1213=DIRECTION('ref_axis',(0.707106781186556,0.,0.707106781186539));
#1214=DIRECTION('center_axis',(5.55111512312709E-16,-1.,6.12323399573367E-17));
#1215=DIRECTION('ref_axis',(0.707106781186548,2.46519032881566E-30,0.707106781186548));
#1216=DIRECTION('',(5.55111512312707E-16,-1.,-2.22044604925063E-16));
#1217=DIRECTION('center_axis',(-5.71924156285234E-30,-2.22044604925063E-16,
1.));
#1218=DIRECTION('ref_axis',(-1.,-5.55111512312709E-16,-5.81784917600496E-30));
#1219=DIRECTION('',(-1.,-5.55111512312709E-16,-5.84250107929316E-30));
#1220=DIRECTION('',(-1.,-5.55111512312709E-16,-6.01506440231022E-30));
#1221=DIRECTION('',(-5.55111512312707E-16,1.,2.22044604925063E-16));
#1222=DIRECTION('center_axis',(5.55111512312707E-16,-1.,-2.22044604925063E-16));
#1223=DIRECTION('ref_axis',(-0.707106781186552,0.,0.707106781186543));
#1224=DIRECTION('center_axis',(5.55111512312709E-16,-1.,-2.22044604925062E-16));
#1225=DIRECTION('ref_axis',(-0.707106781186552,0.,0.707106781186543));
#1226=DIRECTION('center_axis',(5.55111512312709E-16,-1.,6.12323399573367E-17));
#1227=DIRECTION('ref_axis',(-0.707106781186552,-9.44989626046004E-31,0.707106781186543));
#1228=DIRECTION('',(5.55111512312707E-16,-1.,-2.22044604925063E-16));
#1229=DIRECTION('center_axis',(5.55111512312707E-16,-1.,-2.22044604925063E-16));
#1230=DIRECTION('ref_axis',(-0.707106781186552,0.,-0.707106781186543));
#1231=DIRECTION('center_axis',(5.55111512312709E-16,-1.,-2.22044604925062E-16));
#1232=DIRECTION('ref_axis',(-0.707106781186552,0.,-0.707106781186543));
#1233=DIRECTION('',(-5.5511151231271E-16,1.,2.22044604925062E-16));
#1234=DIRECTION('center_axis',(5.55111512312709E-16,-1.,6.12323399573367E-17));
#1235=DIRECTION('ref_axis',(-0.707106781186556,-2.44464707607553E-30,-0.707106781186539));
#1236=DIRECTION('',(5.55111512312707E-16,-1.,-2.22044604925063E-16));
#1237=DIRECTION('center_axis',(5.71924156285234E-30,2.22044604925063E-16,
-1.));
#1238=DIRECTION('ref_axis',(1.,5.55111512312709E-16,5.81784917600496E-30));
#1239=DIRECTION('',(1.,5.55111512312709E-16,5.84250107929316E-30));
#1240=DIRECTION('',(1.,5.55111512312709E-16,6.01506440231022E-30));
#1241=DIRECTION('',(-5.5511151231271E-16,1.,2.22044604925062E-16));
#1242=DIRECTION('center_axis',(5.55111512312707E-16,-1.,-2.22044604925063E-16));
#1243=DIRECTION('ref_axis',(0.707106781186556,0.,-0.707106781186539));
#1244=DIRECTION('center_axis',(5.55111512312709E-16,-1.,-2.22044604925062E-16));
#1245=DIRECTION('ref_axis',(0.707106781186556,0.,-0.707106781186539));
#1246=DIRECTION('center_axis',(0.948683298050512,-0.316227766016845,-7.02166693715399E-17));
#1247=DIRECTION('ref_axis',(-7.40148683083501E-17,0.,-1.));
#1248=DIRECTION('',(0.316227766016855,0.948683298050508,-2.2469334198891E-14));
#1249=DIRECTION('',(5.69458965956413E-30,2.22044604925062E-16,-1.));
#1250=DIRECTION('',(-0.316227766016834,-0.948683298050515,0.));
#1251=DIRECTION('center_axis',(0.,1.,0.));
#1252=DIRECTION('ref_axis',(0.707106781186556,2.19812944215777E-16,-0.707106781186539));
#1253=DIRECTION('',(0.,-0.948683298050516,0.316227766016831));
#1254=DIRECTION('center_axis',(-5.55111512312709E-16,1.,2.22044604925062E-16));
#1255=DIRECTION('ref_axis',(0.707106781186556,5.49532360539438E-16,-0.707106781186539));
#1256=DIRECTION('center_axis',(0.,1.,0.));
#1257=DIRECTION('ref_axis',(0.707106781186556,9.42055475210573E-17,0.707106781186539));
#1258=DIRECTION('',(0.,0.948683298050512,0.316227766016845));
#1259=DIRECTION('center_axis',(-5.55111512312709E-16,1.,2.22044604925062E-16));
#1260=DIRECTION('ref_axis',(0.707106781186556,2.35513868802643E-16,0.707106781186539));
#1261=DIRECTION('center_axis',(1.75541673428889E-16,-0.316227766016851,
-0.948683298050509));
#1262=DIRECTION('ref_axis',(-1.,0.,-1.85037170770917E-16));
#1263=DIRECTION('',(-1.,-5.55111512312709E-16,-5.84250107929316E-30));
#1264=DIRECTION('',(0.,-0.948683298050512,0.316227766016845));
#1265=DIRECTION('center_axis',(1.75541673428875E-16,-0.316227766016845,
0.948683298050512));
#1266=DIRECTION('ref_axis',(1.,0.,-1.85037170770901E-16));
#1267=DIRECTION('',(0.,0.948683298050512,0.316227766016845));
#1268=DIRECTION('',(1.,5.55111512312709E-16,5.84250107929316E-30));
#1269=DIRECTION('center_axis',(0.,1.,0.));
#1270=DIRECTION('ref_axis',(-0.707106781186552,-9.4205547521055E-17,-0.707106781186543));
#1271=DIRECTION('center_axis',(-5.55111512312709E-16,1.,2.22044604925062E-16));
#1272=DIRECTION('ref_axis',(-0.707106781186552,-2.3551386880264E-16,-0.707106781186543));
#1273=DIRECTION('',(0.316227766016826,-0.948683298050518,0.));
#1274=DIRECTION('center_axis',(0.,1.,0.));
#1275=DIRECTION('ref_axis',(-0.707106781186552,-2.19812944215772E-16,0.707106781186543));
#1276=DIRECTION('',(-0.316227766016846,0.948683298050511,0.));
#1277=DIRECTION('center_axis',(-5.55111512312709E-16,1.,2.22044604925062E-16));
#1278=DIRECTION('ref_axis',(-0.707106781186552,-5.49532360539437E-16,0.707106781186543));
#1279=DIRECTION('center_axis',(-0.948683298050511,-0.316227766016846,-7.02166693715511E-17));
#1280=DIRECTION('ref_axis',(-7.40148683083619E-17,0.,1.));
#1281=DIRECTION('',(-5.69458965956413E-30,-2.22044604925062E-16,1.));
#1282=DIRECTION('',(5.69458965956413E-30,2.22044604925062E-16,-1.));
#1283=DIRECTION('center_axis',(5.55111512312709E-16,-1.,-2.22044604925062E-16));
#1284=DIRECTION('ref_axis',(-4.99600361081315E-16,2.22044604925062E-16,
-1.));
#1285=DIRECTION('center_axis',(5.55111512312709E-16,-1.,-2.22044604925062E-16));
#1286=DIRECTION('ref_axis',(1.,5.55111512312709E-16,5.92467409025368E-30));
#1287=DIRECTION('center_axis',(3.70074341540427E-17,1.,2.22044604925062E-16));
#1288=DIRECTION('ref_axis',(1.,-3.70074341540427E-17,5.79319727271683E-30));
#1289=DIRECTION('center_axis',(-5.55111512312709E-16,1.,2.22044604925062E-16));
#1290=DIRECTION('ref_axis',(1.,-3.70074341540427E-17,5.79319727271683E-30));
#1291=DIRECTION('',(3.70074341540427E-17,1.,2.22044604925062E-16));
#1292=DIRECTION('center_axis',(0.,-1.,0.));
#1293=DIRECTION('ref_axis',(1.,2.82872916236041E-16,5.86422497874248E-30));
#1294=DIRECTION('',(0.3303504247281,0.94385835636602,4.04562590240255E-17));
#1295=DIRECTION('center_axis',(-1.,-5.55111512312463E-16,-5.81784917600496E-30));
#1296=DIRECTION('ref_axis',(-5.71924156285234E-30,-2.22044604925063E-16,
1.));
#1297=DIRECTION('center_axis',(-1.,-5.55111512312463E-16,-5.81784917600496E-30));
#1298=DIRECTION('ref_axis',(3.35905883084035E-17,2.22044604925166E-16,-1.));
#1299=DIRECTION('',(5.85183995284111E-30,-6.12323399573367E-17,-1.));
#1300=DIRECTION('center_axis',(-1.,-5.55111512312463E-16,-5.81784917600496E-30));
#1301=DIRECTION('ref_axis',(-5.69422735101922E-30,-2.22044604925063E-16,
1.));
#1302=DIRECTION('',(5.85183995284111E-30,-6.12323399573367E-17,-1.));
#1303=DIRECTION('center_axis',(-1.,-5.55111512312463E-16,-5.81784917600496E-30));
#1304=DIRECTION('ref_axis',(-5.75481617822333E-30,-2.22044604925063E-16,
1.));
#1305=DIRECTION('center_axis',(-1.,-5.55111512312463E-16,-5.81784917600496E-30));
#1306=DIRECTION('ref_axis',(-5.69422730102278E-30,-2.22044604925063E-16,
1.));
#1307=DIRECTION('center_axis',(-1.,-5.55111512312463E-16,-5.81784917600496E-30));
#1308=DIRECTION('ref_axis',(-5.75481591856873E-30,-2.22044604925063E-16,
1.));
#1309=DIRECTION('center_axis',(1.,5.55111512312463E-16,5.81784917600496E-30));
#1310=DIRECTION('ref_axis',(5.71924156285234E-30,2.22044604925063E-16,-1.));
#1311=DIRECTION('',(-5.85183995284111E-30,6.12323399573367E-17,1.));
#1312=DIRECTION('',(-5.85183995284111E-30,6.12323399573367E-17,1.));
#1313=DIRECTION('center_axis',(-1.,-5.55111512312463E-16,-5.81784917600496E-30));
#1314=DIRECTION('ref_axis',(-1.71441441128482E-17,2.2204460492513E-16,-1.));
#1315=DIRECTION('',(1.,5.55111512312463E-16,5.81784917600496E-30));
#1316=DIRECTION('',(-1.,-5.55111512312463E-16,-5.81784917600496E-30));
#1317=DIRECTION('center_axis',(5.55111512312709E-16,-1.,6.12323399573367E-17));
#1318=DIRECTION('ref_axis',(-4.99600361081314E-16,-6.1232339957337E-17,
-1.));
#1319=DIRECTION('',(6.31088724176809E-30,-6.12323399573367E-17,-1.));
#1320=DIRECTION('',(1.,5.55111512312463E-16,5.81784917600496E-30));
#1321=DIRECTION('center_axis',(5.55111512312709E-16,-1.,6.12323399573367E-17));
#1322=DIRECTION('ref_axis',(-4.99600361081314E-16,-6.1232339957337E-17,
-1.));
#1323=DIRECTION('',(-1.,-5.55111512312463E-16,-5.81784917600496E-30));
#1324=DIRECTION('',(6.31088724176809E-30,-6.12323399573367E-17,-1.));
#1325=DIRECTION('center_axis',(-1.,-5.55111512312707E-16,-5.81784917600496E-30));
#1326=DIRECTION('ref_axis',(5.71924156285234E-30,2.22044604925062E-16,-1.));
#1327=DIRECTION('center_axis',(1.,5.55111512312707E-16,5.81784917600496E-30));
#1328=DIRECTION('ref_axis',(3.35905883084035E-17,2.22044604925166E-16,-1.));
#1329=DIRECTION('center_axis',(-1.,-5.55111512312463E-16,-5.81784917600496E-30));
#1330=DIRECTION('ref_axis',(3.35905883084035E-17,2.22044604925166E-16,-1.));
#1331=CARTESIAN_POINT('',(0.,0.,0.));
#1332=CARTESIAN_POINT('Origin',(158.099996466189,451.978685980158,569.895425162546));
#1333=CARTESIAN_POINT('',(158.099996466189,440.560366522868,577.637046545901));
#1334=CARTESIAN_POINT('',(158.099996466189,440.560366522868,587.172094553205));
#1335=CARTESIAN_POINT('Origin',(158.09999646619,452.017202369765,582.404570549553));
#1336=CARTESIAN_POINT('',(158.099996466189,440.560366436608,577.570371090167));
#1337=CARTESIAN_POINT('',(158.099996466189,440.560366436611,583.839357432981));
#1338=CARTESIAN_POINT('',(158.099996466189,440.560366436608,587.207167982645));
#1339=CARTESIAN_POINT('Origin',(158.099996466189,451.978685980158,582.388769536406));
#1340=CARTESIAN_POINT('',(158.099996466189,440.560366436611,583.839357432981));
#1341=CARTESIAN_POINT('Origin',(159.000000000377,451.978685980158,582.388769536406));
#1342=CARTESIAN_POINT('Origin',(158.00035030114,451.978685980158,582.388769536406));
#1343=CARTESIAN_POINT('Origin',(-5999844.6,452.017202369765,582.404570549553));
#1344=CARTESIAN_POINT('Origin',(158.000014174453,452.017202369765,582.404570549553));
#1345=CARTESIAN_POINT('Origin',(158.,452.018826514953,597.783289703415));
#1346=CARTESIAN_POINT('Origin',(260.9,451.978685980159,582.388769536406));
#1347=CARTESIAN_POINT('',(262.4,451.978685980158,568.988769536406));
#1348=CARTESIAN_POINT('',(259.4,451.978685980158,571.988769536406));
#1349=CARTESIAN_POINT('',(260.9,451.978685980158,570.488769536406));
#1350=CARTESIAN_POINT('',(259.4,451.978685980158,592.788769536406));
#1351=CARTESIAN_POINT('Origin',(259.4,451.978685980159,582.388769536406));
#1352=CARTESIAN_POINT('',(262.4,451.978685980158,595.788769536406));
#1353=CARTESIAN_POINT('',(260.9,451.978685980158,594.288769536406));
#1354=CARTESIAN_POINT('Origin',(262.4,451.978685980159,582.388769536406));
#1355=CARTESIAN_POINT('Origin',(211.25,451.978685980158,582.388769536406));
#1356=CARTESIAN_POINT('',(262.4,451.978685980158,566.788769536406));
#1357=CARTESIAN_POINT('',(262.4,451.978685980158,582.388769536406));
#1358=CARTESIAN_POINT('',(264.6,451.978685980158,566.788769536406));
#1359=CARTESIAN_POINT('',(262.5,451.978685980158,566.788769536406));
#1360=CARTESIAN_POINT('',(264.6,451.978685980158,569.788769536406));
#1361=CARTESIAN_POINT('',(264.6,451.978685980158,582.388769536406));
#1362=CARTESIAN_POINT('',(266.5,451.978685980158,569.788769536406));
#1363=CARTESIAN_POINT('',(264.5,451.978685980158,569.788769536406));
#1364=CARTESIAN_POINT('',(266.5,451.978685980158,560.542557898415));
#1365=CARTESIAN_POINT('',(266.5,451.978685980158,582.388769536406));
#1366=CARTESIAN_POINT('',(263.5,451.978685980158,557.542557898415));
#1367=CARTESIAN_POINT('Origin',(263.5,451.978685980158,560.542557898415));
#1368=CARTESIAN_POINT('',(232.557737080576,451.978685980158,557.542557898415));
#1369=CARTESIAN_POINT('',(183.625,451.978685980158,557.542557898415));
#1370=CARTESIAN_POINT('',(232.557737080576,451.978685980158,559.442557898415));
#1371=CARTESIAN_POINT('',(232.557737080576,451.978685980158,559.542557898415));
#1372=CARTESIAN_POINT('',(235.557737080576,451.978685980158,559.442557898415));
#1373=CARTESIAN_POINT('',(215.603868540288,451.978685980158,559.442557898415));
#1374=CARTESIAN_POINT('',(235.557737080576,451.978685980158,561.642557898415));
#1375=CARTESIAN_POINT('',(235.557737080576,451.978685980158,561.542557898415));
#1376=CARTESIAN_POINT('',(233.357737080576,451.978685980158,561.642557898415));
#1377=CARTESIAN_POINT('',(215.603868540288,451.978685980158,561.642557898415));
#1378=CARTESIAN_POINT('',(230.357737080576,451.978685980158,564.642557898415));
#1379=CARTESIAN_POINT('',(231.857737080576,451.978685980158,563.142557898415));
#1380=CARTESIAN_POINT('',(230.357737080576,451.978685980158,568.128247105583));
#1381=CARTESIAN_POINT('',(230.357737080576,451.978685980158,557.542557898415));
#1382=CARTESIAN_POINT('',(234.218259511399,451.978685980158,571.988769536406));
#1383=CARTESIAN_POINT('Origin',(219.957737080576,451.978685980158,582.388769536406));
#1384=CARTESIAN_POINT('',(262.5,451.978685980158,571.988769536406));
#1385=CARTESIAN_POINT('',(260.4,451.978685980158,562.542557898416));
#1386=CARTESIAN_POINT('Origin',(262.,451.978685980158,562.542557898416));
#1387=CARTESIAN_POINT('Origin',(262.4,451.978685980159,582.388769536406));
#1388=CARTESIAN_POINT('',(262.4,451.978685980158,597.988769536406));
#1389=CARTESIAN_POINT('',(262.4,451.978685980158,582.388769536406));
#1390=CARTESIAN_POINT('Origin',(262.4,451.978685980159,582.388769536406));
#1391=CARTESIAN_POINT('Origin',(262.5,451.978685980159,582.388769536406));
#1392=CARTESIAN_POINT('',(234.218259511399,451.978685980158,592.788769536406));
#1393=CARTESIAN_POINT('Ctrl Pts',(234.218259511399,451.978685980159,571.988769536406));
#1394=CARTESIAN_POINT('Ctrl Pts',(234.218259511399,451.304016912794,571.988769536406));
#1395=CARTESIAN_POINT('Ctrl Pts',(234.267588563749,450.614467238086,572.055404525865));
#1396=CARTESIAN_POINT('Ctrl Pts',(234.460186485231,449.256502582121,572.327495115241));
#1397=CARTESIAN_POINT('Ctrl Pts',(234.603009864655,448.587996559395,572.532811470207));
#1398=CARTESIAN_POINT('Ctrl Pts',(235.122018962161,446.678294107756,573.334893198977));
#1399=CARTESIAN_POINT('Ctrl Pts',(235.586748980728,445.53242488908,574.127209578804));
#1400=CARTESIAN_POINT('Ctrl Pts',(236.416298163606,443.722485962806,575.937148505079));
#1401=CARTESIAN_POINT('Ctrl Pts',(236.842880326136,442.926411554517,577.084536713555));
#1402=CARTESIAN_POINT('Ctrl Pts',(237.441438798325,441.853695112962,579.638655961934));
#1403=CARTESIAN_POINT('Ctrl Pts',(237.607737080576,441.578685980159,581.047399645263));
#1404=CARTESIAN_POINT('Ctrl Pts',(237.607737080576,441.578685980159,583.730139427549));
#1405=CARTESIAN_POINT('Ctrl Pts',(237.441438798325,441.853695112962,585.138883110878));
#1406=CARTESIAN_POINT('Ctrl Pts',(236.842880326136,442.926411554517,587.693002359257));
#1407=CARTESIAN_POINT('Ctrl Pts',(236.416298163606,443.722485962806,588.840390567733));
#1408=CARTESIAN_POINT('Ctrl Pts',(235.586748980728,445.53242488908,590.650329494007));
#1409=CARTESIAN_POINT('Ctrl Pts',(235.122018962161,446.678294107756,591.442645873835));
#1410=CARTESIAN_POINT('Ctrl Pts',(234.603009864655,448.587996559395,592.244727602605));
#1411=CARTESIAN_POINT('Ctrl Pts',(234.460186485231,449.256502582121,592.450043957571));
#1412=CARTESIAN_POINT('Ctrl Pts',(234.267588563749,450.614467238086,592.722134546947));
#1413=CARTESIAN_POINT('Ctrl Pts',(234.218259511399,451.304016912794,592.788769536406));
#1414=CARTESIAN_POINT('Ctrl Pts',(234.218259511399,451.978685980159,592.788769536406));
#1415=CARTESIAN_POINT('',(262.5,451.978685980158,592.788769536406));
#1416=CARTESIAN_POINT('Origin',(219.957737080576,451.978685980158,563.142557898415));
#1417=CARTESIAN_POINT('',(206.557737080576,451.978685980158,561.642557898415));
#1418=CARTESIAN_POINT('',(209.557737080576,451.978685980157,564.642557898415));
#1419=CARTESIAN_POINT('',(208.057737080576,451.978685980158,563.142557898415));
#1420=CARTESIAN_POINT('Origin',(219.957737080576,451.978685980158,564.642557898415));
#1421=CARTESIAN_POINT('Origin',(219.957737080576,451.978685980158,561.642557898415));
#1422=CARTESIAN_POINT('Origin',(219.957737080576,451.978685980158,557.542557898415));
#1423=CARTESIAN_POINT('',(209.557737080576,451.978685980157,568.128247105583));
#1424=CARTESIAN_POINT('',(209.557737080576,451.978685980157,557.542557898415));
#1425=CARTESIAN_POINT('Ctrl Pts',(209.557737080576,451.978685980158,568.128247105583));
#1426=CARTESIAN_POINT('Ctrl Pts',(209.557737080576,451.304016912792,568.128247105583));
#1427=CARTESIAN_POINT('Ctrl Pts',(209.624372070036,450.614467238084,568.078918053233));
#1428=CARTESIAN_POINT('Ctrl Pts',(209.896462659411,449.25650258212,567.886320131751));
#1429=CARTESIAN_POINT('Ctrl Pts',(210.101779014377,448.587996559394,567.743496752327));
#1430=CARTESIAN_POINT('Ctrl Pts',(210.903860743147,446.678294107754,567.224487654821));
#1431=CARTESIAN_POINT('Ctrl Pts',(211.696177122975,445.532424889079,566.759757636254));
#1432=CARTESIAN_POINT('Ctrl Pts',(213.50611604925,443.722485962804,565.930208453377));
#1433=CARTESIAN_POINT('Ctrl Pts',(214.653504257725,442.926411554516,565.503626290846));
#1434=CARTESIAN_POINT('Ctrl Pts',(217.207623506105,441.85369511296,564.905067818657));
#1435=CARTESIAN_POINT('Ctrl Pts',(218.616367189433,441.578685980158,564.738769536406));
#1436=CARTESIAN_POINT('Ctrl Pts',(221.299106971719,441.578685980158,564.738769536406));
#1437=CARTESIAN_POINT('Ctrl Pts',(222.707850655048,441.85369511296,564.905067818657));
#1438=CARTESIAN_POINT('Ctrl Pts',(225.261969903428,442.926411554516,565.503626290846));
#1439=CARTESIAN_POINT('Ctrl Pts',(226.409358111903,443.722485962804,565.930208453377));
#1440=CARTESIAN_POINT('Ctrl Pts',(228.219297038178,445.532424889079,566.759757636254));
#1441=CARTESIAN_POINT('Ctrl Pts',(229.011613418005,446.678294107754,567.224487654821));
#1442=CARTESIAN_POINT('Ctrl Pts',(229.813695146775,448.587996559394,567.743496752327));
#1443=CARTESIAN_POINT('Ctrl Pts',(230.019011501742,449.25650258212,567.886320131751));
#1444=CARTESIAN_POINT('Ctrl Pts',(230.291102091117,450.614467238084,568.078918053233));
#1445=CARTESIAN_POINT('Ctrl Pts',(230.357737080576,451.304016912792,568.128247105583));
#1446=CARTESIAN_POINT('Ctrl Pts',(230.357737080576,451.978685980158,568.128247105583));
#1447=CARTESIAN_POINT('Origin',(219.957737080576,451.978685980158,561.642557898415));
#1448=CARTESIAN_POINT('',(204.357737080576,451.978685980158,561.642557898415));
#1449=CARTESIAN_POINT('Origin',(219.957737080576,451.978685980158,561.642557898415));
#1450=CARTESIAN_POINT('',(215.603868540288,451.978685980158,561.642557898415));
#1451=CARTESIAN_POINT('Origin',(219.957737080576,451.978685980158,559.442557898415));
#1452=CARTESIAN_POINT('',(207.357737080576,451.978685980158,559.442557898415));
#1453=CARTESIAN_POINT('Origin',(219.957737080576,451.978685980158,559.442557898415));
#1454=CARTESIAN_POINT('',(204.357737080576,451.978685980158,559.442557898415));
#1455=CARTESIAN_POINT('',(215.603868540288,451.978685980158,559.442557898415));
#1456=CARTESIAN_POINT('Origin',(219.957737080576,451.978685980158,559.442557898415));
#1457=CARTESIAN_POINT('Origin',(219.957737080576,451.978685980158,561.542557898415));
#1458=CARTESIAN_POINT('',(204.357737080576,451.978685980158,561.542557898415));
#1459=CARTESIAN_POINT('Origin',(219.957737080576,451.978685980158,559.542557898415));
#1460=CARTESIAN_POINT('',(207.357737080576,451.978685980158,557.542557898415));
#1461=CARTESIAN_POINT('Origin',(219.957737080576,451.978685980158,557.542557898415));
#1462=CARTESIAN_POINT('',(207.357737080576,451.978685980158,559.542557898415));
#1463=CARTESIAN_POINT('Origin',(262.,475.980152326007,602.234981174396));
#1464=CARTESIAN_POINT('',(260.4,451.978685980158,602.234981174396));
#1465=CARTESIAN_POINT('Origin',(262.,451.978685980158,602.234981174396));
#1466=CARTESIAN_POINT('',(260.4,433.480152326007,602.234981174396));
#1467=CARTESIAN_POINT('',(260.4,475.980152326007,602.234981174396));
#1468=CARTESIAN_POINT('Origin',(262.,433.480152326007,602.234981174396));
#1469=CARTESIAN_POINT('Origin',(262.,475.980152326007,562.542557898416));
#1470=CARTESIAN_POINT('',(260.4,433.480152326007,562.542557898416));
#1471=CARTESIAN_POINT('',(260.4,475.980152326007,562.542557898416));
#1472=CARTESIAN_POINT('Origin',(262.,433.480152326007,562.542557898416));
#1473=CARTESIAN_POINT('Origin',(163.,475.980152326006,562.542557898415));
#1474=CARTESIAN_POINT('',(161.4,451.978685980158,562.542557898415));
#1475=CARTESIAN_POINT('Origin',(163.,451.978685980158,562.542557898415));
#1476=CARTESIAN_POINT('',(161.4,433.480152326007,562.542557898415));
#1477=CARTESIAN_POINT('',(161.4,475.980152326006,562.542557898415));
#1478=CARTESIAN_POINT('Origin',(163.,433.480152326007,562.542557898415));
#1479=CARTESIAN_POINT('Origin',(163.,475.980152326006,602.234981174397));
#1480=CARTESIAN_POINT('',(161.4,451.978685980158,602.234981174397));
#1481=CARTESIAN_POINT('Origin',(163.000000000001,451.978685980158,602.234981174397));
#1482=CARTESIAN_POINT('',(161.4,433.480152326007,602.234981174397));
#1483=CARTESIAN_POINT('',(161.4,475.980152326006,602.234981174397));
#1484=CARTESIAN_POINT('Origin',(163.,433.480152326007,602.234981174397));
#1485=CARTESIAN_POINT('Origin',(219.957737080576,437.880152326007,582.388769536406));
#1486=CARTESIAN_POINT('',(202.307737080576,437.880152326006,582.388769536406));
#1487=CARTESIAN_POINT('Origin',(219.957737080576,437.880152326007,582.388769536406));
#1488=CARTESIAN_POINT('',(215.957737080576,437.880152326007,582.388769536406));
#1489=CARTESIAN_POINT('Origin',(219.957737080576,437.880152326007,582.388769536406));
#1490=CARTESIAN_POINT('Origin',(219.957737080576,437.880152326007,582.388769536406));
#1491=CARTESIAN_POINT('',(202.307737080576,441.578685980159,582.388769536406));
#1492=CARTESIAN_POINT('',(202.307737080576,437.880152326007,582.388769536406));
#1493=CARTESIAN_POINT('',(205.697214649754,451.978685980158,592.788769536406));
#1494=CARTESIAN_POINT('Ctrl Pts',(205.697214649754,451.978685980159,592.788769536406));
#1495=CARTESIAN_POINT('Ctrl Pts',(205.697214649754,451.304016912794,592.788769536406));
#1496=CARTESIAN_POINT('Ctrl Pts',(205.647885597403,450.614467238086,592.722134546947));
#1497=CARTESIAN_POINT('Ctrl Pts',(205.455287675922,449.256502582121,592.450043957571));
#1498=CARTESIAN_POINT('Ctrl Pts',(205.312464296497,448.587996559395,592.244727602605));
#1499=CARTESIAN_POINT('Ctrl Pts',(204.793455198992,446.678294107756,591.442645873835));
#1500=CARTESIAN_POINT('Ctrl Pts',(204.328725180424,445.53242488908,590.650329494007));
#1501=CARTESIAN_POINT('Ctrl Pts',(203.499175997547,443.722485962806,588.840390567733));
#1502=CARTESIAN_POINT('Ctrl Pts',(203.072593835016,442.926411554517,587.693002359257));
#1503=CARTESIAN_POINT('Ctrl Pts',(202.474035362828,441.853695112962,585.138883110878));
#1504=CARTESIAN_POINT('Ctrl Pts',(202.307737080576,441.578685980159,583.730139427549));
#1505=CARTESIAN_POINT('Ctrl Pts',(202.307737080576,441.578685980159,582.388769536406));
#1506=CARTESIAN_POINT('Origin',(219.957737080576,451.978685980158,582.388769536406));
#1507=CARTESIAN_POINT('',(205.697214649754,451.978685980158,571.988769536406));
#1508=CARTESIAN_POINT('Origin',(219.957737080576,451.978685980158,582.388769536406));
#1509=CARTESIAN_POINT('Ctrl Pts',(202.307737080576,441.578685980159,582.388769536406));
#1510=CARTESIAN_POINT('Ctrl Pts',(202.307737080576,441.578685980159,581.047399645263));
#1511=CARTESIAN_POINT('Ctrl Pts',(202.474035362828,441.853695112962,579.638655961934));
#1512=CARTESIAN_POINT('Ctrl Pts',(203.072593835016,442.926411554517,577.084536713555));
#1513=CARTESIAN_POINT('Ctrl Pts',(203.499175997547,443.722485962806,575.937148505079));
#1514=CARTESIAN_POINT('Ctrl Pts',(204.328725180424,445.53242488908,574.127209578804));
#1515=CARTESIAN_POINT('Ctrl Pts',(204.793455198992,446.678294107756,573.334893198977));
#1516=CARTESIAN_POINT('Ctrl Pts',(205.312464296497,448.587996559395,572.532811470207));
#1517=CARTESIAN_POINT('Ctrl Pts',(205.455287675922,449.256502582121,572.327495115241));
#1518=CARTESIAN_POINT('Ctrl Pts',(205.647885597403,450.614467238086,572.055404525865));
#1519=CARTESIAN_POINT('Ctrl Pts',(205.697214649754,451.304016912794,571.988769536406));
#1520=CARTESIAN_POINT('Ctrl Pts',(205.697214649754,451.978685980159,571.988769536406));
#1521=CARTESIAN_POINT('Origin',(262.5,451.978685980159,582.388769536406));
#1522=CARTESIAN_POINT('',(162.999763933836,451.978685980158,592.788769536406));
#1523=CARTESIAN_POINT('',(162.999763933836,451.978685980158,571.988769536406));
#1524=CARTESIAN_POINT('Ctrl Pts',(162.999763933836,451.978685980158,592.788769536406));
#1525=CARTESIAN_POINT('Ctrl Pts',(162.986164553905,450.420346453955,592.788769536406));
#1526=CARTESIAN_POINT('Ctrl Pts',(162.958976324973,447.3067617543,592.076035305336));
#1527=CARTESIAN_POINT('Ctrl Pts',(162.926273556325,443.565727398507,589.090424345901));
#1528=CARTESIAN_POINT('Ctrl Pts',(162.908123476992,441.491038400794,584.779927816656));
#1529=CARTESIAN_POINT('Ctrl Pts',(162.908146330457,441.493633137929,579.998471739966));
#1530=CARTESIAN_POINT('Ctrl Pts',(162.926263334814,443.564565395828,575.686974226163));
#1531=CARTESIAN_POINT('Ctrl Pts',(162.958977705308,447.306916720079,572.701434209753));
#1532=CARTESIAN_POINT('Ctrl Pts',(162.986164553905,450.420346453955,571.988769536406));
#1533=CARTESIAN_POINT('Ctrl Pts',(162.999763933836,451.978685980158,571.988769536406));
#1534=CARTESIAN_POINT('',(262.5,451.978685980158,592.788769536406));
#1535=CARTESIAN_POINT('',(262.5,451.978685980158,571.988769536406));
#1536=CARTESIAN_POINT('Origin',(264.5,451.978685980159,582.388769536406));
#1537=CARTESIAN_POINT('',(266.5,451.978685980158,594.988769536406));
#1538=CARTESIAN_POINT('',(264.6,451.978685980158,594.988769536406));
#1539=CARTESIAN_POINT('',(264.5,451.978685980158,594.988769536406));
#1540=CARTESIAN_POINT('Origin',(266.5,451.978685980159,582.388769536406));
#1541=CARTESIAN_POINT('Origin',(264.6,451.978685980159,582.388769536406));
#1542=CARTESIAN_POINT('Origin',(262.5,451.978685980159,582.388769536406));
#1543=CARTESIAN_POINT('',(264.6,451.978685980158,597.988769536406));
#1544=CARTESIAN_POINT('',(262.5,451.978685980158,597.988769536406));
#1545=CARTESIAN_POINT('Origin',(264.6,451.978685980159,582.388769536406));
#1546=CARTESIAN_POINT('Origin',(264.6,451.978685980159,582.388769536406));
#1547=CARTESIAN_POINT('',(264.6,451.978685980158,582.388769536406));
#1548=CARTESIAN_POINT('Origin',(266.5,437.980152326007,557.542557898415));
#1549=CARTESIAN_POINT('',(266.5,436.480152326006,560.542557898415));
#1550=CARTESIAN_POINT('',(266.5,436.480152326006,604.234981174397));
#1551=CARTESIAN_POINT('',(266.5,436.480152326006,569.965663717411));
#1552=CARTESIAN_POINT('',(266.5,437.980152326006,560.542557898415));
#1553=CARTESIAN_POINT('',(266.5,451.978685980158,604.234981174397));
#1554=CARTESIAN_POINT('',(266.5,451.978685980158,569.965663717411));
#1555=CARTESIAN_POINT('',(266.5,462.980152326006,604.234981174397));
#1556=CARTESIAN_POINT('Origin',(263.5,437.980152326007,604.234981174397));
#1557=CARTESIAN_POINT('',(263.5,436.480152326006,607.234981174397));
#1558=CARTESIAN_POINT('Origin',(263.5,436.480152326006,604.234981174397));
#1559=CARTESIAN_POINT('',(263.5,451.978685980158,607.234981174397));
#1560=CARTESIAN_POINT('Origin',(263.5,451.978685980158,604.234981174397));
#1561=CARTESIAN_POINT('',(263.5,437.980152326007,607.234981174397));
#1562=CARTESIAN_POINT('Origin',(266.5,437.980152326007,607.234981174397));
#1563=CARTESIAN_POINT('',(159.,436.480152326006,607.234981174397));
#1564=CARTESIAN_POINT('',(238.875,436.480152326006,607.234981174397));
#1565=CARTESIAN_POINT('',(159.,451.978685980158,607.234981174397));
#1566=CARTESIAN_POINT('',(238.875,451.978685980158,607.234981174397));
#1567=CARTESIAN_POINT('',(159.,437.980152326006,607.234981174397));
#1568=CARTESIAN_POINT('Origin',(159.,437.980152326006,604.234981174397));
#1569=CARTESIAN_POINT('',(156.,436.480152326006,604.234981174397));
#1570=CARTESIAN_POINT('Origin',(159.,436.480152326006,604.234981174397));
#1571=CARTESIAN_POINT('',(156.,451.978685980158,604.234981174397));
#1572=CARTESIAN_POINT('Origin',(159.,451.978685980158,604.234981174397));
#1573=CARTESIAN_POINT('',(156.,437.980152326006,604.234981174397));
#1574=CARTESIAN_POINT('Origin',(159.,437.980152326006,560.542557898415));
#1575=CARTESIAN_POINT('',(156.,436.480152326006,560.542557898415));
#1576=CARTESIAN_POINT('',(159.,436.480152326006,557.542557898415));
#1577=CARTESIAN_POINT('Origin',(159.,436.480152326006,560.542557898415));
#1578=CARTESIAN_POINT('',(156.,451.978685980158,560.542557898415));
#1579=CARTESIAN_POINT('',(156.,462.980152326006,560.542557898415));
#1580=CARTESIAN_POINT('',(159.,451.978685980158,557.542557898415));
#1581=CARTESIAN_POINT('Origin',(159.,451.978685980158,560.542557898415));
#1582=CARTESIAN_POINT('',(159.,437.980152326006,557.542557898415));
#1583=CARTESIAN_POINT('Origin',(156.,437.980152326006,557.542557898415));
#1584=CARTESIAN_POINT('',(263.5,436.480152326006,557.542557898415));
#1585=CARTESIAN_POINT('',(183.625,436.480152326006,557.542557898415));
#1586=CARTESIAN_POINT('',(183.625,451.978685980158,557.542557898415));
#1587=CARTESIAN_POINT('',(263.5,462.980152326006,557.542557898415));
#1588=CARTESIAN_POINT('Origin',(263.5,437.980152326006,560.542557898415));
#1589=CARTESIAN_POINT('Origin',(263.5,436.480152326006,560.542557898415));
#1590=CARTESIAN_POINT('Origin',(266.,434.980152326007,569.965663717411));
#1591=CARTESIAN_POINT('',(265.5,433.480152326007,604.234981174397));
#1592=CARTESIAN_POINT('',(265.5,433.480152326007,604.234981174397));
#1593=CARTESIAN_POINT('',(265.5,433.480152326007,560.542557898415));
#1594=CARTESIAN_POINT('',(265.5,433.480152326007,569.965663717411));
#1595=CARTESIAN_POINT('',(266.5,436.480152326006,560.542557898415));
#1596=CARTESIAN_POINT('Origin',(263.5,434.980152326007,560.542557898415));
#1597=CARTESIAN_POINT('',(263.5,433.480152326007,558.542557898415));
#1598=CARTESIAN_POINT('',(263.5,436.480152326006,557.542557898415));
#1599=CARTESIAN_POINT('Origin',(263.5,433.480152326007,560.542557898415));
#1600=CARTESIAN_POINT('Origin',(263.5,434.980152326007,604.234981174397));
#1601=CARTESIAN_POINT('',(263.5,433.480152326007,606.234981174397));
#1602=CARTESIAN_POINT('',(263.5,433.480152326007,606.234981174397));
#1603=CARTESIAN_POINT('Origin',(263.5,433.480152326007,604.234981174397));
#1604=CARTESIAN_POINT('Origin',(183.625,434.980152326007,558.042557898415));
#1605=CARTESIAN_POINT('',(159.,433.480152326007,558.542557898415));
#1606=CARTESIAN_POINT('',(183.625,433.480152326007,558.542557898415));
#1607=CARTESIAN_POINT('',(159.,436.480152326006,557.542557898415));
#1608=CARTESIAN_POINT('Origin',(238.875,434.980152326007,606.734981174397));
#1609=CARTESIAN_POINT('',(159.,433.480152326007,606.234981174397));
#1610=CARTESIAN_POINT('',(159.,433.480152326007,606.234981174397));
#1611=CARTESIAN_POINT('',(238.875,433.480152326007,606.234981174397));
#1612=CARTESIAN_POINT('Origin',(159.,434.980152326007,560.542557898415));
#1613=CARTESIAN_POINT('',(157.,433.480152326007,560.542557898415));
#1614=CARTESIAN_POINT('Origin',(159.,433.480152326007,560.542557898415));
#1615=CARTESIAN_POINT('',(156.,436.480152326006,560.542557898415));
#1616=CARTESIAN_POINT('Origin',(159.,434.980152326007,604.234981174397));
#1617=CARTESIAN_POINT('',(157.,433.480152326007,604.234981174397));
#1618=CARTESIAN_POINT('',(157.,433.480152326007,604.234981174397));
#1619=CARTESIAN_POINT('Origin',(159.,433.480152326007,604.234981174397));
#1620=CARTESIAN_POINT('Origin',(156.5,434.980152326007,594.811875355402));
#1621=CARTESIAN_POINT('',(157.,433.480152326007,594.811875355402));
#1622=CARTESIAN_POINT('',(156.,436.480152326006,594.811875355402));
#1623=CARTESIAN_POINT('Origin',(211.25,433.480152326007,582.388769536406));
#1624=CARTESIAN_POINT('',(215.257737080576,433.480152326007,582.388769536406));
#1625=CARTESIAN_POINT('Origin',(219.957737080576,433.480152326007,582.388769536406));
#1626=CARTESIAN_POINT('Origin',(219.957737080576,433.480152326005,582.388769536406));
#1627=CARTESIAN_POINT('',(215.957737080576,435.480152326007,582.388769536406));
#1628=CARTESIAN_POINT('Origin',(219.957737080576,435.480152326007,582.388769536406));
#1629=CARTESIAN_POINT('',(215.957737080576,433.480152326005,582.388769536406));
#1630=CARTESIAN_POINT('Origin',(219.957737080576,434.480152326007,582.388769536406));
#1631=CARTESIAN_POINT('',(215.607737080576,434.480152326007,582.388769536406));
#1632=CARTESIAN_POINT('Ctrl Pts',(162.999763933836,451.978685980158,571.988769536406));
#1633=CARTESIAN_POINT('Ctrl Pts',(162.986164553905,450.420346453955,571.988769536406));
#1634=CARTESIAN_POINT('Ctrl Pts',(162.958977705308,447.306916720079,572.701434209753));
#1635=CARTESIAN_POINT('Ctrl Pts',(162.926263334814,443.564565395828,575.686974226163));
#1636=CARTESIAN_POINT('Ctrl Pts',(162.908146330457,441.493633137929,579.998471739966));
#1637=CARTESIAN_POINT('Ctrl Pts',(162.908123476992,441.491038400794,584.779927816656));
#1638=CARTESIAN_POINT('Ctrl Pts',(162.926273556325,443.565727398507,589.090424345901));
#1639=CARTESIAN_POINT('Ctrl Pts',(162.958976324973,447.3067617543,592.076035305336));
#1640=CARTESIAN_POINT('Ctrl Pts',(162.986164553905,450.420346453955,592.788769536406));
#1641=CARTESIAN_POINT('Ctrl Pts',(162.999763933836,451.978685980158,592.788769536406));
#1642=CARTESIAN_POINT('Ctrl Pts',(162.066484102043,451.989180014869,571.055446872564));
#1643=CARTESIAN_POINT('Ctrl Pts',(162.051664389099,450.291005712088,571.053874452808));
#1644=CARTESIAN_POINT('Ctrl Pts',(162.022031349567,446.89668706663,571.82736391934));
#1645=CARTESIAN_POINT('Ctrl Pts',(161.986358948313,442.813405224661,575.079638463048));
#1646=CARTESIAN_POINT('Ctrl Pts',(161.966598223325,440.552543646958,579.781345551959));
#1647=CARTESIAN_POINT('Ctrl Pts',(161.966573233364,440.549696621706,584.997145417497));
#1648=CARTESIAN_POINT('Ctrl Pts',(161.986370119827,442.814678969748,589.697745227959));
#1649=CARTESIAN_POINT('Ctrl Pts',(162.022029833636,446.896515566069,592.950098243091));
#1650=CARTESIAN_POINT('Ctrl Pts',(162.051664389099,450.291005712088,593.723664620004));
#1651=CARTESIAN_POINT('Ctrl Pts',(162.066484102043,451.989180014869,593.722092200248));
#1652=CARTESIAN_POINT('Ctrl Pts',(161.13320427025,451.99967404958,570.122124208722));
#1653=CARTESIAN_POINT('Ctrl Pts',(161.117164224293,450.161664970221,570.11897936921));
#1654=CARTESIAN_POINT('Ctrl Pts',(161.085084993825,446.486457413181,570.953293628927));
#1655=CARTESIAN_POINT('Ctrl Pts',(161.046454561813,442.062245053493,574.472302699932));
#1656=CARTESIAN_POINT('Ctrl Pts',(161.025050116192,439.611454155988,579.564219363951));
#1657=CARTESIAN_POINT('Ctrl Pts',(161.025022989736,439.608354842618,585.214363018337));
#1658=CARTESIAN_POINT('Ctrl Pts',(161.046466683328,442.063630540989,590.305066110017));
#1659=CARTESIAN_POINT('Ctrl Pts',(161.085083342299,446.486269377838,593.824161180845));
#1660=CARTESIAN_POINT('Ctrl Pts',(161.117164224293,450.161664970221,594.658559703602));
#1661=CARTESIAN_POINT('Ctrl Pts',(161.13320427025,451.99967404958,594.65541486409));
#1662=CARTESIAN_POINT('Ctrl Pts',(160.199924438456,452.010168084291,569.18880154488));
#1663=CARTESIAN_POINT('Ctrl Pts',(160.182664059487,450.032324228354,569.184084285611));
#1664=CARTESIAN_POINT('Ctrl Pts',(160.148138638084,446.076227759732,570.079223338514));
#1665=CARTESIAN_POINT('Ctrl Pts',(160.106550175312,441.311084882325,573.864966936816));
#1666=CARTESIAN_POINT('Ctrl Pts',(160.083502009059,438.670364665017,579.347093175943));
#1667=CARTESIAN_POINT('Ctrl Pts',(160.083472746108,438.66701306353,585.431580619178));
#1668=CARTESIAN_POINT('Ctrl Pts',(160.10656324683,441.312582112229,590.912386992074));
#1669=CARTESIAN_POINT('Ctrl Pts',(160.148136850963,446.076023189608,594.6982241186));
#1670=CARTESIAN_POINT('Ctrl Pts',(160.182664059487,450.032324228354,595.593454787201));
#1671=CARTESIAN_POINT('Ctrl Pts',(160.199924438456,452.010168084291,595.588737527932));
#1672=CARTESIAN_POINT('',(160.199649698301,451.978685980158,569.188764001715));
#1673=CARTESIAN_POINT('',(160.199649698301,451.978685980158,595.588775071097));
#1674=CARTESIAN_POINT('Ctrl Pts',(160.199649698303,451.978685980158,569.188764001721));
#1675=CARTESIAN_POINT('Ctrl Pts',(160.199649698303,451.100300776801,569.196429337838));
#1676=CARTESIAN_POINT('Ctrl Pts',(160.199649698303,450.224842541369,569.291747997807));
#1677=CARTESIAN_POINT('Ctrl Pts',(160.199649698303,448.496577833627,569.656842984277));
#1678=CARTESIAN_POINT('Ctrl Pts',(160.199649698303,447.648543438902,569.927552854572));
#1679=CARTESIAN_POINT('Ctrl Pts',(160.199649698303,445.257383575009,570.966267344893));
#1680=CARTESIAN_POINT('Ctrl Pts',(160.199649698303,443.829504918785,571.952646324533));
#1681=CARTESIAN_POINT('Ctrl Pts',(160.199649698303,441.432664977239,574.416835315983));
#1682=CARTESIAN_POINT('Ctrl Pts',(160.199649698303,440.486454300276,575.870931942531));
#1683=CARTESIAN_POINT('Ctrl Pts',(160.199649698303,439.204417658733,579.060225061405));
#1684=CARTESIAN_POINT('Ctrl Pts',(160.199649698303,438.88095938791,580.764978600308));
#1685=CARTESIAN_POINT('Ctrl Pts',(160.199649698303,438.905698953074,584.203085126139));
#1686=CARTESIAN_POINT('Ctrl Pts',(160.199649698303,439.253879544492,585.903551203587));
#1687=CARTESIAN_POINT('Ctrl Pts',(160.199649698303,440.582636743535,589.075226738944));
#1688=CARTESIAN_POINT('Ctrl Pts',(160.199649698303,441.550503813404,590.516089858058));
#1689=CARTESIAN_POINT('Ctrl Pts',(160.199649698303,443.983488873261,592.944888536309));
#1690=CARTESIAN_POINT('Ctrl Pts',(160.199649698303,445.42507662762,593.909873942094));
#1691=CARTESIAN_POINT('Ctrl Pts',(160.199649698303,448.585660167219,595.228452622466));
#1692=CARTESIAN_POINT('Ctrl Pts',(160.199649698303,450.272753454833,595.573888041858));
#1693=CARTESIAN_POINT('Ctrl Pts',(160.199649698303,451.978685980158,595.588775071091));
#1694=CARTESIAN_POINT('Ctrl Pts',(160.199649698828,451.978686040604,595.588774419638));
#1695=CARTESIAN_POINT('Ctrl Pts',(160.632252060348,451.978686040315,595.156184461309));
#1696=CARTESIAN_POINT('Ctrl Pts',(161.067974614404,451.978686010592,594.720476040378));
#1697=CARTESIAN_POINT('Ctrl Pts',(161.499706619688,451.97868600034,594.288760249491));
#1698=CARTESIAN_POINT('Ctrl Pts',(161.997145971925,451.978685988527,593.791339579399));
#1699=CARTESIAN_POINT('Ctrl Pts',(162.501884473226,451.978685980158,593.286622993985));
#1700=CARTESIAN_POINT('Ctrl Pts',(162.999763933836,451.978685980158,592.788769536406));
#1701=CARTESIAN_POINT('Ctrl Pts',(162.999763933836,451.978685980158,571.988769536406));
#1702=CARTESIAN_POINT('Ctrl Pts',(162.501884677867,451.978685980158,571.490916283457));
#1703=CARTESIAN_POINT('Ctrl Pts',(161.997146389903,451.978685989532,570.986199910912));
#1704=CARTESIAN_POINT('Ctrl Pts',(161.499707237031,451.978686003034,570.488779439405));
#1705=CARTESIAN_POINT('Ctrl Pts',(161.067975025605,451.978686014753,570.057063441713));
#1706=CARTESIAN_POINT('Ctrl Pts',(160.632252258037,451.97868604649,569.621354806353));
#1707=CARTESIAN_POINT('Ctrl Pts',(160.199649698903,451.978686049177,569.188764649313));
#1708=CARTESIAN_POINT('Origin',(157.800350301893,451.978685980158,569.995425162338));
#1709=CARTESIAN_POINT('',(157.800350301893,451.978685980158,569.895425162546));
#1710=CARTESIAN_POINT('',(157.800350301893,451.978685980158,594.882113910266));
#1711=CARTESIAN_POINT('Origin',(157.800350301893,451.978685980158,582.388769536406));
#1712=CARTESIAN_POINT('',(157.800350302081,451.978685980158,597.281491952219));
#1713=CARTESIAN_POINT('',(157.800350301893,451.978685980158,576.192097349372));
#1714=CARTESIAN_POINT('',(157.800350302081,451.978685980158,567.496047120593));
#1715=CARTESIAN_POINT('Origin',(157.800350302081,451.978685980158,582.388769536406));
#1716=CARTESIAN_POINT('',(157.800350301893,451.978685980158,576.192097349372));
#1717=CARTESIAN_POINT('Ctrl Pts',(157.800350302081,451.978685980158,567.496047120593));
#1718=CARTESIAN_POINT('Ctrl Pts',(157.800350302081,437.085963564345,567.496047120593));
#1719=CARTESIAN_POINT('Ctrl Pts',(157.800350302081,437.085963564345,582.388769536406));
#1720=CARTESIAN_POINT('Ctrl Pts',(157.800350302081,437.085963564345,597.281491952219));
#1721=CARTESIAN_POINT('Ctrl Pts',(157.800350302081,451.978685980158,597.281491952219));
#1722=CARTESIAN_POINT('Ctrl Pts',(157.800350302081,466.87140839597,597.281491952219));
#1723=CARTESIAN_POINT('Ctrl Pts',(157.800350302081,466.87140839597,582.388769536406));
#1724=CARTESIAN_POINT('Ctrl Pts',(157.800350302081,466.87140839597,567.496047120593));
#1725=CARTESIAN_POINT('Ctrl Pts',(157.800350302081,451.978685980158,567.496047120593));
#1726=CARTESIAN_POINT('Ctrl Pts',(157.800350303318,451.978685980158,567.496036264162));
#1727=CARTESIAN_POINT('Ctrl Pts',(157.800350303318,437.085952707914,567.496036264162));
#1728=CARTESIAN_POINT('Ctrl Pts',(157.800350303318,437.085952707914,582.388769536406));
#1729=CARTESIAN_POINT('Ctrl Pts',(157.800350303318,437.085952707914,597.28150280865));
#1730=CARTESIAN_POINT('Ctrl Pts',(157.800350303318,451.978685980158,597.28150280865));
#1731=CARTESIAN_POINT('Ctrl Pts',(157.800350303318,466.871419252401,597.28150280865));
#1732=CARTESIAN_POINT('Ctrl Pts',(157.800350303318,466.871419252401,582.388769536406));
#1733=CARTESIAN_POINT('Ctrl Pts',(157.800350303318,466.871419252401,567.496036264162));
#1734=CARTESIAN_POINT('Ctrl Pts',(157.800350303318,451.978685980158,567.496036264162));
#1735=CARTESIAN_POINT('Ctrl Pts',(157.800350304556,451.978685980158,567.496025407513));
#1736=CARTESIAN_POINT('Ctrl Pts',(157.800350304556,437.085941851265,567.496025407513));
#1737=CARTESIAN_POINT('Ctrl Pts',(157.800350304556,437.085941851265,582.388769536406));
#1738=CARTESIAN_POINT('Ctrl Pts',(157.800350304556,437.085941851265,597.281513665299));
#1739=CARTESIAN_POINT('Ctrl Pts',(157.800350304556,451.978685980158,597.281513665299));
#1740=CARTESIAN_POINT('Ctrl Pts',(157.800350304556,466.87143010905,597.281513665299));
#1741=CARTESIAN_POINT('Ctrl Pts',(157.800350304556,466.87143010905,582.388769536406));
#1742=CARTESIAN_POINT('Ctrl Pts',(157.800350304556,466.87143010905,567.496025407513));
#1743=CARTESIAN_POINT('Ctrl Pts',(157.800350304556,451.978685980158,567.496025407513));
#1744=CARTESIAN_POINT('Ctrl Pts',(157.800350305793,451.978685980158,567.496014550745));
#1745=CARTESIAN_POINT('Ctrl Pts',(157.800350305793,437.085930994497,567.496014550745));
#1746=CARTESIAN_POINT('Ctrl Pts',(157.800350305793,437.085930994497,582.388769536406));
#1747=CARTESIAN_POINT('Ctrl Pts',(157.800350305793,437.085930994497,597.281524522066));
#1748=CARTESIAN_POINT('Ctrl Pts',(157.800350305793,451.978685980158,597.281524522066));
#1749=CARTESIAN_POINT('Ctrl Pts',(157.800350305793,466.871440965818,597.281524522066));
#1750=CARTESIAN_POINT('Ctrl Pts',(157.800350305793,466.871440965818,582.388769536406));
#1751=CARTESIAN_POINT('Ctrl Pts',(157.800350305793,466.871440965818,567.496014550745));
#1752=CARTESIAN_POINT('Ctrl Pts',(157.800350305793,451.978685980158,567.496014550745));
#1753=CARTESIAN_POINT('Ctrl Pts',(157.800360764222,451.978685980158,567.404272297186));
#1754=CARTESIAN_POINT('Ctrl Pts',(157.800360764222,436.994188740938,567.404272297186));
#1755=CARTESIAN_POINT('Ctrl Pts',(157.800360764222,436.994188740938,582.388769536406));
#1756=CARTESIAN_POINT('Ctrl Pts',(157.800360764222,436.994188740938,597.373266775626));
#1757=CARTESIAN_POINT('Ctrl Pts',(157.800360764222,451.978685980158,597.373266775626));
#1758=CARTESIAN_POINT('Ctrl Pts',(157.800360764222,466.963183219377,597.373266775626));
#1759=CARTESIAN_POINT('Ctrl Pts',(157.800360764222,466.963183219377,582.388769536406));
#1760=CARTESIAN_POINT('Ctrl Pts',(157.800360764222,466.963183219377,567.404272297186));
#1761=CARTESIAN_POINT('Ctrl Pts',(157.800360764222,451.978685980158,567.404272297186));
#1762=CARTESIAN_POINT('Ctrl Pts',(157.818407446454,451.978685980158,567.313420512727));
#1763=CARTESIAN_POINT('Ctrl Pts',(157.818407446454,436.903336956479,567.313420512727));
#1764=CARTESIAN_POINT('Ctrl Pts',(157.818407446454,436.903336956479,582.388769536406));
#1765=CARTESIAN_POINT('Ctrl Pts',(157.818407446454,436.903336956479,597.464118560084));
#1766=CARTESIAN_POINT('Ctrl Pts',(157.818407446454,451.978685980158,597.464118560084));
#1767=CARTESIAN_POINT('Ctrl Pts',(157.818407446454,467.054035003836,597.464118560084));
#1768=CARTESIAN_POINT('Ctrl Pts',(157.818407446454,467.054035003836,582.388769536406));
#1769=CARTESIAN_POINT('Ctrl Pts',(157.818407446454,467.054035003836,567.313420512727));
#1770=CARTESIAN_POINT('Ctrl Pts',(157.818407446454,451.978685980158,567.313420512727));
#1771=CARTESIAN_POINT('Ctrl Pts',(157.853461592371,451.978685980158,567.228638942677));
#1772=CARTESIAN_POINT('Ctrl Pts',(157.853461592371,436.818555386428,567.228638942677));
#1773=CARTESIAN_POINT('Ctrl Pts',(157.853461592371,436.818555386428,582.388769536406));
#1774=CARTESIAN_POINT('Ctrl Pts',(157.853461592371,436.818555386428,597.548900130135));
#1775=CARTESIAN_POINT('Ctrl Pts',(157.853461592371,451.978685980158,597.548900130135));
#1776=CARTESIAN_POINT('Ctrl Pts',(157.853461592371,467.138816573887,597.548900130135));
#1777=CARTESIAN_POINT('Ctrl Pts',(157.853461592371,467.138816573887,582.388769536406));
#1778=CARTESIAN_POINT('Ctrl Pts',(157.853461592371,467.138816573887,567.228638942677));
#1779=CARTESIAN_POINT('Ctrl Pts',(157.853461592371,451.978685980158,567.228638942677));
#1780=CARTESIAN_POINT('Ctrl Pts',(157.887826670323,451.978685980158,567.145523944794));
#1781=CARTESIAN_POINT('Ctrl Pts',(157.887826670323,436.735440388546,567.145523944794));
#1782=CARTESIAN_POINT('Ctrl Pts',(157.887826670323,436.735440388546,582.388769536406));
#1783=CARTESIAN_POINT('Ctrl Pts',(157.887826670323,436.735440388546,597.632015128018));
#1784=CARTESIAN_POINT('Ctrl Pts',(157.887826670323,451.978685980158,597.632015128018));
#1785=CARTESIAN_POINT('Ctrl Pts',(157.887826670323,467.221931571769,597.632015128018));
#1786=CARTESIAN_POINT('Ctrl Pts',(157.887826670323,467.221931571769,582.388769536406));
#1787=CARTESIAN_POINT('Ctrl Pts',(157.887826670323,467.221931571769,567.145523944794));
#1788=CARTESIAN_POINT('Ctrl Pts',(157.887826670323,451.978685980158,567.145523944794));
#1789=CARTESIAN_POINT('Ctrl Pts',(157.937890682241,451.978685980158,567.069806315075));
#1790=CARTESIAN_POINT('Ctrl Pts',(157.937890682241,436.659722758827,567.069806315075));
#1791=CARTESIAN_POINT('Ctrl Pts',(157.937890682241,436.659722758827,582.388769536406));
#1792=CARTESIAN_POINT('Ctrl Pts',(157.937890682241,436.659722758827,597.707732757737));
#1793=CARTESIAN_POINT('Ctrl Pts',(157.937890682241,451.978685980158,597.707732757737));
#1794=CARTESIAN_POINT('Ctrl Pts',(157.937890682241,467.297649201488,597.707732757737));
#1795=CARTESIAN_POINT('Ctrl Pts',(157.937890682241,467.297649201488,582.388769536406));
#1796=CARTESIAN_POINT('Ctrl Pts',(157.937890682241,467.297649201488,567.069806315075));
#1797=CARTESIAN_POINT('Ctrl Pts',(157.937890682241,451.978685980158,567.069806315075));
#1798=CARTESIAN_POINT('Ctrl Pts',(158.000907980702,451.978685980158,567.005636865217));
#1799=CARTESIAN_POINT('Ctrl Pts',(158.000907980702,436.595553308968,567.005636865217));
#1800=CARTESIAN_POINT('Ctrl Pts',(158.000907980702,436.595553308968,582.388769536406));
#1801=CARTESIAN_POINT('Ctrl Pts',(158.000907980702,436.595553308968,597.771902207595));
#1802=CARTESIAN_POINT('Ctrl Pts',(158.000907980702,451.978685980158,597.771902207595));
#1803=CARTESIAN_POINT('Ctrl Pts',(158.000907980702,467.361818651347,597.771902207595));
#1804=CARTESIAN_POINT('Ctrl Pts',(158.000907980702,467.361818651347,582.388769536406));
#1805=CARTESIAN_POINT('Ctrl Pts',(158.000907980702,467.361818651347,567.005636865217));
#1806=CARTESIAN_POINT('Ctrl Pts',(158.000907980702,451.978685980158,567.005636865217));
#1807=CARTESIAN_POINT('Ctrl Pts',(158.066459791854,451.978685980158,566.938886563926));
#1808=CARTESIAN_POINT('Ctrl Pts',(158.066459791854,436.528803007678,566.938886563926));
#1809=CARTESIAN_POINT('Ctrl Pts',(158.066459791854,436.528803007678,582.388769536406));
#1810=CARTESIAN_POINT('Ctrl Pts',(158.066459791854,436.528803007678,597.838652508886));
#1811=CARTESIAN_POINT('Ctrl Pts',(158.066459791854,451.978685980158,597.838652508886));
#1812=CARTESIAN_POINT('Ctrl Pts',(158.066459791854,467.428568952637,597.838652508886));
#1813=CARTESIAN_POINT('Ctrl Pts',(158.066459791854,467.428568952637,582.388769536406));
#1814=CARTESIAN_POINT('Ctrl Pts',(158.066459791854,467.428568952637,566.938886563926));
#1815=CARTESIAN_POINT('Ctrl Pts',(158.066459791854,451.978685980158,566.938886563926));
#1816=CARTESIAN_POINT('Ctrl Pts',(158.144732689474,451.978685980158,566.885950734732));
#1817=CARTESIAN_POINT('Ctrl Pts',(158.144732689474,436.475867178484,566.885950734732));
#1818=CARTESIAN_POINT('Ctrl Pts',(158.144732689474,436.475867178484,582.388769536406));
#1819=CARTESIAN_POINT('Ctrl Pts',(158.144732689474,436.475867178484,597.891588338079));
#1820=CARTESIAN_POINT('Ctrl Pts',(158.144732689474,451.978685980158,597.891588338079));
#1821=CARTESIAN_POINT('Ctrl Pts',(158.144732689474,467.481504781831,597.891588338079));
#1822=CARTESIAN_POINT('Ctrl Pts',(158.144732689474,467.481504781831,582.388769536406));
#1823=CARTESIAN_POINT('Ctrl Pts',(158.144732689474,467.481504781831,566.885950734732));
#1824=CARTESIAN_POINT('Ctrl Pts',(158.144732689474,451.978685980158,566.885950734732));
#1825=CARTESIAN_POINT('Ctrl Pts',(158.231088845038,451.978685980158,566.849964276093));
#1826=CARTESIAN_POINT('Ctrl Pts',(158.231088845038,436.439880719845,566.849964276093));
#1827=CARTESIAN_POINT('Ctrl Pts',(158.231088845038,436.439880719845,582.388769536406));
#1828=CARTESIAN_POINT('Ctrl Pts',(158.231088845038,436.439880719845,597.927574796718));
#1829=CARTESIAN_POINT('Ctrl Pts',(158.231088845038,451.978685980158,597.927574796718));
#1830=CARTESIAN_POINT('Ctrl Pts',(158.231088845038,467.51749124047,597.927574796718));
#1831=CARTESIAN_POINT('Ctrl Pts',(158.231088845038,467.51749124047,582.388769536406));
#1832=CARTESIAN_POINT('Ctrl Pts',(158.231088845038,467.51749124047,566.849964276093));
#1833=CARTESIAN_POINT('Ctrl Pts',(158.231088845038,451.978685980158,566.849964276093));
#1834=CARTESIAN_POINT('Ctrl Pts',(158.316409182565,451.978685980158,566.814409465004));
#1835=CARTESIAN_POINT('Ctrl Pts',(158.316409182565,436.404325908756,566.814409465004));
#1836=CARTESIAN_POINT('Ctrl Pts',(158.316409182565,436.404325908756,582.388769536406));
#1837=CARTESIAN_POINT('Ctrl Pts',(158.316409182565,436.404325908756,597.963129607807));
#1838=CARTESIAN_POINT('Ctrl Pts',(158.316409182565,451.978685980158,597.963129607807));
#1839=CARTESIAN_POINT('Ctrl Pts',(158.316409182565,467.553046051559,597.963129607807));
#1840=CARTESIAN_POINT('Ctrl Pts',(158.316409182565,467.553046051559,582.388769536406));
#1841=CARTESIAN_POINT('Ctrl Pts',(158.316409182565,467.553046051559,566.814409465004));
#1842=CARTESIAN_POINT('Ctrl Pts',(158.316409182565,451.978685980158,566.814409465004));
#1843=CARTESIAN_POINT('Ctrl Pts',(158.407931651517,451.978685980158,566.796103182321));
#1844=CARTESIAN_POINT('Ctrl Pts',(158.407931651517,436.386019626073,566.796103182321));
#1845=CARTESIAN_POINT('Ctrl Pts',(158.407931651517,436.386019626073,582.388769536406));
#1846=CARTESIAN_POINT('Ctrl Pts',(158.407931651517,436.386019626073,597.98143589049));
#1847=CARTESIAN_POINT('Ctrl Pts',(158.407931651517,451.978685980158,597.981435890491));
#1848=CARTESIAN_POINT('Ctrl Pts',(158.407931651517,467.571352334242,597.98143589049));
#1849=CARTESIAN_POINT('Ctrl Pts',(158.407931651517,467.571352334242,582.388769536406));
#1850=CARTESIAN_POINT('Ctrl Pts',(158.407931651517,467.571352334242,566.796103182321));
#1851=CARTESIAN_POINT('Ctrl Pts',(158.407931651517,451.978685980158,566.796103182321));
#1852=CARTESIAN_POINT('Ctrl Pts',(158.500363019228,451.978685980158,566.796103291314));
#1853=CARTESIAN_POINT('Ctrl Pts',(158.500363019228,436.386019735066,566.796103291314));
#1854=CARTESIAN_POINT('Ctrl Pts',(158.500363019228,436.386019735066,582.388769536406));
#1855=CARTESIAN_POINT('Ctrl Pts',(158.500363019228,436.386019735066,597.981435781497));
#1856=CARTESIAN_POINT('Ctrl Pts',(158.500363019228,451.978685980158,597.981435781497));
#1857=CARTESIAN_POINT('Ctrl Pts',(158.500363019228,467.571352225249,597.981435781497));
#1858=CARTESIAN_POINT('Ctrl Pts',(158.500363019228,467.571352225249,582.388769536406));
#1859=CARTESIAN_POINT('Ctrl Pts',(158.500363019228,467.571352225249,566.796103291314));
#1860=CARTESIAN_POINT('Ctrl Pts',(158.500363019228,451.978685980158,566.796103291314));
#1861=CARTESIAN_POINT('',(158.500363019229,451.978685980158,597.981435781497));
#1862=CARTESIAN_POINT('Ctrl Pts',(158.500363019228,451.978685980158,597.981435781498));
#1863=CARTESIAN_POINT('Ctrl Pts',(158.407931651517,451.978685980158,597.981435890491));
#1864=CARTESIAN_POINT('Ctrl Pts',(158.316409182565,451.978685980158,597.963129607807));
#1865=CARTESIAN_POINT('Ctrl Pts',(158.231088845038,451.978685980158,597.927574796718));
#1866=CARTESIAN_POINT('Ctrl Pts',(158.144732689474,451.978685980158,597.89158833808));
#1867=CARTESIAN_POINT('Ctrl Pts',(158.066459791854,451.978685980158,597.838652508886));
#1868=CARTESIAN_POINT('Ctrl Pts',(158.000907980702,451.978685980158,597.771902207595));
#1869=CARTESIAN_POINT('Ctrl Pts',(157.937890682241,451.978685980158,597.707732757737));
#1870=CARTESIAN_POINT('Ctrl Pts',(157.887826670324,451.978685980158,597.632015128018));
#1871=CARTESIAN_POINT('Ctrl Pts',(157.853461592371,451.978685980158,597.548900130135));
#1872=CARTESIAN_POINT('Ctrl Pts',(157.818407446454,451.978685980158,597.464118560085));
#1873=CARTESIAN_POINT('Ctrl Pts',(157.800360764222,451.978685980158,597.373266775626));
#1874=CARTESIAN_POINT('Ctrl Pts',(157.800350305793,451.978685980158,597.281524522066));
#1875=CARTESIAN_POINT('Ctrl Pts',(157.800350304556,451.978685980158,597.281513665299));
#1876=CARTESIAN_POINT('Ctrl Pts',(157.800350303318,451.978685980158,597.28150280865));
#1877=CARTESIAN_POINT('Ctrl Pts',(157.800350302081,451.978685980158,597.281491952219));
#1878=CARTESIAN_POINT('',(158.500363019229,451.978685980158,566.796103291314));
#1879=CARTESIAN_POINT('Origin',(158.500363019229,451.978685980158,582.388769536406));
#1880=CARTESIAN_POINT('Ctrl Pts',(157.800350302081,451.978685980158,567.496047120593));
#1881=CARTESIAN_POINT('Ctrl Pts',(157.800350303318,451.978685980158,567.496036264162));
#1882=CARTESIAN_POINT('Ctrl Pts',(157.800350304556,451.978685980158,567.496025407513));
#1883=CARTESIAN_POINT('Ctrl Pts',(157.800350305793,451.978685980158,567.496014550745));
#1884=CARTESIAN_POINT('Ctrl Pts',(157.800360764222,451.978685980158,567.404272297186));
#1885=CARTESIAN_POINT('Ctrl Pts',(157.818407446454,451.978685980158,567.313420512727));
#1886=CARTESIAN_POINT('Ctrl Pts',(157.853461592371,451.978685980158,567.228638942677));
#1887=CARTESIAN_POINT('Ctrl Pts',(157.887826670323,451.978685980158,567.145523944794));
#1888=CARTESIAN_POINT('Ctrl Pts',(157.937890682241,451.978685980158,567.069806315075));
#1889=CARTESIAN_POINT('Ctrl Pts',(158.000907980702,451.978685980158,567.005636865217));
#1890=CARTESIAN_POINT('Ctrl Pts',(158.066459791854,451.978685980158,566.938886563926));
#1891=CARTESIAN_POINT('Ctrl Pts',(158.144732689474,451.978685980158,566.885950734732));
#1892=CARTESIAN_POINT('Ctrl Pts',(158.231088845038,451.978685980158,566.849964276093));
#1893=CARTESIAN_POINT('Ctrl Pts',(158.316409182565,451.978685980158,566.814409465004));
#1894=CARTESIAN_POINT('Ctrl Pts',(158.407931651517,451.978685980158,566.796103182321));
#1895=CARTESIAN_POINT('Ctrl Pts',(158.500363019228,451.978685980158,566.796103291314));
#1896=CARTESIAN_POINT('Ctrl Pts',(159.499636290254,451.978685980158,566.79610258778));
#1897=CARTESIAN_POINT('Ctrl Pts',(159.499636290254,436.386019031532,566.79610258778));
#1898=CARTESIAN_POINT('Ctrl Pts',(159.499636290254,436.386019031532,582.388769536406));
#1899=CARTESIAN_POINT('Ctrl Pts',(159.499636290254,436.386019031532,597.981436485031));
#1900=CARTESIAN_POINT('Ctrl Pts',(159.499636290254,451.978685980158,597.981436485031));
#1901=CARTESIAN_POINT('Ctrl Pts',(159.499636290254,467.571352928783,597.981436485031));
#1902=CARTESIAN_POINT('Ctrl Pts',(159.499636290254,467.571352928783,582.388769536406));
#1903=CARTESIAN_POINT('Ctrl Pts',(159.499636290254,467.571352928783,566.79610258778));
#1904=CARTESIAN_POINT('Ctrl Pts',(159.499636290254,451.978685980158,566.79610258778));
#1905=CARTESIAN_POINT('Ctrl Pts',(159.591417286062,451.978685980158,566.796102389726));
#1906=CARTESIAN_POINT('Ctrl Pts',(159.591417286062,436.386018833477,566.796102389726));
#1907=CARTESIAN_POINT('Ctrl Pts',(159.591417286062,436.386018833477,582.388769536406));
#1908=CARTESIAN_POINT('Ctrl Pts',(159.591417286062,436.386018833477,597.981436683086));
#1909=CARTESIAN_POINT('Ctrl Pts',(159.591417286062,451.978685980158,597.981436683086));
#1910=CARTESIAN_POINT('Ctrl Pts',(159.591417286062,467.571353126838,597.981436683086));
#1911=CARTESIAN_POINT('Ctrl Pts',(159.591417286062,467.571353126838,582.388769536406));
#1912=CARTESIAN_POINT('Ctrl Pts',(159.591417286062,467.571353126838,566.796102389726));
#1913=CARTESIAN_POINT('Ctrl Pts',(159.591417286062,451.978685980158,566.796102389726));
#1914=CARTESIAN_POINT('Ctrl Pts',(159.682309144677,451.978685980158,566.814152053974));
#1915=CARTESIAN_POINT('Ctrl Pts',(159.682309144677,436.404068497725,566.814152053974));
#1916=CARTESIAN_POINT('Ctrl Pts',(159.682309144677,436.404068497725,582.388769536406));
#1917=CARTESIAN_POINT('Ctrl Pts',(159.682309144677,436.404068497725,597.963387018838));
#1918=CARTESIAN_POINT('Ctrl Pts',(159.682309144677,451.978685980158,597.963387018838));
#1919=CARTESIAN_POINT('Ctrl Pts',(159.682309144677,467.55330346259,597.963387018838));
#1920=CARTESIAN_POINT('Ctrl Pts',(159.682309144677,467.55330346259,582.388769536406));
#1921=CARTESIAN_POINT('Ctrl Pts',(159.682309144677,467.55330346259,566.814152053974));
#1922=CARTESIAN_POINT('Ctrl Pts',(159.682309144677,451.978685980158,566.814152053974));
#1923=CARTESIAN_POINT('Ctrl Pts',(159.767126279247,451.978685980158,566.849222671363));
#1924=CARTESIAN_POINT('Ctrl Pts',(159.767126279247,436.439139115115,566.849222671363));
#1925=CARTESIAN_POINT('Ctrl Pts',(159.767126279247,436.439139115115,582.388769536406));
#1926=CARTESIAN_POINT('Ctrl Pts',(159.767126279247,436.439139115115,597.928316401448));
#1927=CARTESIAN_POINT('Ctrl Pts',(159.767126279247,451.978685980158,597.928316401448));
#1928=CARTESIAN_POINT('Ctrl Pts',(159.767126279247,467.5182328452,597.928316401448));
#1929=CARTESIAN_POINT('Ctrl Pts',(159.767126279247,467.5182328452,582.388769536406));
#1930=CARTESIAN_POINT('Ctrl Pts',(159.767126279247,467.5182328452,566.849222671363));
#1931=CARTESIAN_POINT('Ctrl Pts',(159.767126279247,451.978685980158,566.849222671363));
#1932=CARTESIAN_POINT('Ctrl Pts',(159.850240364964,451.978685980158,566.883589103507));
#1933=CARTESIAN_POINT('Ctrl Pts',(159.850240364964,436.473505547259,566.883589103507));
#1934=CARTESIAN_POINT('Ctrl Pts',(159.850240364964,436.473505547259,582.388769536406));
#1935=CARTESIAN_POINT('Ctrl Pts',(159.850240364964,436.473505547259,597.893949969304));
#1936=CARTESIAN_POINT('Ctrl Pts',(159.850240364964,451.978685980158,597.893949969304));
#1937=CARTESIAN_POINT('Ctrl Pts',(159.850240364964,467.483866413056,597.893949969304));
#1938=CARTESIAN_POINT('Ctrl Pts',(159.850240364964,467.483866413056,582.388769536406));
#1939=CARTESIAN_POINT('Ctrl Pts',(159.850240364964,467.483866413056,566.883589103507));
#1940=CARTESIAN_POINT('Ctrl Pts',(159.850240364964,451.978685980158,566.883589103507));
#1941=CARTESIAN_POINT('Ctrl Pts',(159.925958403566,451.978685980158,566.933653671138));
#1942=CARTESIAN_POINT('Ctrl Pts',(159.925958403566,436.52357011489,566.933653671138));
#1943=CARTESIAN_POINT('Ctrl Pts',(159.925958403566,436.52357011489,582.388769536406));
#1944=CARTESIAN_POINT('Ctrl Pts',(159.925958403566,436.52357011489,597.843885401674));
#1945=CARTESIAN_POINT('Ctrl Pts',(159.925958403566,451.978685980158,597.843885401674));
#1946=CARTESIAN_POINT('Ctrl Pts',(159.925958403566,467.433801845426,597.843885401674));
#1947=CARTESIAN_POINT('Ctrl Pts',(159.925958403566,467.433801845426,582.388769536406));
#1948=CARTESIAN_POINT('Ctrl Pts',(159.925958403566,467.433801845426,566.933653671138));
#1949=CARTESIAN_POINT('Ctrl Pts',(159.925958403566,451.978685980158,566.933653671138));
#1950=CARTESIAN_POINT('Ctrl Pts',(159.990128597281,451.978685980158,566.996672684015));
#1951=CARTESIAN_POINT('Ctrl Pts',(159.990128597281,436.586589127767,566.996672684015));
#1952=CARTESIAN_POINT('Ctrl Pts',(159.990128597281,436.586589127767,582.388769536406));
#1953=CARTESIAN_POINT('Ctrl Pts',(159.990128597281,436.586589127767,597.780866388796));
#1954=CARTESIAN_POINT('Ctrl Pts',(159.990128597281,451.978685980158,597.780866388796));
#1955=CARTESIAN_POINT('Ctrl Pts',(159.990128597281,467.370782832548,597.780866388796));
#1956=CARTESIAN_POINT('Ctrl Pts',(159.990128597281,467.370782832548,582.388769536406));
#1957=CARTESIAN_POINT('Ctrl Pts',(159.990128597281,467.370782832548,566.996672684015));
#1958=CARTESIAN_POINT('Ctrl Pts',(159.990128597281,451.978685980158,566.996672684015));
#1959=CARTESIAN_POINT('Ctrl Pts',(160.056873638321,451.978685980158,567.062220352759));
#1960=CARTESIAN_POINT('Ctrl Pts',(160.056873638321,436.652136796511,567.062220352759));
#1961=CARTESIAN_POINT('Ctrl Pts',(160.056873638321,436.652136796511,582.388769536406));
#1962=CARTESIAN_POINT('Ctrl Pts',(160.056873638321,436.652136796511,597.715318720053));
#1963=CARTESIAN_POINT('Ctrl Pts',(160.056873638321,451.978685980158,597.715318720053));
#1964=CARTESIAN_POINT('Ctrl Pts',(160.056873638321,467.305235163805,597.715318720053));
#1965=CARTESIAN_POINT('Ctrl Pts',(160.056873638321,467.305235163805,582.388769536406));
#1966=CARTESIAN_POINT('Ctrl Pts',(160.056873638321,467.305235163805,567.062220352759));
#1967=CARTESIAN_POINT('Ctrl Pts',(160.056873638321,451.978685980158,567.062220352759));
#1968=CARTESIAN_POINT('Ctrl Pts',(160.109806988418,451.978685980158,567.14048813239));
#1969=CARTESIAN_POINT('Ctrl Pts',(160.109806988418,436.730404576142,567.14048813239));
#1970=CARTESIAN_POINT('Ctrl Pts',(160.109806988418,436.730404576142,582.388769536406));
#1971=CARTESIAN_POINT('Ctrl Pts',(160.109806988418,436.730404576142,597.637050940422));
#1972=CARTESIAN_POINT('Ctrl Pts',(160.109806988418,451.978685980158,597.637050940422));
#1973=CARTESIAN_POINT('Ctrl Pts',(160.109806988418,467.226967384173,597.637050940422));
#1974=CARTESIAN_POINT('Ctrl Pts',(160.109806988418,467.226967384173,582.388769536406));
#1975=CARTESIAN_POINT('Ctrl Pts',(160.109806988418,467.226967384173,567.14048813239));
#1976=CARTESIAN_POINT('Ctrl Pts',(160.109806988418,451.978685980158,567.14048813239));
#1977=CARTESIAN_POINT('Ctrl Pts',(160.145791998264,451.978685980158,567.226840094498));
#1978=CARTESIAN_POINT('Ctrl Pts',(160.145791998264,436.81675653825,567.226840094498));
#1979=CARTESIAN_POINT('Ctrl Pts',(160.145791998264,436.81675653825,582.388769536406));
#1980=CARTESIAN_POINT('Ctrl Pts',(160.145791998264,436.81675653825,597.550698978314));
#1981=CARTESIAN_POINT('Ctrl Pts',(160.145791998264,451.978685980158,597.550698978314));
#1982=CARTESIAN_POINT('Ctrl Pts',(160.145791998264,467.140615422065,597.550698978314));
#1983=CARTESIAN_POINT('Ctrl Pts',(160.145791998264,467.140615422065,582.388769536406));
#1984=CARTESIAN_POINT('Ctrl Pts',(160.145791998264,467.140615422065,567.226840094498));
#1985=CARTESIAN_POINT('Ctrl Pts',(160.145791998264,451.978685980158,567.226840094498));
#1986=CARTESIAN_POINT('Ctrl Pts',(160.181333973033,451.978685980158,567.312128920916));
#1987=CARTESIAN_POINT('Ctrl Pts',(160.181333973033,436.902045364668,567.312128920916));
#1988=CARTESIAN_POINT('Ctrl Pts',(160.181333973033,436.902045364668,582.388769536406));
#1989=CARTESIAN_POINT('Ctrl Pts',(160.181333973033,436.902045364668,597.465410151896));
#1990=CARTESIAN_POINT('Ctrl Pts',(160.181333973033,451.978685980158,597.465410151896));
#1991=CARTESIAN_POINT('Ctrl Pts',(160.181333973033,467.055326595647,597.465410151896));
#1992=CARTESIAN_POINT('Ctrl Pts',(160.181333973033,467.055326595647,582.388769536406));
#1993=CARTESIAN_POINT('Ctrl Pts',(160.181333973033,467.055326595647,567.312128920916));
#1994=CARTESIAN_POINT('Ctrl Pts',(160.181333973033,451.978685980158,567.312128920916));
#1995=CARTESIAN_POINT('Ctrl Pts',(160.199639279667,451.978685980158,567.403617005828));
#1996=CARTESIAN_POINT('Ctrl Pts',(160.199639279667,436.99353344958,567.403617005828));
#1997=CARTESIAN_POINT('Ctrl Pts',(160.199639279667,436.99353344958,582.388769536406));
#1998=CARTESIAN_POINT('Ctrl Pts',(160.199639279667,436.99353344958,597.373922066983));
#1999=CARTESIAN_POINT('Ctrl Pts',(160.199639279667,451.978685980158,597.373922066983));
#2000=CARTESIAN_POINT('Ctrl Pts',(160.199639279667,466.963838510735,597.373922066983));
#2001=CARTESIAN_POINT('Ctrl Pts',(160.199639279667,466.963838510735,582.388769536406));
#2002=CARTESIAN_POINT('Ctrl Pts',(160.199639279667,466.963838510735,567.403617005828));
#2003=CARTESIAN_POINT('Ctrl Pts',(160.199639279667,451.978685980158,567.403617005828));
#2004=CARTESIAN_POINT('Ctrl Pts',(160.199649694673,451.978685980158,567.496014783674));
#2005=CARTESIAN_POINT('Ctrl Pts',(160.199649694673,437.085931227425,567.496014783674));
#2006=CARTESIAN_POINT('Ctrl Pts',(160.199649694673,437.085931227425,582.388769536406));
#2007=CARTESIAN_POINT('Ctrl Pts',(160.199649694673,437.085931227425,597.281524289138));
#2008=CARTESIAN_POINT('Ctrl Pts',(160.199649694673,451.978685980158,597.281524289138));
#2009=CARTESIAN_POINT('Ctrl Pts',(160.199649694673,466.87144073289,597.281524289138));
#2010=CARTESIAN_POINT('Ctrl Pts',(160.199649694673,466.87144073289,582.388769536406));
#2011=CARTESIAN_POINT('Ctrl Pts',(160.199649694673,466.87144073289,567.496014783674));
#2012=CARTESIAN_POINT('Ctrl Pts',(160.199649694673,451.978685980158,567.496014783674));
#2013=CARTESIAN_POINT('Ctrl Pts',(160.199649695883,451.978685980158,567.49602551928));
#2014=CARTESIAN_POINT('Ctrl Pts',(160.199649695883,437.085941963032,567.49602551928));
#2015=CARTESIAN_POINT('Ctrl Pts',(160.199649695883,437.085941963032,582.388769536406));
#2016=CARTESIAN_POINT('Ctrl Pts',(160.199649695883,437.085941963032,597.281513553531));
#2017=CARTESIAN_POINT('Ctrl Pts',(160.199649695883,451.978685980158,597.281513553531));
#2018=CARTESIAN_POINT('Ctrl Pts',(160.199649695883,466.871429997283,597.281513553531));
#2019=CARTESIAN_POINT('Ctrl Pts',(160.199649695883,466.871429997283,582.388769536406));
#2020=CARTESIAN_POINT('Ctrl Pts',(160.199649695883,466.871429997283,567.49602551928));
#2021=CARTESIAN_POINT('Ctrl Pts',(160.199649695883,451.978685980158,567.49602551928));
#2022=CARTESIAN_POINT('Ctrl Pts',(160.199649697093,451.978685980158,567.496036254667));
#2023=CARTESIAN_POINT('Ctrl Pts',(160.199649697093,437.085952698419,567.496036254667));
#2024=CARTESIAN_POINT('Ctrl Pts',(160.199649697093,437.085952698419,582.388769536406));
#2025=CARTESIAN_POINT('Ctrl Pts',(160.199649697093,437.085952698419,597.281502818145));
#2026=CARTESIAN_POINT('Ctrl Pts',(160.199649697093,451.978685980158,597.281502818145));
#2027=CARTESIAN_POINT('Ctrl Pts',(160.199649697093,466.871419261897,597.281502818145));
#2028=CARTESIAN_POINT('Ctrl Pts',(160.199649697093,466.871419261897,582.388769536406));
#2029=CARTESIAN_POINT('Ctrl Pts',(160.199649697093,466.871419261897,567.496036254667));
#2030=CARTESIAN_POINT('Ctrl Pts',(160.199649697093,451.978685980158,567.496036254667));
#2031=CARTESIAN_POINT('Ctrl Pts',(160.199649698303,451.978685980158,567.496046989832));
#2032=CARTESIAN_POINT('Ctrl Pts',(160.199649698303,437.085963433584,567.496046989832));
#2033=CARTESIAN_POINT('Ctrl Pts',(160.199649698303,437.085963433584,582.388769536406));
#2034=CARTESIAN_POINT('Ctrl Pts',(160.199649698303,437.085963433584,597.28149208298));
#2035=CARTESIAN_POINT('Ctrl Pts',(160.199649698303,451.978685980158,597.28149208298));
#2036=CARTESIAN_POINT('Ctrl Pts',(160.199649698303,466.871408526731,597.28149208298));
#2037=CARTESIAN_POINT('Ctrl Pts',(160.199649698303,466.871408526731,582.388769536406));
#2038=CARTESIAN_POINT('Ctrl Pts',(160.199649698303,466.871408526731,567.496046989832));
#2039=CARTESIAN_POINT('Ctrl Pts',(160.199649698303,451.978685980158,567.496046989832));
#2040=CARTESIAN_POINT('',(160.199649698303,451.978685980158,597.28149208298));
#2041=CARTESIAN_POINT('',(159.499636290253,451.978685980158,597.981436485031));
#2042=CARTESIAN_POINT('Ctrl Pts',(160.199649698303,451.978685980158,597.28149208298));
#2043=CARTESIAN_POINT('Ctrl Pts',(160.199649697093,451.978685980158,597.281502818145));
#2044=CARTESIAN_POINT('Ctrl Pts',(160.199649695883,451.978685980158,597.281513553531));
#2045=CARTESIAN_POINT('Ctrl Pts',(160.199649694673,451.978685980158,597.281524289138));
#2046=CARTESIAN_POINT('Ctrl Pts',(160.199639279667,451.978685980158,597.373922066983));
#2047=CARTESIAN_POINT('Ctrl Pts',(160.181333973033,451.978685980158,597.465410151895));
#2048=CARTESIAN_POINT('Ctrl Pts',(160.145791998264,451.978685980158,597.550698978314));
#2049=CARTESIAN_POINT('Ctrl Pts',(160.109806988418,451.978685980158,597.637050940422));
#2050=CARTESIAN_POINT('Ctrl Pts',(160.056873638321,451.978685980158,597.715318720053));
#2051=CARTESIAN_POINT('Ctrl Pts',(159.990128597281,451.978685980158,597.780866388796));
#2052=CARTESIAN_POINT('Ctrl Pts',(159.925958403566,451.978685980158,597.843885401674));
#2053=CARTESIAN_POINT('Ctrl Pts',(159.850240364964,451.978685980158,597.893949969304));
#2054=CARTESIAN_POINT('Ctrl Pts',(159.767126279247,451.978685980158,597.928316401448));
#2055=CARTESIAN_POINT('Ctrl Pts',(159.682309144677,451.978685980158,597.963387018838));
#2056=CARTESIAN_POINT('Ctrl Pts',(159.591417286062,451.978685980158,597.981436683086));
#2057=CARTESIAN_POINT('Ctrl Pts',(159.499636290254,451.978685980158,597.981436485031));
#2058=CARTESIAN_POINT('',(160.199649698303,451.978685980158,567.496046989832));
#2059=CARTESIAN_POINT('Origin',(160.199649698303,451.978685980158,582.388769536406));
#2060=CARTESIAN_POINT('',(159.499636290253,451.978685980158,566.79610258778));
#2061=CARTESIAN_POINT('Ctrl Pts',(159.499636290254,451.978685980158,566.79610258778));
#2062=CARTESIAN_POINT('Ctrl Pts',(159.591417286062,451.978685980158,566.796102389726));
#2063=CARTESIAN_POINT('Ctrl Pts',(159.682309144677,451.978685980158,566.814152053974));
#2064=CARTESIAN_POINT('Ctrl Pts',(159.767126279247,451.978685980158,566.849222671363));
#2065=CARTESIAN_POINT('Ctrl Pts',(159.850240364964,451.978685980158,566.883589103507));
#2066=CARTESIAN_POINT('Ctrl Pts',(159.925958403566,451.978685980158,566.933653671138));
#2067=CARTESIAN_POINT('Ctrl Pts',(159.990128597281,451.978685980158,566.996672684015));
#2068=CARTESIAN_POINT('Ctrl Pts',(160.056873638321,451.978685980158,567.062220352759));
#2069=CARTESIAN_POINT('Ctrl Pts',(160.109806988418,451.978685980158,567.14048813239));
#2070=CARTESIAN_POINT('Ctrl Pts',(160.145791998264,451.978685980158,567.226840094498));
#2071=CARTESIAN_POINT('Ctrl Pts',(160.181333973033,451.978685980158,567.312128920916));
#2072=CARTESIAN_POINT('Ctrl Pts',(160.199639279667,451.978685980158,567.403617005828));
#2073=CARTESIAN_POINT('Ctrl Pts',(160.199649694673,451.978685980158,567.496014783674));
#2074=CARTESIAN_POINT('Ctrl Pts',(160.199649695883,451.978685980158,567.49602551928));
#2075=CARTESIAN_POINT('Ctrl Pts',(160.199649697093,451.978685980158,567.496036254667));
#2076=CARTESIAN_POINT('Ctrl Pts',(160.199649698303,451.978685980158,567.496046989832));
#2077=CARTESIAN_POINT('Origin',(159.499636290253,451.978685980158,582.388769536406));
#2078=CARTESIAN_POINT('Origin',(160.199649698303,451.978685980158,567.496046989832));
#2079=CARTESIAN_POINT('',(160.199649698303,451.978685980158,574.942408263119));
#2080=CARTESIAN_POINT('',(160.199649698303,451.978685980158,574.942408263119));
#2081=CARTESIAN_POINT('Origin',(158.999999654741,451.978685980158,582.388769536406));
#2082=CARTESIAN_POINT('',(158.999999654741,451.978685980158,566.796102939548));
#2083=CARTESIAN_POINT('',(158.999999654741,451.978685980158,597.981436133264));
#2084=CARTESIAN_POINT('Origin',(211.25,451.978685980158,582.388769536406));
#2085=CARTESIAN_POINT('',(155.999999999767,451.978685980158,569.895425162546));
#2086=CARTESIAN_POINT('',(156.,451.978685980158,582.388769536406));
#2087=CARTESIAN_POINT('',(157.049998232978,451.978685980158,569.895425162546));
#2088=CARTESIAN_POINT('Origin',(211.25,451.978685980158,582.388769536406));
#2089=CARTESIAN_POINT('',(155.999999999767,451.978685980158,594.882113910266));
#2090=CARTESIAN_POINT('',(157.049998232978,451.978685980158,594.882113910266));
#2091=CARTESIAN_POINT('',(156.,451.978685980158,582.388769536406));
#2092=CARTESIAN_POINT('Origin',(156.,437.980152326006,607.234981174397));
#2093=CARTESIAN_POINT('Origin',(156.,451.978685980158,582.388769536406));
#2094=CARTESIAN_POINT('Origin',(157.049998232978,451.978685980158,582.388769536406));
#2095=UNCERTAINTY_MEASURE_WITH_UNIT(LENGTH_MEASURE(0.01),#2099,
'DISTANCE_ACCURACY_VALUE',
'Maximum model space distance between geometric entities at asserted c
onnectivities');
#2096=UNCERTAINTY_MEASURE_WITH_UNIT(LENGTH_MEASURE(0.01),#2099,
'DISTANCE_ACCURACY_VALUE',
'Maximum model space distance between geometric entities at asserted c
onnectivities');
#2097=(
GEOMETRIC_REPRESENTATION_CONTEXT(3)
GLOBAL_UNCERTAINTY_ASSIGNED_CONTEXT((#2095))
GLOBAL_UNIT_ASSIGNED_CONTEXT((#2099,#2101,#2102))
REPRESENTATION_CONTEXT('','3D')
);
#2098=(
GEOMETRIC_REPRESENTATION_CONTEXT(3)
GLOBAL_UNCERTAINTY_ASSIGNED_CONTEXT((#2096))
GLOBAL_UNIT_ASSIGNED_CONTEXT((#2099,#2101,#2102))
REPRESENTATION_CONTEXT('','3D')
);
#2099=(
LENGTH_UNIT()
NAMED_UNIT(*)
SI_UNIT(.MILLI.,.METRE.)
);
#2100=(
LENGTH_UNIT()
NAMED_UNIT(*)
SI_UNIT($,.METRE.)
);
#2101=(
NAMED_UNIT(*)
PLANE_ANGLE_UNIT()
SI_UNIT($,.RADIAN.)
);
#2102=(
NAMED_UNIT(*)
SI_UNIT($,.STERADIAN.)
SOLID_ANGLE_UNIT()
);
#2103=SHAPE_DEFINITION_REPRESENTATION(#2104,#2105);
#2104=PRODUCT_DEFINITION_SHAPE('',$,#2107);
#2105=SHAPE_REPRESENTATION('',(#960),#2097);
#2106=PRODUCT_DEFINITION_CONTEXT('part definition',#2111,'design');
#2107=PRODUCT_DEFINITION('CPAP valve 3-way - Housing - B',
'CPAP valve 3-way - Housing - B',#2108,#2106);
#2108=PRODUCT_DEFINITION_FORMATION('',$,#2113);
#2109=PRODUCT_RELATED_PRODUCT_CATEGORY('CPAP valve 3-way - Housing - B',
'CPAP valve 3-way - Housing - B',(#2113));
#2110=APPLICATION_PROTOCOL_DEFINITION('international standard',
'automotive_design',2009,#2111);
#2111=APPLICATION_CONTEXT(
'Core Data for Automotive Mechanical Design Process');
#2112=PRODUCT_CONTEXT('part definition',#2111,'mechanical');
#2113=PRODUCT('CPAP valve 3-way - Housing - B',
'CPAP valve 3-way - Housing - B',$,(#2112));
#2114=PRESENTATION_STYLE_ASSIGNMENT((#2115));
#2115=SURFACE_STYLE_USAGE(.BOTH.,#2116);
#2116=SURFACE_SIDE_STYLE('',(#2117));
#2117=SURFACE_STYLE_FILL_AREA(#2118);
#2118=FILL_AREA_STYLE('Steel - Satin',(#2119));
#2119=FILL_AREA_STYLE_COLOUR('Steel - Satin',#2120);
#2120=COLOUR_RGB('Steel - Satin',0.627450980392157,0.627450980392157,0.627450980392157);
ENDSEC;
END-ISO-10303-21;
