ISO-10303-21;
HEADER;
/* Generated by software containing ST-Developer
 * from STEP Tools, Inc. (www.steptools.com) 
 */

FILE_DESCRIPTION(
/* description */ (''),
/* implementation_level */ '2;1');

FILE_NAME(
/* name */ 'CPAP valve 3-way - Servo Mount MG946R.step',
/* time_stamp */ '2026-07-24T23:40:16+02:00',
/* author */ (''),
/* organization */ (''),
/* preprocessor_version */ 'ST-DEVELOPER v20.1',
/* originating_system */ 'Autodesk Translation Framework v15.8.0.0',
/* authorisation */ '');

FILE_SCHEMA (('AUTOMOTIVE_DESIGN { 1 0 10303 214 3 1 1 }'));
ENDSEC;

DATA;
#10=MECHANICAL_DESIGN_GEOMETRIC_PRESENTATION_REPRESENTATION('',(#17),#2826);
#11=ITEM_DEFINED_TRANSFORMATION($,$,#1606,#1817);
#12=(
REPRESENTATION_RELATIONSHIP($,$,#2837,#2836)
REPRESENTATION_RELATIONSHIP_WITH_TRANSFORMATION(#11)
SHAPE_REPRESENTATION_RELATIONSHIP()
);
#13=CONTEXT_DEPENDENT_SHAPE_REPRESENTATION(#12,#2835);
#14=NEXT_ASSEMBLY_USAGE_OCCURRENCE('Component2:1','Component2:1',
'Component2:1',#2839,#2840,'Component2:1');
#15=SHAPE_REPRESENTATION_RELATIONSHIP('SRR','None',#2837,#16);
#16=ADVANCED_BREP_SHAPE_REPRESENTATION('',(#18),#2825);
#17=STYLED_ITEM('',(#2850),#18);
#18=MANIFOLD_SOLID_BREP('Body1',#1592);
#19=FACE_BOUND('',#214,.T.);
#20=FACE_BOUND('',#215,.T.);
#21=FACE_BOUND('',#224,.T.);
#22=FACE_BOUND('',#225,.T.);
#23=FACE_BOUND('',#229,.T.);
#24=FACE_BOUND('',#252,.T.);
#25=FACE_BOUND('',#253,.T.);
#26=FACE_BOUND('',#254,.T.);
#27=FACE_BOUND('',#255,.T.);
#28=FACE_BOUND('',#256,.T.);
#29=FACE_BOUND('',#269,.T.);
#30=FACE_BOUND('',#270,.T.);
#31=FACE_BOUND('',#271,.T.);
#32=FACE_BOUND('',#272,.T.);
#33=FACE_BOUND('',#273,.T.);
#34=ELLIPSE('',#1624,1.41421356237309,1.);
#35=ELLIPSE('',#1642,1.41421356237309,1.);
#36=ELLIPSE('',#1661,1.41421356237309,1.);
#37=ELLIPSE('',#1679,1.41421356237309,1.);
#38=PLANE('',#1622);
#39=PLANE('',#1625);
#40=PLANE('',#1643);
#41=PLANE('',#1659);
#42=PLANE('',#1662);
#43=PLANE('',#1680);
#44=PLANE('',#1681);
#45=PLANE('',#1686);
#46=PLANE('',#1687);
#47=PLANE('',#1688);
#48=PLANE('',#1689);
#49=PLANE('',#1694);
#50=PLANE('',#1695);
#51=PLANE('',#1705);
#52=PLANE('',#1724);
#53=PLANE('',#1751);
#54=PLANE('',#1752);
#55=PLANE('',#1763);
#56=PLANE('',#1766);
#57=PLANE('',#1767);
#58=PLANE('',#1770);
#59=PLANE('',#1773);
#60=PLANE('',#1774);
#61=PLANE('',#1775);
#62=PLANE('',#1776);
#63=PLANE('',#1787);
#64=PLANE('',#1790);
#65=PLANE('',#1797);
#66=PLANE('',#1800);
#67=TOROIDAL_SURFACE('',#1610,0.9,0.1);
#68=TOROIDAL_SURFACE('',#1616,0.9,0.1);
#69=TOROIDAL_SURFACE('',#1629,0.9,0.1);
#70=TOROIDAL_SURFACE('',#1635,0.9,0.1);
#71=TOROIDAL_SURFACE('',#1647,0.9,0.1);
#72=TOROIDAL_SURFACE('',#1653,0.9,0.1);
#73=TOROIDAL_SURFACE('',#1666,0.9,0.1);
#74=TOROIDAL_SURFACE('',#1672,0.9,0.1);
#75=TOROIDAL_SURFACE('',#1706,2.,1.);
#76=TOROIDAL_SURFACE('',#1709,2.,1.);
#77=TOROIDAL_SURFACE('',#1714,2.,1.);
#78=TOROIDAL_SURFACE('',#1718,2.,1.);
#79=TOROIDAL_SURFACE('',#1727,7.00000000000003,4.00000000000006);
#80=TOROIDAL_SURFACE('',#1732,6.99999999999996,3.99999999999999);
#81=TOROIDAL_SURFACE('',#1737,7.00000000000003,3.99999999999999);
#82=TOROIDAL_SURFACE('',#1742,7.00000000000001,3.99999999999999);
#83=TOROIDAL_SURFACE('',#1804,1.99999999999983,1.);
#84=TOROIDAL_SURFACE('',#1808,1.99999999999988,1.);
#85=TOROIDAL_SURFACE('',#1812,1.9999999999999,1.);
#86=TOROIDAL_SURFACE('',#1816,1.9999999999999,1.);
#87=FACE_OUTER_BOUND('',#183,.T.);
#88=FACE_OUTER_BOUND('',#184,.T.);
#89=FACE_OUTER_BOUND('',#185,.T.);
#90=FACE_OUTER_BOUND('',#186,.T.);
#91=FACE_OUTER_BOUND('',#187,.T.);
#92=FACE_OUTER_BOUND('',#188,.T.);
#93=FACE_OUTER_BOUND('',#189,.T.);
#94=FACE_OUTER_BOUND('',#190,.T.);
#95=FACE_OUTER_BOUND('',#191,.T.);
#96=FACE_OUTER_BOUND('',#192,.T.);
#97=FACE_OUTER_BOUND('',#193,.T.);
#98=FACE_OUTER_BOUND('',#194,.T.);
#99=FACE_OUTER_BOUND('',#195,.T.);
#100=FACE_OUTER_BOUND('',#196,.T.);
#101=FACE_OUTER_BOUND('',#197,.T.);
#102=FACE_OUTER_BOUND('',#198,.T.);
#103=FACE_OUTER_BOUND('',#199,.T.);
#104=FACE_OUTER_BOUND('',#200,.T.);
#105=FACE_OUTER_BOUND('',#201,.T.);
#106=FACE_OUTER_BOUND('',#202,.T.);
#107=FACE_OUTER_BOUND('',#203,.T.);
#108=FACE_OUTER_BOUND('',#204,.T.);
#109=FACE_OUTER_BOUND('',#205,.T.);
#110=FACE_OUTER_BOUND('',#206,.T.);
#111=FACE_OUTER_BOUND('',#207,.T.);
#112=FACE_OUTER_BOUND('',#208,.T.);
#113=FACE_OUTER_BOUND('',#209,.T.);
#114=FACE_OUTER_BOUND('',#210,.T.);
#115=FACE_OUTER_BOUND('',#211,.T.);
#116=FACE_OUTER_BOUND('',#212,.T.);
#117=FACE_OUTER_BOUND('',#213,.T.);
#118=FACE_OUTER_BOUND('',#216,.T.);
#119=FACE_OUTER_BOUND('',#217,.T.);
#120=FACE_OUTER_BOUND('',#218,.T.);
#121=FACE_OUTER_BOUND('',#219,.T.);
#122=FACE_OUTER_BOUND('',#220,.T.);
#123=FACE_OUTER_BOUND('',#221,.T.);
#124=FACE_OUTER_BOUND('',#222,.T.);
#125=FACE_OUTER_BOUND('',#223,.T.);
#126=FACE_OUTER_BOUND('',#226,.T.);
#127=FACE_OUTER_BOUND('',#227,.T.);
#128=FACE_OUTER_BOUND('',#228,.T.);
#129=FACE_OUTER_BOUND('',#230,.T.);
#130=FACE_OUTER_BOUND('',#231,.T.);
#131=FACE_OUTER_BOUND('',#232,.T.);
#132=FACE_OUTER_BOUND('',#233,.T.);
#133=FACE_OUTER_BOUND('',#234,.T.);
#134=FACE_OUTER_BOUND('',#235,.T.);
#135=FACE_OUTER_BOUND('',#236,.T.);
#136=FACE_OUTER_BOUND('',#237,.T.);
#137=FACE_OUTER_BOUND('',#238,.T.);
#138=FACE_OUTER_BOUND('',#239,.T.);
#139=FACE_OUTER_BOUND('',#240,.T.);
#140=FACE_OUTER_BOUND('',#241,.T.);
#141=FACE_OUTER_BOUND('',#242,.T.);
#142=FACE_OUTER_BOUND('',#243,.T.);
#143=FACE_OUTER_BOUND('',#244,.T.);
#144=FACE_OUTER_BOUND('',#245,.T.);
#145=FACE_OUTER_BOUND('',#246,.T.);
#146=FACE_OUTER_BOUND('',#247,.T.);
#147=FACE_OUTER_BOUND('',#248,.T.);
#148=FACE_OUTER_BOUND('',#249,.T.);
#149=FACE_OUTER_BOUND('',#250,.T.);
#150=FACE_OUTER_BOUND('',#251,.T.);
#151=FACE_OUTER_BOUND('',#257,.T.);
#152=FACE_OUTER_BOUND('',#258,.T.);
#153=FACE_OUTER_BOUND('',#259,.T.);
#154=FACE_OUTER_BOUND('',#260,.T.);
#155=FACE_OUTER_BOUND('',#261,.T.);
#156=FACE_OUTER_BOUND('',#262,.T.);
#157=FACE_OUTER_BOUND('',#263,.T.);
#158=FACE_OUTER_BOUND('',#264,.T.);
#159=FACE_OUTER_BOUND('',#265,.T.);
#160=FACE_OUTER_BOUND('',#266,.T.);
#161=FACE_OUTER_BOUND('',#267,.T.);
#162=FACE_OUTER_BOUND('',#268,.T.);
#163=FACE_OUTER_BOUND('',#274,.T.);
#164=FACE_OUTER_BOUND('',#275,.T.);
#165=FACE_OUTER_BOUND('',#276,.T.);
#166=FACE_OUTER_BOUND('',#277,.T.);
#167=FACE_OUTER_BOUND('',#278,.T.);
#168=FACE_OUTER_BOUND('',#279,.T.);
#169=FACE_OUTER_BOUND('',#280,.T.);
#170=FACE_OUTER_BOUND('',#281,.T.);
#171=FACE_OUTER_BOUND('',#282,.T.);
#172=FACE_OUTER_BOUND('',#283,.T.);
#173=FACE_OUTER_BOUND('',#284,.T.);
#174=FACE_OUTER_BOUND('',#285,.T.);
#175=FACE_OUTER_BOUND('',#286,.T.);
#176=FACE_OUTER_BOUND('',#287,.T.);
#177=FACE_OUTER_BOUND('',#288,.T.);
#178=FACE_OUTER_BOUND('',#289,.T.);
#179=FACE_OUTER_BOUND('',#290,.T.);
#180=FACE_OUTER_BOUND('',#291,.T.);
#181=FACE_OUTER_BOUND('',#292,.T.);
#182=FACE_OUTER_BOUND('',#293,.T.);
#183=EDGE_LOOP('',(#995,#996,#997,#998));
#184=EDGE_LOOP('',(#999,#1000,#1001,#1002));
#185=EDGE_LOOP('',(#1003,#1004,#1005,#1006));
#186=EDGE_LOOP('',(#1007,#1008,#1009,#1010));
#187=EDGE_LOOP('',(#1011,#1012,#1013,#1014));
#188=EDGE_LOOP('',(#1015,#1016,#1017,#1018,#1019,#1020));
#189=EDGE_LOOP('',(#1021,#1022,#1023,#1024));
#190=EDGE_LOOP('',(#1025,#1026,#1027,#1028,#1029,#1030,#1031,#1032));
#191=EDGE_LOOP('',(#1033,#1034,#1035,#1036));
#192=EDGE_LOOP('',(#1037,#1038,#1039,#1040));
#193=EDGE_LOOP('',(#1041,#1042,#1043,#1044));
#194=EDGE_LOOP('',(#1045,#1046,#1047,#1048));
#195=EDGE_LOOP('',(#1049,#1050,#1051,#1052));
#196=EDGE_LOOP('',(#1053,#1054,#1055,#1056));
#197=EDGE_LOOP('',(#1057,#1058,#1059,#1060,#1061,#1062));
#198=EDGE_LOOP('',(#1063,#1064,#1065,#1066));
#199=EDGE_LOOP('',(#1067,#1068,#1069,#1070));
#200=EDGE_LOOP('',(#1071,#1072,#1073,#1074));
#201=EDGE_LOOP('',(#1075,#1076,#1077,#1078));
#202=EDGE_LOOP('',(#1079,#1080,#1081,#1082));
#203=EDGE_LOOP('',(#1083,#1084,#1085,#1086,#1087,#1088));
#204=EDGE_LOOP('',(#1089,#1090,#1091,#1092));
#205=EDGE_LOOP('',(#1093,#1094,#1095,#1096,#1097,#1098,#1099,#1100));
#206=EDGE_LOOP('',(#1101,#1102,#1103,#1104));
#207=EDGE_LOOP('',(#1105,#1106,#1107,#1108));
#208=EDGE_LOOP('',(#1109,#1110,#1111,#1112));
#209=EDGE_LOOP('',(#1113,#1114,#1115,#1116));
#210=EDGE_LOOP('',(#1117,#1118,#1119,#1120));
#211=EDGE_LOOP('',(#1121,#1122,#1123,#1124));
#212=EDGE_LOOP('',(#1125,#1126,#1127,#1128,#1129,#1130));
#213=EDGE_LOOP('',(#1131,#1132,#1133,#1134,#1135,#1136,#1137,#1138,#1139,
#1140,#1141,#1142));
#214=EDGE_LOOP('',(#1143));
#215=EDGE_LOOP('',(#1144));
#216=EDGE_LOOP('',(#1145,#1146,#1147,#1148,#1149,#1150));
#217=EDGE_LOOP('',(#1151,#1152,#1153,#1154,#1155,#1156));
#218=EDGE_LOOP('',(#1157,#1158,#1159,#1160,#1161,#1162));
#219=EDGE_LOOP('',(#1163,#1164,#1165,#1166,#1167,#1168));
#220=EDGE_LOOP('',(#1169,#1170,#1171,#1172));
#221=EDGE_LOOP('',(#1173,#1174,#1175,#1176));
#222=EDGE_LOOP('',(#1177,#1178,#1179,#1180,#1181,#1182,#1183,#1184));
#223=EDGE_LOOP('',(#1185,#1186,#1187,#1188,#1189,#1190,#1191,#1192,#1193,
#1194,#1195,#1196));
#224=EDGE_LOOP('',(#1197));
#225=EDGE_LOOP('',(#1198));
#226=EDGE_LOOP('',(#1199,#1200,#1201,#1202));
#227=EDGE_LOOP('',(#1203,#1204,#1205,#1206));
#228=EDGE_LOOP('',(#1207,#1208,#1209,#1210));
#229=EDGE_LOOP('',(#1211));
#230=EDGE_LOOP('',(#1212,#1213,#1214,#1215));
#231=EDGE_LOOP('',(#1216,#1217,#1218,#1219));
#232=EDGE_LOOP('',(#1220,#1221,#1222,#1223));
#233=EDGE_LOOP('',(#1224,#1225,#1226,#1227));
#234=EDGE_LOOP('',(#1228,#1229,#1230,#1231));
#235=EDGE_LOOP('',(#1232,#1233,#1234,#1235));
#236=EDGE_LOOP('',(#1236,#1237,#1238,#1239));
#237=EDGE_LOOP('',(#1240,#1241,#1242,#1243));
#238=EDGE_LOOP('',(#1244,#1245,#1246,#1247));
#239=EDGE_LOOP('',(#1248,#1249,#1250,#1251));
#240=EDGE_LOOP('',(#1252,#1253,#1254,#1255));
#241=EDGE_LOOP('',(#1256,#1257,#1258,#1259));
#242=EDGE_LOOP('',(#1260,#1261,#1262,#1263));
#243=EDGE_LOOP('',(#1264,#1265,#1266,#1267));
#244=EDGE_LOOP('',(#1268,#1269,#1270,#1271));
#245=EDGE_LOOP('',(#1272,#1273,#1274,#1275));
#246=EDGE_LOOP('',(#1276,#1277,#1278,#1279));
#247=EDGE_LOOP('',(#1280,#1281,#1282,#1283));
#248=EDGE_LOOP('',(#1284,#1285,#1286,#1287));
#249=EDGE_LOOP('',(#1288,#1289,#1290,#1291));
#250=EDGE_LOOP('',(#1292,#1293,#1294,#1295));
#251=EDGE_LOOP('',(#1296,#1297,#1298,#1299,#1300,#1301,#1302,#1303));
#252=EDGE_LOOP('',(#1304));
#253=EDGE_LOOP('',(#1305));
#254=EDGE_LOOP('',(#1306));
#255=EDGE_LOOP('',(#1307));
#256=EDGE_LOOP('',(#1308,#1309,#1310,#1311,#1312,#1313,#1314,#1315));
#257=EDGE_LOOP('',(#1316,#1317,#1318,#1319));
#258=EDGE_LOOP('',(#1320));
#259=EDGE_LOOP('',(#1321,#1322,#1323,#1324));
#260=EDGE_LOOP('',(#1325));
#261=EDGE_LOOP('',(#1326,#1327,#1328,#1329,#1330,#1331));
#262=EDGE_LOOP('',(#1332,#1333,#1334,#1335));
#263=EDGE_LOOP('',(#1336));
#264=EDGE_LOOP('',(#1337,#1338,#1339,#1340));
#265=EDGE_LOOP('',(#1341));
#266=EDGE_LOOP('',(#1342,#1343,#1344,#1345,#1346,#1347));
#267=EDGE_LOOP('',(#1348,#1349,#1350,#1351,#1352,#1353,#1354,#1355));
#268=EDGE_LOOP('',(#1356,#1357,#1358,#1359,#1360,#1361,#1362,#1363));
#269=EDGE_LOOP('',(#1364));
#270=EDGE_LOOP('',(#1365));
#271=EDGE_LOOP('',(#1366));
#272=EDGE_LOOP('',(#1367));
#273=EDGE_LOOP('',(#1368));
#274=EDGE_LOOP('',(#1369,#1370,#1371,#1372));
#275=EDGE_LOOP('',(#1373,#1374,#1375,#1376));
#276=EDGE_LOOP('',(#1377,#1378,#1379,#1380));
#277=EDGE_LOOP('',(#1381,#1382,#1383,#1384));
#278=EDGE_LOOP('',(#1385,#1386,#1387,#1388));
#279=EDGE_LOOP('',(#1389,#1390,#1391,#1392));
#280=EDGE_LOOP('',(#1393,#1394,#1395,#1396));
#281=EDGE_LOOP('',(#1397,#1398,#1399,#1400));
#282=EDGE_LOOP('',(#1401,#1402,#1403,#1404));
#283=EDGE_LOOP('',(#1405,#1406,#1407,#1408));
#284=EDGE_LOOP('',(#1409,#1410,#1411,#1412));
#285=EDGE_LOOP('',(#1413,#1414,#1415,#1416));
#286=EDGE_LOOP('',(#1417,#1418,#1419,#1420));
#287=EDGE_LOOP('',(#1421,#1422,#1423,#1424));
#288=EDGE_LOOP('',(#1425,#1426,#1427,#1428));
#289=EDGE_LOOP('',(#1429,#1430,#1431,#1432));
#290=EDGE_LOOP('',(#1433,#1434,#1435,#1436));
#291=EDGE_LOOP('',(#1437,#1438,#1439,#1440));
#292=EDGE_LOOP('',(#1441,#1442,#1443,#1444));
#293=EDGE_LOOP('',(#1445,#1446,#1447,#1448));
#294=LINE('',#2364,#407);
#295=LINE('',#2367,#408);
#296=LINE('',#2378,#409);
#297=LINE('',#2379,#410);
#298=LINE('',#2390,#411);
#299=LINE('',#2391,#412);
#300=LINE('',#2394,#413);
#301=LINE('',#2396,#414);
#302=LINE('',#2397,#415);
#303=LINE('',#2400,#416);
#304=LINE('',#2404,#417);
#305=LINE('',#2406,#418);
#306=LINE('',#2408,#419);
#307=LINE('',#2410,#420);
#308=LINE('',#2412,#421);
#309=LINE('',#2413,#422);
#310=LINE('',#2419,#423);
#311=LINE('',#2422,#424);
#312=LINE('',#2433,#425);
#313=LINE('',#2434,#426);
#314=LINE('',#2443,#427);
#315=LINE('',#2446,#428);
#316=LINE('',#2450,#429);
#317=LINE('',#2451,#430);
#318=LINE('',#2457,#431);
#319=LINE('',#2460,#432);
#320=LINE('',#2471,#433);
#321=LINE('',#2472,#434);
#322=LINE('',#2483,#435);
#323=LINE('',#2484,#436);
#324=LINE('',#2487,#437);
#325=LINE('',#2489,#438);
#326=LINE('',#2490,#439);
#327=LINE('',#2493,#440);
#328=LINE('',#2497,#441);
#329=LINE('',#2499,#442);
#330=LINE('',#2501,#443);
#331=LINE('',#2503,#444);
#332=LINE('',#2505,#445);
#333=LINE('',#2506,#446);
#334=LINE('',#2512,#447);
#335=LINE('',#2515,#448);
#336=LINE('',#2526,#449);
#337=LINE('',#2527,#450);
#338=LINE('',#2536,#451);
#339=LINE('',#2539,#452);
#340=LINE('',#2543,#453);
#341=LINE('',#2544,#454);
#342=LINE('',#2547,#455);
#343=LINE('',#2551,#456);
#344=LINE('',#2554,#457);
#345=LINE('',#2555,#458);
#346=LINE('',#2561,#459);
#347=LINE('',#2563,#460);
#348=LINE('',#2565,#461);
#349=LINE('',#2567,#462);
#350=LINE('',#2570,#463);
#351=LINE('',#2573,#464);
#352=LINE('',#2577,#465);
#353=LINE('',#2580,#466);
#354=LINE('',#2582,#467);
#355=LINE('',#2584,#468);
#356=LINE('',#2586,#469);
#357=LINE('',#2587,#470);
#358=LINE('',#2589,#471);
#359=LINE('',#2593,#472);
#360=LINE('',#2596,#473);
#361=LINE('',#2607,#474);
#362=LINE('',#2610,#475);
#363=LINE('',#2611,#476);
#364=LINE('',#2623,#477);
#365=LINE('',#2633,#478);
#366=LINE('',#2636,#479);
#367=LINE('',#2640,#480);
#368=LINE('',#2641,#481);
#369=LINE('',#2644,#482);
#370=LINE('',#2661,#483);
#371=LINE('',#2678,#484);
#372=LINE('',#2680,#485);
#373=LINE('',#2681,#486);
#374=LINE('',#2683,#487);
#375=LINE('',#2684,#488);
#376=LINE('',#2686,#489);
#377=LINE('',#2687,#490);
#378=LINE('',#2689,#491);
#379=LINE('',#2696,#492);
#380=LINE('',#2700,#493);
#381=LINE('',#2704,#494);
#382=LINE('',#2707,#495);
#383=LINE('',#2718,#496);
#384=LINE('',#2723,#497);
#385=LINE('',#2729,#498);
#386=LINE('',#2734,#499);
#387=LINE('',#2744,#500);
#388=LINE('',#2748,#501);
#389=LINE('',#2752,#502);
#390=LINE('',#2755,#503);
#391=LINE('',#2768,#504);
#392=LINE('',#2769,#505);
#393=LINE('',#2772,#506);
#394=LINE('',#2773,#507);
#395=LINE('',#2777,#508);
#396=LINE('',#2780,#509);
#397=LINE('',#2781,#510);
#398=LINE('',#2783,#511);
#399=LINE('',#2785,#512);
#400=LINE('',#2787,#513);
#401=LINE('',#2789,#514);
#402=LINE('',#2793,#515);
#403=LINE('',#2796,#516);
#404=LINE('',#2797,#517);
#405=LINE('',#2801,#518);
#406=LINE('',#2803,#519);
#407=VECTOR('',#1826,10.);
#408=VECTOR('',#1829,10.);
#409=VECTOR('',#1842,10.);
#410=VECTOR('',#1843,10.);
#411=VECTOR('',#1856,10.);
#412=VECTOR('',#1857,10.);
#413=VECTOR('',#1860,10.);
#414=VECTOR('',#1861,10.);
#415=VECTOR('',#1862,10.);
#416=VECTOR('',#1865,10.);
#417=VECTOR('',#1870,10.);
#418=VECTOR('',#1871,10.);
#419=VECTOR('',#1872,10.);
#420=VECTOR('',#1873,10.);
#421=VECTOR('',#1874,10.);
#422=VECTOR('',#1875,10.);
#423=VECTOR('',#1880,10.);
#424=VECTOR('',#1883,10.);
#425=VECTOR('',#1896,10.);
#426=VECTOR('',#1897,10.);
#427=VECTOR('',#1910,10.);
#428=VECTOR('',#1913,10.);
#429=VECTOR('',#1918,10.);
#430=VECTOR('',#1919,10.);
#431=VECTOR('',#1924,10.);
#432=VECTOR('',#1927,10.);
#433=VECTOR('',#1940,10.);
#434=VECTOR('',#1941,10.);
#435=VECTOR('',#1954,10.);
#436=VECTOR('',#1955,10.);
#437=VECTOR('',#1958,10.);
#438=VECTOR('',#1959,10.);
#439=VECTOR('',#1960,10.);
#440=VECTOR('',#1963,10.);
#441=VECTOR('',#1968,10.);
#442=VECTOR('',#1969,10.);
#443=VECTOR('',#1970,10.);
#444=VECTOR('',#1971,10.);
#445=VECTOR('',#1972,10.);
#446=VECTOR('',#1973,10.);
#447=VECTOR('',#1978,10.);
#448=VECTOR('',#1981,10.);
#449=VECTOR('',#1994,10.);
#450=VECTOR('',#1995,10.);
#451=VECTOR('',#2008,10.);
#452=VECTOR('',#2011,10.);
#453=VECTOR('',#2016,10.);
#454=VECTOR('',#2017,10.);
#455=VECTOR('',#2020,10.);
#456=VECTOR('',#2023,10.);
#457=VECTOR('',#2026,10.);
#458=VECTOR('',#2027,10.);
#459=VECTOR('',#2034,10.);
#460=VECTOR('',#2037,10.);
#461=VECTOR('',#2040,10.);
#462=VECTOR('',#2043,10.);
#463=VECTOR('',#2046,10.);
#464=VECTOR('',#2049,10.);
#465=VECTOR('',#2054,10.);
#466=VECTOR('',#2057,10.);
#467=VECTOR('',#2058,10.);
#468=VECTOR('',#2059,10.);
#469=VECTOR('',#2060,10.);
#470=VECTOR('',#2061,10.);
#471=VECTOR('',#2064,10.);
#472=VECTOR('',#2067,10.);
#473=VECTOR('',#2070,10.);
#474=VECTOR('',#2083,3.99999999999999);
#475=VECTOR('',#2088,10.);
#476=VECTOR('',#2089,10.);
#477=VECTOR('',#2106,10.);
#478=VECTOR('',#2123,10.);
#479=VECTOR('',#2126,10.);
#480=VECTOR('',#2131,10.);
#481=VECTOR('',#2132,10.);
#482=VECTOR('',#2135,10.);
#483=VECTOR('',#2158,10.);
#484=VECTOR('',#2179,10.);
#485=VECTOR('',#2182,10.);
#486=VECTOR('',#2183,10.);
#487=VECTOR('',#2186,10.);
#488=VECTOR('',#2187,10.);
#489=VECTOR('',#2190,10.);
#490=VECTOR('',#2191,10.);
#491=VECTOR('',#2194,10.);
#492=VECTOR('',#2201,10.);
#493=VECTOR('',#2204,10.);
#494=VECTOR('',#2207,10.);
#495=VECTOR('',#2210,10.);
#496=VECTOR('',#2221,2.34999999999999);
#497=VECTOR('',#2228,2.34999999999999);
#498=VECTOR('',#2237,2.34999999999999);
#499=VECTOR('',#2244,2.34999999999999);
#500=VECTOR('',#2257,10.);
#501=VECTOR('',#2260,10.);
#502=VECTOR('',#2263,10.);
#503=VECTOR('',#2266,10.);
#504=VECTOR('',#2279,10.);
#505=VECTOR('',#2280,10.);
#506=VECTOR('',#2283,10.);
#507=VECTOR('',#2284,10.);
#508=VECTOR('',#2289,10.);
#509=VECTOR('',#2292,10.);
#510=VECTOR('',#2293,10.);
#511=VECTOR('',#2296,1.6);
#512=VECTOR('',#2299,1.6);
#513=VECTOR('',#2302,1.6);
#514=VECTOR('',#2305,1.60000000000004);
#515=VECTOR('',#2310,10.);
#516=VECTOR('',#2313,10.);
#517=VECTOR('',#2314,10.);
#518=VECTOR('',#2319,10.);
#519=VECTOR('',#2322,10.);
#520=CIRCLE('',#1608,0.100000000000002);
#521=CIRCLE('',#1609,0.1);
#522=CIRCLE('',#1611,0.0999999999999801);
#523=CIRCLE('',#1612,0.9);
#524=CIRCLE('',#1613,1.);
#525=CIRCLE('',#1615,0.0999999999999801);
#526=CIRCLE('',#1617,0.0999999999999801);
#527=CIRCLE('',#1618,1.);
#528=CIRCLE('',#1619,0.9);
#529=CIRCLE('',#1621,0.1);
#530=CIRCLE('',#1627,0.0999999999999801);
#531=CIRCLE('',#1628,0.1);
#532=CIRCLE('',#1630,0.0999999999999801);
#533=CIRCLE('',#1631,1.);
#534=CIRCLE('',#1632,0.9);
#535=CIRCLE('',#1634,0.0999999999999801);
#536=CIRCLE('',#1636,0.0999999999999979);
#537=CIRCLE('',#1637,0.9);
#538=CIRCLE('',#1638,1.);
#539=CIRCLE('',#1640,0.1);
#540=CIRCLE('',#1645,0.0999999999999979);
#541=CIRCLE('',#1646,0.1);
#542=CIRCLE('',#1648,0.100000000000051);
#543=CIRCLE('',#1649,0.9);
#544=CIRCLE('',#1650,1.);
#545=CIRCLE('',#1652,0.0999999999999801);
#546=CIRCLE('',#1654,0.0999999999999801);
#547=CIRCLE('',#1655,1.);
#548=CIRCLE('',#1656,0.9);
#549=CIRCLE('',#1658,0.1);
#550=CIRCLE('',#1664,0.0999999999999801);
#551=CIRCLE('',#1665,0.1);
#552=CIRCLE('',#1667,0.0999999999999801);
#553=CIRCLE('',#1668,1.);
#554=CIRCLE('',#1669,0.9);
#555=CIRCLE('',#1671,0.0999999999999801);
#556=CIRCLE('',#1673,0.099999999999989);
#557=CIRCLE('',#1674,0.9);
#558=CIRCLE('',#1675,1.);
#559=CIRCLE('',#1677,0.1);
#560=CIRCLE('',#1682,2.);
#561=CIRCLE('',#1683,2.);
#562=CIRCLE('',#1684,2.34999999999999);
#563=CIRCLE('',#1685,2.34999999999999);
#564=CIRCLE('',#1691,1.00000000000101);
#565=CIRCLE('',#1693,1.00000000000009);
#566=CIRCLE('',#1696,2.);
#567=CIRCLE('',#1697,2.);
#568=CIRCLE('',#1698,2.34999999999999);
#569=CIRCLE('',#1699,2.34999999999999);
#570=CIRCLE('',#1701,1.00000000000001);
#571=CIRCLE('',#1703,3.99999999999999);
#572=CIRCLE('',#1704,3.99999999999999);
#573=CIRCLE('',#1707,1.00000000000001);
#574=CIRCLE('',#1708,3.);
#575=CIRCLE('',#1710,1.00000000000101);
#576=CIRCLE('',#1711,3.);
#577=CIRCLE('',#1713,1.00000000000001);
#578=CIRCLE('',#1715,0.999999999999019);
#579=CIRCLE('',#1716,3.);
#580=CIRCLE('',#1719,0.999999999999019);
#581=CIRCLE('',#1720,3.);
#582=CIRCLE('',#1723,2.99999999999997);
#583=CIRCLE('',#1726,3.00000000000002);
#584=CIRCLE('',#1728,3.);
#585=CIRCLE('',#1729,3.99999999999999);
#586=CIRCLE('',#1730,7.);
#587=CIRCLE('',#1731,4.00000000000006);
#588=CIRCLE('',#1733,6.99999999999996);
#589=CIRCLE('',#1734,4.);
#590=CIRCLE('',#1735,3.99999999999999);
#591=CIRCLE('',#1738,7.00000000000003);
#592=CIRCLE('',#1739,4.);
#593=CIRCLE('',#1740,2.99999999999997);
#594=CIRCLE('',#1741,3.99999999999999);
#595=CIRCLE('',#1743,7.00000000000001);
#596=CIRCLE('',#1744,3.99999999999999);
#597=CIRCLE('',#1745,3.99999999999999);
#598=CIRCLE('',#1753,1.9999999999999);
#599=CIRCLE('',#1754,1.9999999999999);
#600=CIRCLE('',#1755,1.99999999999988);
#601=CIRCLE('',#1756,1.99999999999983);
#602=CIRCLE('',#1757,1.6);
#603=CIRCLE('',#1758,1.6);
#604=CIRCLE('',#1759,1.6);
#605=CIRCLE('',#1760,1.60000000000004);
#606=CIRCLE('',#1762,2.34999999999999);
#607=CIRCLE('',#1765,2.34999999999999);
#608=CIRCLE('',#1769,2.34999999999999);
#609=CIRCLE('',#1772,2.34999999999999);
#610=CIRCLE('',#1777,2.9999999999999);
#611=CIRCLE('',#1778,2.9999999999999);
#612=CIRCLE('',#1779,2.99999999999983);
#613=CIRCLE('',#1780,2.99999999999988);
#614=CIRCLE('',#1781,1.6);
#615=CIRCLE('',#1782,1.6);
#616=CIRCLE('',#1783,1.6);
#617=CIRCLE('',#1784,1.60000000000004);
#618=CIRCLE('',#1786,2.99999999999988);
#619=CIRCLE('',#1789,2.99999999999983);
#620=CIRCLE('',#1796,2.9999999999999);
#621=CIRCLE('',#1799,2.9999999999999);
#622=CIRCLE('',#1802,1.00000000000001);
#623=CIRCLE('',#1803,0.999999999999979);
#624=CIRCLE('',#1805,0.999999999999872);
#625=CIRCLE('',#1807,0.999999999999943);
#626=CIRCLE('',#1809,0.999999999999996);
#627=CIRCLE('',#1811,0.999999999999996);
#628=CIRCLE('',#1813,1.00000000000009);
#629=CIRCLE('',#1815,1.00000000000001);
#630=VERTEX_POINT('',#2360);
#631=VERTEX_POINT('',#2361);
#632=VERTEX_POINT('',#2363);
#633=VERTEX_POINT('',#2365);
#634=VERTEX_POINT('',#2369);
#635=VERTEX_POINT('',#2370);
#636=VERTEX_POINT('',#2375);
#637=VERTEX_POINT('',#2376);
#638=VERTEX_POINT('',#2381);
#639=VERTEX_POINT('',#2382);
#640=VERTEX_POINT('',#2387);
#641=VERTEX_POINT('',#2388);
#642=VERTEX_POINT('',#2393);
#643=VERTEX_POINT('',#2395);
#644=VERTEX_POINT('',#2399);
#645=VERTEX_POINT('',#2403);
#646=VERTEX_POINT('',#2405);
#647=VERTEX_POINT('',#2407);
#648=VERTEX_POINT('',#2409);
#649=VERTEX_POINT('',#2411);
#650=VERTEX_POINT('',#2415);
#651=VERTEX_POINT('',#2416);
#652=VERTEX_POINT('',#2418);
#653=VERTEX_POINT('',#2420);
#654=VERTEX_POINT('',#2424);
#655=VERTEX_POINT('',#2425);
#656=VERTEX_POINT('',#2430);
#657=VERTEX_POINT('',#2431);
#658=VERTEX_POINT('',#2436);
#659=VERTEX_POINT('',#2441);
#660=VERTEX_POINT('',#2445);
#661=VERTEX_POINT('',#2449);
#662=VERTEX_POINT('',#2453);
#663=VERTEX_POINT('',#2454);
#664=VERTEX_POINT('',#2456);
#665=VERTEX_POINT('',#2458);
#666=VERTEX_POINT('',#2462);
#667=VERTEX_POINT('',#2463);
#668=VERTEX_POINT('',#2468);
#669=VERTEX_POINT('',#2469);
#670=VERTEX_POINT('',#2474);
#671=VERTEX_POINT('',#2475);
#672=VERTEX_POINT('',#2480);
#673=VERTEX_POINT('',#2481);
#674=VERTEX_POINT('',#2486);
#675=VERTEX_POINT('',#2488);
#676=VERTEX_POINT('',#2492);
#677=VERTEX_POINT('',#2496);
#678=VERTEX_POINT('',#2498);
#679=VERTEX_POINT('',#2500);
#680=VERTEX_POINT('',#2502);
#681=VERTEX_POINT('',#2504);
#682=VERTEX_POINT('',#2508);
#683=VERTEX_POINT('',#2509);
#684=VERTEX_POINT('',#2511);
#685=VERTEX_POINT('',#2513);
#686=VERTEX_POINT('',#2517);
#687=VERTEX_POINT('',#2518);
#688=VERTEX_POINT('',#2523);
#689=VERTEX_POINT('',#2524);
#690=VERTEX_POINT('',#2529);
#691=VERTEX_POINT('',#2534);
#692=VERTEX_POINT('',#2538);
#693=VERTEX_POINT('',#2542);
#694=VERTEX_POINT('',#2546);
#695=VERTEX_POINT('',#2548);
#696=VERTEX_POINT('',#2550);
#697=VERTEX_POINT('',#2552);
#698=VERTEX_POINT('',#2556);
#699=VERTEX_POINT('',#2558);
#700=VERTEX_POINT('',#2569);
#701=VERTEX_POINT('',#2571);
#702=VERTEX_POINT('',#2575);
#703=VERTEX_POINT('',#2579);
#704=VERTEX_POINT('',#2581);
#705=VERTEX_POINT('',#2583);
#706=VERTEX_POINT('',#2585);
#707=VERTEX_POINT('',#2590);
#708=VERTEX_POINT('',#2592);
#709=VERTEX_POINT('',#2594);
#710=VERTEX_POINT('',#2597);
#711=VERTEX_POINT('',#2599);
#712=VERTEX_POINT('',#2604);
#713=VERTEX_POINT('',#2606);
#714=VERTEX_POINT('',#2613);
#715=VERTEX_POINT('',#2617);
#716=VERTEX_POINT('',#2621);
#717=VERTEX_POINT('',#2629);
#718=VERTEX_POINT('',#2635);
#719=VERTEX_POINT('',#2639);
#720=VERTEX_POINT('',#2643);
#721=VERTEX_POINT('',#2647);
#722=VERTEX_POINT('',#2649);
#723=VERTEX_POINT('',#2651);
#724=VERTEX_POINT('',#2655);
#725=VERTEX_POINT('',#2656);
#726=VERTEX_POINT('',#2663);
#727=VERTEX_POINT('',#2664);
#728=VERTEX_POINT('',#2666);
#729=VERTEX_POINT('',#2668);
#730=VERTEX_POINT('',#2672);
#731=VERTEX_POINT('',#2673);
#732=VERTEX_POINT('',#2692);
#733=VERTEX_POINT('',#2693);
#734=VERTEX_POINT('',#2695);
#735=VERTEX_POINT('',#2697);
#736=VERTEX_POINT('',#2699);
#737=VERTEX_POINT('',#2701);
#738=VERTEX_POINT('',#2703);
#739=VERTEX_POINT('',#2705);
#740=VERTEX_POINT('',#2708);
#741=VERTEX_POINT('',#2710);
#742=VERTEX_POINT('',#2712);
#743=VERTEX_POINT('',#2714);
#744=VERTEX_POINT('',#2717);
#745=VERTEX_POINT('',#2722);
#746=VERTEX_POINT('',#2728);
#747=VERTEX_POINT('',#2733);
#748=VERTEX_POINT('',#2740);
#749=VERTEX_POINT('',#2741);
#750=VERTEX_POINT('',#2743);
#751=VERTEX_POINT('',#2745);
#752=VERTEX_POINT('',#2747);
#753=VERTEX_POINT('',#2749);
#754=VERTEX_POINT('',#2751);
#755=VERTEX_POINT('',#2753);
#756=VERTEX_POINT('',#2756);
#757=VERTEX_POINT('',#2758);
#758=VERTEX_POINT('',#2760);
#759=VERTEX_POINT('',#2762);
#760=VERTEX_POINT('',#2765);
#761=VERTEX_POINT('',#2766);
#762=VERTEX_POINT('',#2771);
#763=VERTEX_POINT('',#2775);
#764=VERTEX_POINT('',#2779);
#765=VERTEX_POINT('',#2791);
#766=VERTEX_POINT('',#2795);
#767=VERTEX_POINT('',#2799);
#768=EDGE_CURVE('',#630,#631,#520,.T.);
#769=EDGE_CURVE('',#631,#632,#294,.T.);
#770=EDGE_CURVE('',#632,#633,#521,.F.);
#771=EDGE_CURVE('',#633,#630,#295,.T.);
#772=EDGE_CURVE('',#634,#635,#522,.T.);
#773=EDGE_CURVE('',#635,#631,#523,.T.);
#774=EDGE_CURVE('',#630,#634,#524,.T.);
#775=EDGE_CURVE('',#636,#637,#525,.T.);
#776=EDGE_CURVE('',#637,#635,#296,.T.);
#777=EDGE_CURVE('',#634,#636,#297,.T.);
#778=EDGE_CURVE('',#638,#639,#526,.T.);
#779=EDGE_CURVE('',#639,#637,#527,.T.);
#780=EDGE_CURVE('',#636,#638,#528,.T.);
#781=EDGE_CURVE('',#640,#641,#529,.F.);
#782=EDGE_CURVE('',#641,#639,#298,.T.);
#783=EDGE_CURVE('',#638,#640,#299,.T.);
#784=EDGE_CURVE('',#642,#634,#300,.T.);
#785=EDGE_CURVE('',#643,#642,#301,.F.);
#786=EDGE_CURVE('',#643,#640,#302,.T.);
#787=EDGE_CURVE('',#630,#644,#303,.T.);
#788=EDGE_CURVE('',#644,#642,#34,.F.);
#789=EDGE_CURVE('',#645,#633,#304,.F.);
#790=EDGE_CURVE('',#646,#645,#305,.T.);
#791=EDGE_CURVE('',#647,#646,#306,.F.);
#792=EDGE_CURVE('',#648,#647,#307,.T.);
#793=EDGE_CURVE('',#649,#648,#308,.T.);
#794=EDGE_CURVE('',#644,#649,#309,.T.);
#795=EDGE_CURVE('',#650,#651,#530,.T.);
#796=EDGE_CURVE('',#651,#652,#310,.T.);
#797=EDGE_CURVE('',#652,#653,#531,.F.);
#798=EDGE_CURVE('',#653,#650,#311,.T.);
#799=EDGE_CURVE('',#654,#655,#532,.T.);
#800=EDGE_CURVE('',#655,#651,#533,.T.);
#801=EDGE_CURVE('',#650,#654,#534,.T.);
#802=EDGE_CURVE('',#656,#657,#535,.T.);
#803=EDGE_CURVE('',#657,#655,#312,.T.);
#804=EDGE_CURVE('',#654,#656,#313,.T.);
#805=EDGE_CURVE('',#648,#658,#536,.T.);
#806=EDGE_CURVE('',#658,#657,#537,.T.);
#807=EDGE_CURVE('',#656,#648,#538,.T.);
#808=EDGE_CURVE('',#647,#659,#539,.F.);
#809=EDGE_CURVE('',#659,#658,#314,.T.);
#810=EDGE_CURVE('',#656,#660,#315,.T.);
#811=EDGE_CURVE('',#660,#649,#35,.F.);
#812=EDGE_CURVE('',#653,#661,#316,.T.);
#813=EDGE_CURVE('',#660,#661,#317,.F.);
#814=EDGE_CURVE('',#662,#663,#540,.T.);
#815=EDGE_CURVE('',#663,#664,#318,.T.);
#816=EDGE_CURVE('',#664,#665,#541,.F.);
#817=EDGE_CURVE('',#665,#662,#319,.T.);
#818=EDGE_CURVE('',#666,#667,#542,.T.);
#819=EDGE_CURVE('',#667,#663,#543,.T.);
#820=EDGE_CURVE('',#662,#666,#544,.T.);
#821=EDGE_CURVE('',#668,#669,#545,.T.);
#822=EDGE_CURVE('',#669,#667,#320,.T.);
#823=EDGE_CURVE('',#666,#668,#321,.T.);
#824=EDGE_CURVE('',#670,#671,#546,.T.);
#825=EDGE_CURVE('',#671,#669,#547,.T.);
#826=EDGE_CURVE('',#668,#670,#548,.T.);
#827=EDGE_CURVE('',#672,#673,#549,.F.);
#828=EDGE_CURVE('',#673,#671,#322,.T.);
#829=EDGE_CURVE('',#670,#672,#323,.T.);
#830=EDGE_CURVE('',#674,#666,#324,.T.);
#831=EDGE_CURVE('',#675,#674,#325,.F.);
#832=EDGE_CURVE('',#675,#672,#326,.T.);
#833=EDGE_CURVE('',#662,#676,#327,.T.);
#834=EDGE_CURVE('',#676,#674,#36,.F.);
#835=EDGE_CURVE('',#677,#665,#328,.F.);
#836=EDGE_CURVE('',#678,#677,#329,.T.);
#837=EDGE_CURVE('',#679,#678,#330,.F.);
#838=EDGE_CURVE('',#680,#679,#331,.T.);
#839=EDGE_CURVE('',#681,#680,#332,.T.);
#840=EDGE_CURVE('',#676,#681,#333,.T.);
#841=EDGE_CURVE('',#682,#683,#550,.T.);
#842=EDGE_CURVE('',#683,#684,#334,.T.);
#843=EDGE_CURVE('',#684,#685,#551,.F.);
#844=EDGE_CURVE('',#685,#682,#335,.T.);
#845=EDGE_CURVE('',#686,#687,#552,.T.);
#846=EDGE_CURVE('',#687,#683,#553,.T.);
#847=EDGE_CURVE('',#682,#686,#554,.T.);
#848=EDGE_CURVE('',#688,#689,#555,.T.);
#849=EDGE_CURVE('',#689,#687,#336,.T.);
#850=EDGE_CURVE('',#686,#688,#337,.T.);
#851=EDGE_CURVE('',#680,#690,#556,.T.);
#852=EDGE_CURVE('',#690,#689,#557,.T.);
#853=EDGE_CURVE('',#688,#680,#558,.T.);
#854=EDGE_CURVE('',#679,#691,#559,.F.);
#855=EDGE_CURVE('',#691,#690,#338,.T.);
#856=EDGE_CURVE('',#688,#692,#339,.T.);
#857=EDGE_CURVE('',#692,#681,#37,.F.);
#858=EDGE_CURVE('',#685,#693,#340,.T.);
#859=EDGE_CURVE('',#692,#693,#341,.F.);
#860=EDGE_CURVE('',#694,#637,#342,.T.);
#861=EDGE_CURVE('',#695,#694,#560,.T.);
#862=EDGE_CURVE('',#696,#695,#343,.T.);
#863=EDGE_CURVE('',#697,#696,#561,.T.);
#864=EDGE_CURVE('',#687,#697,#344,.T.);
#865=EDGE_CURVE('',#691,#632,#345,.T.);
#866=EDGE_CURVE('',#698,#698,#562,.T.);
#867=EDGE_CURVE('',#699,#699,#563,.T.);
#868=EDGE_CURVE('',#661,#643,#346,.T.);
#869=EDGE_CURVE('',#641,#652,#347,.T.);
#870=EDGE_CURVE('',#693,#675,#348,.T.);
#871=EDGE_CURVE('',#673,#684,#349,.T.);
#872=EDGE_CURVE('',#671,#700,#350,.T.);
#873=EDGE_CURVE('',#701,#700,#564,.T.);
#874=EDGE_CURVE('',#701,#669,#351,.T.);
#875=EDGE_CURVE('',#697,#702,#565,.T.);
#876=EDGE_CURVE('',#702,#683,#352,.T.);
#877=EDGE_CURVE('',#703,#651,#353,.T.);
#878=EDGE_CURVE('',#704,#703,#354,.T.);
#879=EDGE_CURVE('',#705,#704,#355,.T.);
#880=EDGE_CURVE('',#706,#705,#356,.T.);
#881=EDGE_CURVE('',#639,#706,#357,.T.);
#882=EDGE_CURVE('',#659,#664,#358,.T.);
#883=EDGE_CURVE('',#707,#701,#566,.T.);
#884=EDGE_CURVE('',#708,#707,#359,.T.);
#885=EDGE_CURVE('',#709,#708,#567,.T.);
#886=EDGE_CURVE('',#655,#709,#360,.T.);
#887=EDGE_CURVE('',#710,#710,#568,.T.);
#888=EDGE_CURVE('',#711,#711,#569,.T.);
#889=EDGE_CURVE('',#709,#703,#570,.T.);
#890=EDGE_CURVE('',#712,#712,#571,.T.);
#891=EDGE_CURVE('',#712,#713,#361,.T.);
#892=EDGE_CURVE('',#713,#713,#572,.T.);
#893=EDGE_CURVE('',#645,#678,#362,.T.);
#894=EDGE_CURVE('',#677,#646,#363,.T.);
#895=EDGE_CURVE('',#714,#707,#573,.T.);
#896=EDGE_CURVE('',#700,#714,#574,.T.);
#897=EDGE_CURVE('',#696,#715,#575,.T.);
#898=EDGE_CURVE('',#715,#702,#576,.T.);
#899=EDGE_CURVE('',#695,#716,#577,.T.);
#900=EDGE_CURVE('',#716,#715,#364,.T.);
#901=EDGE_CURVE('',#694,#706,#578,.T.);
#902=EDGE_CURVE('',#706,#716,#579,.T.);
#903=EDGE_CURVE('',#708,#717,#580,.T.);
#904=EDGE_CURVE('',#717,#703,#581,.T.);
#905=EDGE_CURVE('',#714,#717,#365,.T.);
#906=EDGE_CURVE('',#717,#718,#366,.T.);
#907=EDGE_CURVE('',#718,#704,#582,.F.);
#908=EDGE_CURVE('',#719,#714,#367,.T.);
#909=EDGE_CURVE('',#718,#719,#368,.T.);
#910=EDGE_CURVE('',#700,#720,#369,.T.);
#911=EDGE_CURVE('',#720,#719,#583,.F.);
#912=EDGE_CURVE('',#705,#721,#584,.F.);
#913=EDGE_CURVE('',#722,#705,#585,.T.);
#914=EDGE_CURVE('',#722,#723,#586,.T.);
#915=EDGE_CURVE('',#721,#723,#587,.T.);
#916=EDGE_CURVE('',#724,#725,#588,.T.);
#917=EDGE_CURVE('',#704,#725,#589,.T.);
#918=EDGE_CURVE('',#724,#718,#590,.T.);
#919=EDGE_CURVE('',#725,#722,#370,.T.);
#920=EDGE_CURVE('',#726,#727,#591,.T.);
#921=EDGE_CURVE('',#728,#727,#592,.T.);
#922=EDGE_CURVE('',#729,#728,#593,.F.);
#923=EDGE_CURVE('',#726,#729,#594,.T.);
#924=EDGE_CURVE('',#730,#731,#595,.T.);
#925=EDGE_CURVE('',#719,#731,#596,.T.);
#926=EDGE_CURVE('',#730,#720,#597,.T.);
#927=EDGE_CURVE('',#731,#724,#371,.T.);
#928=EDGE_CURVE('',#727,#730,#372,.T.);
#929=EDGE_CURVE('',#720,#728,#373,.T.);
#930=EDGE_CURVE('',#715,#729,#374,.T.);
#931=EDGE_CURVE('',#728,#702,#375,.T.);
#932=EDGE_CURVE('',#723,#726,#376,.T.);
#933=EDGE_CURVE('',#729,#721,#377,.T.);
#934=EDGE_CURVE('',#721,#716,#378,.T.);
#935=EDGE_CURVE('',#732,#733,#598,.T.);
#936=EDGE_CURVE('',#734,#732,#379,.T.);
#937=EDGE_CURVE('',#735,#734,#599,.T.);
#938=EDGE_CURVE('',#736,#735,#380,.T.);
#939=EDGE_CURVE('',#737,#736,#600,.T.);
#940=EDGE_CURVE('',#738,#737,#381,.T.);
#941=EDGE_CURVE('',#739,#738,#601,.T.);
#942=EDGE_CURVE('',#733,#739,#382,.T.);
#943=EDGE_CURVE('',#740,#740,#602,.T.);
#944=EDGE_CURVE('',#741,#741,#603,.T.);
#945=EDGE_CURVE('',#742,#742,#604,.T.);
#946=EDGE_CURVE('',#743,#743,#605,.T.);
#947=EDGE_CURVE('',#711,#744,#383,.T.);
#948=EDGE_CURVE('',#744,#744,#606,.T.);
#949=EDGE_CURVE('',#699,#745,#384,.T.);
#950=EDGE_CURVE('',#745,#745,#607,.T.);
#951=EDGE_CURVE('',#710,#746,#385,.T.);
#952=EDGE_CURVE('',#746,#746,#608,.T.);
#953=EDGE_CURVE('',#698,#747,#386,.T.);
#954=EDGE_CURVE('',#747,#747,#609,.T.);
#955=EDGE_CURVE('',#748,#749,#610,.T.);
#956=EDGE_CURVE('',#748,#750,#387,.T.);
#957=EDGE_CURVE('',#751,#750,#611,.T.);
#958=EDGE_CURVE('',#751,#752,#388,.T.);
#959=EDGE_CURVE('',#753,#752,#612,.T.);
#960=EDGE_CURVE('',#754,#753,#389,.T.);
#961=EDGE_CURVE('',#755,#754,#613,.T.);
#962=EDGE_CURVE('',#755,#749,#390,.T.);
#963=EDGE_CURVE('',#756,#756,#614,.T.);
#964=EDGE_CURVE('',#757,#757,#615,.T.);
#965=EDGE_CURVE('',#758,#758,#616,.T.);
#966=EDGE_CURVE('',#759,#759,#617,.T.);
#967=EDGE_CURVE('',#760,#761,#618,.T.);
#968=EDGE_CURVE('',#755,#760,#391,.T.);
#969=EDGE_CURVE('',#754,#761,#392,.T.);
#970=EDGE_CURVE('',#761,#762,#393,.T.);
#971=EDGE_CURVE('',#753,#762,#394,.T.);
#972=EDGE_CURVE('',#762,#763,#619,.T.);
#973=EDGE_CURVE('',#752,#763,#395,.T.);
#974=EDGE_CURVE('',#763,#764,#396,.T.);
#975=EDGE_CURVE('',#751,#764,#397,.T.);
#976=EDGE_CURVE('',#740,#756,#398,.T.);
#977=EDGE_CURVE('',#741,#757,#399,.T.);
#978=EDGE_CURVE('',#742,#758,#400,.T.);
#979=EDGE_CURVE('',#743,#759,#401,.T.);
#980=EDGE_CURVE('',#764,#765,#620,.T.);
#981=EDGE_CURVE('',#750,#765,#402,.T.);
#982=EDGE_CURVE('',#765,#766,#403,.T.);
#983=EDGE_CURVE('',#748,#766,#404,.T.);
#984=EDGE_CURVE('',#766,#767,#621,.T.);
#985=EDGE_CURVE('',#749,#767,#405,.T.);
#986=EDGE_CURVE('',#767,#760,#406,.T.);
#987=EDGE_CURVE('',#733,#764,#622,.T.);
#988=EDGE_CURVE('',#763,#739,#623,.T.);
#989=EDGE_CURVE('',#762,#738,#624,.T.);
#990=EDGE_CURVE('',#761,#737,#625,.T.);
#991=EDGE_CURVE('',#760,#736,#626,.T.);
#992=EDGE_CURVE('',#767,#735,#627,.T.);
#993=EDGE_CURVE('',#766,#734,#628,.T.);
#994=EDGE_CURVE('',#765,#732,#629,.T.);
#995=ORIENTED_EDGE('',*,*,#768,.T.);
#996=ORIENTED_EDGE('',*,*,#769,.T.);
#997=ORIENTED_EDGE('',*,*,#770,.T.);
#998=ORIENTED_EDGE('',*,*,#771,.T.);
#999=ORIENTED_EDGE('',*,*,#772,.T.);
#1000=ORIENTED_EDGE('',*,*,#773,.T.);
#1001=ORIENTED_EDGE('',*,*,#768,.F.);
#1002=ORIENTED_EDGE('',*,*,#774,.T.);
#1003=ORIENTED_EDGE('',*,*,#775,.T.);
#1004=ORIENTED_EDGE('',*,*,#776,.T.);
#1005=ORIENTED_EDGE('',*,*,#772,.F.);
#1006=ORIENTED_EDGE('',*,*,#777,.T.);
#1007=ORIENTED_EDGE('',*,*,#778,.T.);
#1008=ORIENTED_EDGE('',*,*,#779,.T.);
#1009=ORIENTED_EDGE('',*,*,#775,.F.);
#1010=ORIENTED_EDGE('',*,*,#780,.T.);
#1011=ORIENTED_EDGE('',*,*,#781,.T.);
#1012=ORIENTED_EDGE('',*,*,#782,.T.);
#1013=ORIENTED_EDGE('',*,*,#778,.F.);
#1014=ORIENTED_EDGE('',*,*,#783,.T.);
#1015=ORIENTED_EDGE('',*,*,#783,.F.);
#1016=ORIENTED_EDGE('',*,*,#780,.F.);
#1017=ORIENTED_EDGE('',*,*,#777,.F.);
#1018=ORIENTED_EDGE('',*,*,#784,.F.);
#1019=ORIENTED_EDGE('',*,*,#785,.F.);
#1020=ORIENTED_EDGE('',*,*,#786,.T.);
#1021=ORIENTED_EDGE('',*,*,#774,.F.);
#1022=ORIENTED_EDGE('',*,*,#787,.T.);
#1023=ORIENTED_EDGE('',*,*,#788,.T.);
#1024=ORIENTED_EDGE('',*,*,#784,.T.);
#1025=ORIENTED_EDGE('',*,*,#771,.F.);
#1026=ORIENTED_EDGE('',*,*,#789,.F.);
#1027=ORIENTED_EDGE('',*,*,#790,.F.);
#1028=ORIENTED_EDGE('',*,*,#791,.F.);
#1029=ORIENTED_EDGE('',*,*,#792,.F.);
#1030=ORIENTED_EDGE('',*,*,#793,.F.);
#1031=ORIENTED_EDGE('',*,*,#794,.F.);
#1032=ORIENTED_EDGE('',*,*,#787,.F.);
#1033=ORIENTED_EDGE('',*,*,#795,.T.);
#1034=ORIENTED_EDGE('',*,*,#796,.T.);
#1035=ORIENTED_EDGE('',*,*,#797,.T.);
#1036=ORIENTED_EDGE('',*,*,#798,.T.);
#1037=ORIENTED_EDGE('',*,*,#799,.T.);
#1038=ORIENTED_EDGE('',*,*,#800,.T.);
#1039=ORIENTED_EDGE('',*,*,#795,.F.);
#1040=ORIENTED_EDGE('',*,*,#801,.T.);
#1041=ORIENTED_EDGE('',*,*,#802,.T.);
#1042=ORIENTED_EDGE('',*,*,#803,.T.);
#1043=ORIENTED_EDGE('',*,*,#799,.F.);
#1044=ORIENTED_EDGE('',*,*,#804,.T.);
#1045=ORIENTED_EDGE('',*,*,#805,.T.);
#1046=ORIENTED_EDGE('',*,*,#806,.T.);
#1047=ORIENTED_EDGE('',*,*,#802,.F.);
#1048=ORIENTED_EDGE('',*,*,#807,.T.);
#1049=ORIENTED_EDGE('',*,*,#808,.T.);
#1050=ORIENTED_EDGE('',*,*,#809,.T.);
#1051=ORIENTED_EDGE('',*,*,#805,.F.);
#1052=ORIENTED_EDGE('',*,*,#792,.T.);
#1053=ORIENTED_EDGE('',*,*,#807,.F.);
#1054=ORIENTED_EDGE('',*,*,#810,.T.);
#1055=ORIENTED_EDGE('',*,*,#811,.T.);
#1056=ORIENTED_EDGE('',*,*,#793,.T.);
#1057=ORIENTED_EDGE('',*,*,#804,.F.);
#1058=ORIENTED_EDGE('',*,*,#801,.F.);
#1059=ORIENTED_EDGE('',*,*,#798,.F.);
#1060=ORIENTED_EDGE('',*,*,#812,.T.);
#1061=ORIENTED_EDGE('',*,*,#813,.F.);
#1062=ORIENTED_EDGE('',*,*,#810,.F.);
#1063=ORIENTED_EDGE('',*,*,#814,.T.);
#1064=ORIENTED_EDGE('',*,*,#815,.T.);
#1065=ORIENTED_EDGE('',*,*,#816,.T.);
#1066=ORIENTED_EDGE('',*,*,#817,.T.);
#1067=ORIENTED_EDGE('',*,*,#818,.T.);
#1068=ORIENTED_EDGE('',*,*,#819,.T.);
#1069=ORIENTED_EDGE('',*,*,#814,.F.);
#1070=ORIENTED_EDGE('',*,*,#820,.T.);
#1071=ORIENTED_EDGE('',*,*,#821,.T.);
#1072=ORIENTED_EDGE('',*,*,#822,.T.);
#1073=ORIENTED_EDGE('',*,*,#818,.F.);
#1074=ORIENTED_EDGE('',*,*,#823,.T.);
#1075=ORIENTED_EDGE('',*,*,#824,.T.);
#1076=ORIENTED_EDGE('',*,*,#825,.T.);
#1077=ORIENTED_EDGE('',*,*,#821,.F.);
#1078=ORIENTED_EDGE('',*,*,#826,.T.);
#1079=ORIENTED_EDGE('',*,*,#827,.T.);
#1080=ORIENTED_EDGE('',*,*,#828,.T.);
#1081=ORIENTED_EDGE('',*,*,#824,.F.);
#1082=ORIENTED_EDGE('',*,*,#829,.T.);
#1083=ORIENTED_EDGE('',*,*,#829,.F.);
#1084=ORIENTED_EDGE('',*,*,#826,.F.);
#1085=ORIENTED_EDGE('',*,*,#823,.F.);
#1086=ORIENTED_EDGE('',*,*,#830,.F.);
#1087=ORIENTED_EDGE('',*,*,#831,.F.);
#1088=ORIENTED_EDGE('',*,*,#832,.T.);
#1089=ORIENTED_EDGE('',*,*,#820,.F.);
#1090=ORIENTED_EDGE('',*,*,#833,.T.);
#1091=ORIENTED_EDGE('',*,*,#834,.T.);
#1092=ORIENTED_EDGE('',*,*,#830,.T.);
#1093=ORIENTED_EDGE('',*,*,#817,.F.);
#1094=ORIENTED_EDGE('',*,*,#835,.F.);
#1095=ORIENTED_EDGE('',*,*,#836,.F.);
#1096=ORIENTED_EDGE('',*,*,#837,.F.);
#1097=ORIENTED_EDGE('',*,*,#838,.F.);
#1098=ORIENTED_EDGE('',*,*,#839,.F.);
#1099=ORIENTED_EDGE('',*,*,#840,.F.);
#1100=ORIENTED_EDGE('',*,*,#833,.F.);
#1101=ORIENTED_EDGE('',*,*,#841,.T.);
#1102=ORIENTED_EDGE('',*,*,#842,.T.);
#1103=ORIENTED_EDGE('',*,*,#843,.T.);
#1104=ORIENTED_EDGE('',*,*,#844,.T.);
#1105=ORIENTED_EDGE('',*,*,#845,.T.);
#1106=ORIENTED_EDGE('',*,*,#846,.T.);
#1107=ORIENTED_EDGE('',*,*,#841,.F.);
#1108=ORIENTED_EDGE('',*,*,#847,.T.);
#1109=ORIENTED_EDGE('',*,*,#848,.T.);
#1110=ORIENTED_EDGE('',*,*,#849,.T.);
#1111=ORIENTED_EDGE('',*,*,#845,.F.);
#1112=ORIENTED_EDGE('',*,*,#850,.T.);
#1113=ORIENTED_EDGE('',*,*,#851,.T.);
#1114=ORIENTED_EDGE('',*,*,#852,.T.);
#1115=ORIENTED_EDGE('',*,*,#848,.F.);
#1116=ORIENTED_EDGE('',*,*,#853,.T.);
#1117=ORIENTED_EDGE('',*,*,#854,.T.);
#1118=ORIENTED_EDGE('',*,*,#855,.T.);
#1119=ORIENTED_EDGE('',*,*,#851,.F.);
#1120=ORIENTED_EDGE('',*,*,#838,.T.);
#1121=ORIENTED_EDGE('',*,*,#853,.F.);
#1122=ORIENTED_EDGE('',*,*,#856,.T.);
#1123=ORIENTED_EDGE('',*,*,#857,.T.);
#1124=ORIENTED_EDGE('',*,*,#839,.T.);
#1125=ORIENTED_EDGE('',*,*,#850,.F.);
#1126=ORIENTED_EDGE('',*,*,#847,.F.);
#1127=ORIENTED_EDGE('',*,*,#844,.F.);
#1128=ORIENTED_EDGE('',*,*,#858,.T.);
#1129=ORIENTED_EDGE('',*,*,#859,.F.);
#1130=ORIENTED_EDGE('',*,*,#856,.F.);
#1131=ORIENTED_EDGE('',*,*,#776,.F.);
#1132=ORIENTED_EDGE('',*,*,#860,.F.);
#1133=ORIENTED_EDGE('',*,*,#861,.F.);
#1134=ORIENTED_EDGE('',*,*,#862,.F.);
#1135=ORIENTED_EDGE('',*,*,#863,.F.);
#1136=ORIENTED_EDGE('',*,*,#864,.F.);
#1137=ORIENTED_EDGE('',*,*,#849,.F.);
#1138=ORIENTED_EDGE('',*,*,#852,.F.);
#1139=ORIENTED_EDGE('',*,*,#855,.F.);
#1140=ORIENTED_EDGE('',*,*,#865,.T.);
#1141=ORIENTED_EDGE('',*,*,#769,.F.);
#1142=ORIENTED_EDGE('',*,*,#773,.F.);
#1143=ORIENTED_EDGE('',*,*,#866,.T.);
#1144=ORIENTED_EDGE('',*,*,#867,.T.);
#1145=ORIENTED_EDGE('',*,*,#813,.T.);
#1146=ORIENTED_EDGE('',*,*,#868,.T.);
#1147=ORIENTED_EDGE('',*,*,#785,.T.);
#1148=ORIENTED_EDGE('',*,*,#788,.F.);
#1149=ORIENTED_EDGE('',*,*,#794,.T.);
#1150=ORIENTED_EDGE('',*,*,#811,.F.);
#1151=ORIENTED_EDGE('',*,*,#868,.F.);
#1152=ORIENTED_EDGE('',*,*,#812,.F.);
#1153=ORIENTED_EDGE('',*,*,#797,.F.);
#1154=ORIENTED_EDGE('',*,*,#869,.F.);
#1155=ORIENTED_EDGE('',*,*,#781,.F.);
#1156=ORIENTED_EDGE('',*,*,#786,.F.);
#1157=ORIENTED_EDGE('',*,*,#859,.T.);
#1158=ORIENTED_EDGE('',*,*,#870,.T.);
#1159=ORIENTED_EDGE('',*,*,#831,.T.);
#1160=ORIENTED_EDGE('',*,*,#834,.F.);
#1161=ORIENTED_EDGE('',*,*,#840,.T.);
#1162=ORIENTED_EDGE('',*,*,#857,.F.);
#1163=ORIENTED_EDGE('',*,*,#870,.F.);
#1164=ORIENTED_EDGE('',*,*,#858,.F.);
#1165=ORIENTED_EDGE('',*,*,#843,.F.);
#1166=ORIENTED_EDGE('',*,*,#871,.F.);
#1167=ORIENTED_EDGE('',*,*,#827,.F.);
#1168=ORIENTED_EDGE('',*,*,#832,.F.);
#1169=ORIENTED_EDGE('',*,*,#825,.F.);
#1170=ORIENTED_EDGE('',*,*,#872,.T.);
#1171=ORIENTED_EDGE('',*,*,#873,.F.);
#1172=ORIENTED_EDGE('',*,*,#874,.T.);
#1173=ORIENTED_EDGE('',*,*,#846,.F.);
#1174=ORIENTED_EDGE('',*,*,#864,.T.);
#1175=ORIENTED_EDGE('',*,*,#875,.T.);
#1176=ORIENTED_EDGE('',*,*,#876,.T.);
#1177=ORIENTED_EDGE('',*,*,#869,.T.);
#1178=ORIENTED_EDGE('',*,*,#796,.F.);
#1179=ORIENTED_EDGE('',*,*,#877,.F.);
#1180=ORIENTED_EDGE('',*,*,#878,.F.);
#1181=ORIENTED_EDGE('',*,*,#879,.F.);
#1182=ORIENTED_EDGE('',*,*,#880,.F.);
#1183=ORIENTED_EDGE('',*,*,#881,.F.);
#1184=ORIENTED_EDGE('',*,*,#782,.F.);
#1185=ORIENTED_EDGE('',*,*,#882,.T.);
#1186=ORIENTED_EDGE('',*,*,#815,.F.);
#1187=ORIENTED_EDGE('',*,*,#819,.F.);
#1188=ORIENTED_EDGE('',*,*,#822,.F.);
#1189=ORIENTED_EDGE('',*,*,#874,.F.);
#1190=ORIENTED_EDGE('',*,*,#883,.F.);
#1191=ORIENTED_EDGE('',*,*,#884,.F.);
#1192=ORIENTED_EDGE('',*,*,#885,.F.);
#1193=ORIENTED_EDGE('',*,*,#886,.F.);
#1194=ORIENTED_EDGE('',*,*,#803,.F.);
#1195=ORIENTED_EDGE('',*,*,#806,.F.);
#1196=ORIENTED_EDGE('',*,*,#809,.F.);
#1197=ORIENTED_EDGE('',*,*,#887,.T.);
#1198=ORIENTED_EDGE('',*,*,#888,.T.);
#1199=ORIENTED_EDGE('',*,*,#800,.F.);
#1200=ORIENTED_EDGE('',*,*,#886,.T.);
#1201=ORIENTED_EDGE('',*,*,#889,.T.);
#1202=ORIENTED_EDGE('',*,*,#877,.T.);
#1203=ORIENTED_EDGE('',*,*,#890,.F.);
#1204=ORIENTED_EDGE('',*,*,#891,.T.);
#1205=ORIENTED_EDGE('',*,*,#892,.F.);
#1206=ORIENTED_EDGE('',*,*,#891,.F.);
#1207=ORIENTED_EDGE('',*,*,#790,.T.);
#1208=ORIENTED_EDGE('',*,*,#893,.T.);
#1209=ORIENTED_EDGE('',*,*,#836,.T.);
#1210=ORIENTED_EDGE('',*,*,#894,.T.);
#1211=ORIENTED_EDGE('',*,*,#892,.T.);
#1212=ORIENTED_EDGE('',*,*,#895,.T.);
#1213=ORIENTED_EDGE('',*,*,#883,.T.);
#1214=ORIENTED_EDGE('',*,*,#873,.T.);
#1215=ORIENTED_EDGE('',*,*,#896,.T.);
#1216=ORIENTED_EDGE('',*,*,#897,.T.);
#1217=ORIENTED_EDGE('',*,*,#898,.T.);
#1218=ORIENTED_EDGE('',*,*,#875,.F.);
#1219=ORIENTED_EDGE('',*,*,#863,.T.);
#1220=ORIENTED_EDGE('',*,*,#899,.T.);
#1221=ORIENTED_EDGE('',*,*,#900,.T.);
#1222=ORIENTED_EDGE('',*,*,#897,.F.);
#1223=ORIENTED_EDGE('',*,*,#862,.T.);
#1224=ORIENTED_EDGE('',*,*,#901,.T.);
#1225=ORIENTED_EDGE('',*,*,#902,.T.);
#1226=ORIENTED_EDGE('',*,*,#899,.F.);
#1227=ORIENTED_EDGE('',*,*,#861,.T.);
#1228=ORIENTED_EDGE('',*,*,#779,.F.);
#1229=ORIENTED_EDGE('',*,*,#881,.T.);
#1230=ORIENTED_EDGE('',*,*,#901,.F.);
#1231=ORIENTED_EDGE('',*,*,#860,.T.);
#1232=ORIENTED_EDGE('',*,*,#903,.T.);
#1233=ORIENTED_EDGE('',*,*,#904,.T.);
#1234=ORIENTED_EDGE('',*,*,#889,.F.);
#1235=ORIENTED_EDGE('',*,*,#885,.T.);
#1236=ORIENTED_EDGE('',*,*,#903,.F.);
#1237=ORIENTED_EDGE('',*,*,#884,.T.);
#1238=ORIENTED_EDGE('',*,*,#895,.F.);
#1239=ORIENTED_EDGE('',*,*,#905,.T.);
#1240=ORIENTED_EDGE('',*,*,#904,.F.);
#1241=ORIENTED_EDGE('',*,*,#906,.T.);
#1242=ORIENTED_EDGE('',*,*,#907,.T.);
#1243=ORIENTED_EDGE('',*,*,#878,.T.);
#1244=ORIENTED_EDGE('',*,*,#905,.F.);
#1245=ORIENTED_EDGE('',*,*,#908,.F.);
#1246=ORIENTED_EDGE('',*,*,#909,.F.);
#1247=ORIENTED_EDGE('',*,*,#906,.F.);
#1248=ORIENTED_EDGE('',*,*,#896,.F.);
#1249=ORIENTED_EDGE('',*,*,#910,.T.);
#1250=ORIENTED_EDGE('',*,*,#911,.T.);
#1251=ORIENTED_EDGE('',*,*,#908,.T.);
#1252=ORIENTED_EDGE('',*,*,#912,.F.);
#1253=ORIENTED_EDGE('',*,*,#913,.F.);
#1254=ORIENTED_EDGE('',*,*,#914,.T.);
#1255=ORIENTED_EDGE('',*,*,#915,.F.);
#1256=ORIENTED_EDGE('',*,*,#916,.T.);
#1257=ORIENTED_EDGE('',*,*,#917,.F.);
#1258=ORIENTED_EDGE('',*,*,#907,.F.);
#1259=ORIENTED_EDGE('',*,*,#918,.F.);
#1260=ORIENTED_EDGE('',*,*,#917,.T.);
#1261=ORIENTED_EDGE('',*,*,#919,.T.);
#1262=ORIENTED_EDGE('',*,*,#913,.T.);
#1263=ORIENTED_EDGE('',*,*,#879,.T.);
#1264=ORIENTED_EDGE('',*,*,#920,.T.);
#1265=ORIENTED_EDGE('',*,*,#921,.F.);
#1266=ORIENTED_EDGE('',*,*,#922,.F.);
#1267=ORIENTED_EDGE('',*,*,#923,.F.);
#1268=ORIENTED_EDGE('',*,*,#924,.T.);
#1269=ORIENTED_EDGE('',*,*,#925,.F.);
#1270=ORIENTED_EDGE('',*,*,#911,.F.);
#1271=ORIENTED_EDGE('',*,*,#926,.F.);
#1272=ORIENTED_EDGE('',*,*,#925,.T.);
#1273=ORIENTED_EDGE('',*,*,#927,.T.);
#1274=ORIENTED_EDGE('',*,*,#918,.T.);
#1275=ORIENTED_EDGE('',*,*,#909,.T.);
#1276=ORIENTED_EDGE('',*,*,#921,.T.);
#1277=ORIENTED_EDGE('',*,*,#928,.T.);
#1278=ORIENTED_EDGE('',*,*,#926,.T.);
#1279=ORIENTED_EDGE('',*,*,#929,.T.);
#1280=ORIENTED_EDGE('',*,*,#898,.F.);
#1281=ORIENTED_EDGE('',*,*,#930,.T.);
#1282=ORIENTED_EDGE('',*,*,#922,.T.);
#1283=ORIENTED_EDGE('',*,*,#931,.T.);
#1284=ORIENTED_EDGE('',*,*,#915,.T.);
#1285=ORIENTED_EDGE('',*,*,#932,.T.);
#1286=ORIENTED_EDGE('',*,*,#923,.T.);
#1287=ORIENTED_EDGE('',*,*,#933,.T.);
#1288=ORIENTED_EDGE('',*,*,#902,.F.);
#1289=ORIENTED_EDGE('',*,*,#880,.T.);
#1290=ORIENTED_EDGE('',*,*,#912,.T.);
#1291=ORIENTED_EDGE('',*,*,#934,.T.);
#1292=ORIENTED_EDGE('',*,*,#900,.F.);
#1293=ORIENTED_EDGE('',*,*,#934,.F.);
#1294=ORIENTED_EDGE('',*,*,#933,.F.);
#1295=ORIENTED_EDGE('',*,*,#930,.F.);
#1296=ORIENTED_EDGE('',*,*,#935,.F.);
#1297=ORIENTED_EDGE('',*,*,#936,.F.);
#1298=ORIENTED_EDGE('',*,*,#937,.F.);
#1299=ORIENTED_EDGE('',*,*,#938,.F.);
#1300=ORIENTED_EDGE('',*,*,#939,.F.);
#1301=ORIENTED_EDGE('',*,*,#940,.F.);
#1302=ORIENTED_EDGE('',*,*,#941,.F.);
#1303=ORIENTED_EDGE('',*,*,#942,.F.);
#1304=ORIENTED_EDGE('',*,*,#943,.T.);
#1305=ORIENTED_EDGE('',*,*,#944,.T.);
#1306=ORIENTED_EDGE('',*,*,#945,.T.);
#1307=ORIENTED_EDGE('',*,*,#946,.T.);
#1308=ORIENTED_EDGE('',*,*,#924,.F.);
#1309=ORIENTED_EDGE('',*,*,#928,.F.);
#1310=ORIENTED_EDGE('',*,*,#920,.F.);
#1311=ORIENTED_EDGE('',*,*,#932,.F.);
#1312=ORIENTED_EDGE('',*,*,#914,.F.);
#1313=ORIENTED_EDGE('',*,*,#919,.F.);
#1314=ORIENTED_EDGE('',*,*,#916,.F.);
#1315=ORIENTED_EDGE('',*,*,#927,.F.);
#1316=ORIENTED_EDGE('',*,*,#888,.F.);
#1317=ORIENTED_EDGE('',*,*,#947,.T.);
#1318=ORIENTED_EDGE('',*,*,#948,.T.);
#1319=ORIENTED_EDGE('',*,*,#947,.F.);
#1320=ORIENTED_EDGE('',*,*,#948,.F.);
#1321=ORIENTED_EDGE('',*,*,#867,.F.);
#1322=ORIENTED_EDGE('',*,*,#949,.T.);
#1323=ORIENTED_EDGE('',*,*,#950,.T.);
#1324=ORIENTED_EDGE('',*,*,#949,.F.);
#1325=ORIENTED_EDGE('',*,*,#950,.F.);
#1326=ORIENTED_EDGE('',*,*,#791,.T.);
#1327=ORIENTED_EDGE('',*,*,#894,.F.);
#1328=ORIENTED_EDGE('',*,*,#835,.T.);
#1329=ORIENTED_EDGE('',*,*,#816,.F.);
#1330=ORIENTED_EDGE('',*,*,#882,.F.);
#1331=ORIENTED_EDGE('',*,*,#808,.F.);
#1332=ORIENTED_EDGE('',*,*,#887,.F.);
#1333=ORIENTED_EDGE('',*,*,#951,.T.);
#1334=ORIENTED_EDGE('',*,*,#952,.T.);
#1335=ORIENTED_EDGE('',*,*,#951,.F.);
#1336=ORIENTED_EDGE('',*,*,#952,.F.);
#1337=ORIENTED_EDGE('',*,*,#866,.F.);
#1338=ORIENTED_EDGE('',*,*,#953,.T.);
#1339=ORIENTED_EDGE('',*,*,#954,.T.);
#1340=ORIENTED_EDGE('',*,*,#953,.F.);
#1341=ORIENTED_EDGE('',*,*,#954,.F.);
#1342=ORIENTED_EDGE('',*,*,#789,.T.);
#1343=ORIENTED_EDGE('',*,*,#770,.F.);
#1344=ORIENTED_EDGE('',*,*,#865,.F.);
#1345=ORIENTED_EDGE('',*,*,#854,.F.);
#1346=ORIENTED_EDGE('',*,*,#837,.T.);
#1347=ORIENTED_EDGE('',*,*,#893,.F.);
#1348=ORIENTED_EDGE('',*,*,#871,.T.);
#1349=ORIENTED_EDGE('',*,*,#842,.F.);
#1350=ORIENTED_EDGE('',*,*,#876,.F.);
#1351=ORIENTED_EDGE('',*,*,#931,.F.);
#1352=ORIENTED_EDGE('',*,*,#929,.F.);
#1353=ORIENTED_EDGE('',*,*,#910,.F.);
#1354=ORIENTED_EDGE('',*,*,#872,.F.);
#1355=ORIENTED_EDGE('',*,*,#828,.F.);
#1356=ORIENTED_EDGE('',*,*,#955,.F.);
#1357=ORIENTED_EDGE('',*,*,#956,.T.);
#1358=ORIENTED_EDGE('',*,*,#957,.F.);
#1359=ORIENTED_EDGE('',*,*,#958,.T.);
#1360=ORIENTED_EDGE('',*,*,#959,.F.);
#1361=ORIENTED_EDGE('',*,*,#960,.F.);
#1362=ORIENTED_EDGE('',*,*,#961,.F.);
#1363=ORIENTED_EDGE('',*,*,#962,.T.);
#1364=ORIENTED_EDGE('',*,*,#890,.T.);
#1365=ORIENTED_EDGE('',*,*,#963,.T.);
#1366=ORIENTED_EDGE('',*,*,#964,.T.);
#1367=ORIENTED_EDGE('',*,*,#965,.T.);
#1368=ORIENTED_EDGE('',*,*,#966,.T.);
#1369=ORIENTED_EDGE('',*,*,#967,.F.);
#1370=ORIENTED_EDGE('',*,*,#968,.F.);
#1371=ORIENTED_EDGE('',*,*,#961,.T.);
#1372=ORIENTED_EDGE('',*,*,#969,.T.);
#1373=ORIENTED_EDGE('',*,*,#970,.F.);
#1374=ORIENTED_EDGE('',*,*,#969,.F.);
#1375=ORIENTED_EDGE('',*,*,#960,.T.);
#1376=ORIENTED_EDGE('',*,*,#971,.T.);
#1377=ORIENTED_EDGE('',*,*,#972,.F.);
#1378=ORIENTED_EDGE('',*,*,#971,.F.);
#1379=ORIENTED_EDGE('',*,*,#959,.T.);
#1380=ORIENTED_EDGE('',*,*,#973,.T.);
#1381=ORIENTED_EDGE('',*,*,#974,.F.);
#1382=ORIENTED_EDGE('',*,*,#973,.F.);
#1383=ORIENTED_EDGE('',*,*,#958,.F.);
#1384=ORIENTED_EDGE('',*,*,#975,.T.);
#1385=ORIENTED_EDGE('',*,*,#943,.F.);
#1386=ORIENTED_EDGE('',*,*,#976,.T.);
#1387=ORIENTED_EDGE('',*,*,#963,.F.);
#1388=ORIENTED_EDGE('',*,*,#976,.F.);
#1389=ORIENTED_EDGE('',*,*,#944,.F.);
#1390=ORIENTED_EDGE('',*,*,#977,.T.);
#1391=ORIENTED_EDGE('',*,*,#964,.F.);
#1392=ORIENTED_EDGE('',*,*,#977,.F.);
#1393=ORIENTED_EDGE('',*,*,#945,.F.);
#1394=ORIENTED_EDGE('',*,*,#978,.T.);
#1395=ORIENTED_EDGE('',*,*,#965,.F.);
#1396=ORIENTED_EDGE('',*,*,#978,.F.);
#1397=ORIENTED_EDGE('',*,*,#946,.F.);
#1398=ORIENTED_EDGE('',*,*,#979,.T.);
#1399=ORIENTED_EDGE('',*,*,#966,.F.);
#1400=ORIENTED_EDGE('',*,*,#979,.F.);
#1401=ORIENTED_EDGE('',*,*,#980,.F.);
#1402=ORIENTED_EDGE('',*,*,#975,.F.);
#1403=ORIENTED_EDGE('',*,*,#957,.T.);
#1404=ORIENTED_EDGE('',*,*,#981,.T.);
#1405=ORIENTED_EDGE('',*,*,#982,.F.);
#1406=ORIENTED_EDGE('',*,*,#981,.F.);
#1407=ORIENTED_EDGE('',*,*,#956,.F.);
#1408=ORIENTED_EDGE('',*,*,#983,.T.);
#1409=ORIENTED_EDGE('',*,*,#984,.F.);
#1410=ORIENTED_EDGE('',*,*,#983,.F.);
#1411=ORIENTED_EDGE('',*,*,#955,.T.);
#1412=ORIENTED_EDGE('',*,*,#985,.T.);
#1413=ORIENTED_EDGE('',*,*,#986,.F.);
#1414=ORIENTED_EDGE('',*,*,#985,.F.);
#1415=ORIENTED_EDGE('',*,*,#962,.F.);
#1416=ORIENTED_EDGE('',*,*,#968,.T.);
#1417=ORIENTED_EDGE('',*,*,#987,.F.);
#1418=ORIENTED_EDGE('',*,*,#942,.T.);
#1419=ORIENTED_EDGE('',*,*,#988,.F.);
#1420=ORIENTED_EDGE('',*,*,#974,.T.);
#1421=ORIENTED_EDGE('',*,*,#988,.T.);
#1422=ORIENTED_EDGE('',*,*,#941,.T.);
#1423=ORIENTED_EDGE('',*,*,#989,.F.);
#1424=ORIENTED_EDGE('',*,*,#972,.T.);
#1425=ORIENTED_EDGE('',*,*,#989,.T.);
#1426=ORIENTED_EDGE('',*,*,#940,.T.);
#1427=ORIENTED_EDGE('',*,*,#990,.F.);
#1428=ORIENTED_EDGE('',*,*,#970,.T.);
#1429=ORIENTED_EDGE('',*,*,#990,.T.);
#1430=ORIENTED_EDGE('',*,*,#939,.T.);
#1431=ORIENTED_EDGE('',*,*,#991,.F.);
#1432=ORIENTED_EDGE('',*,*,#967,.T.);
#1433=ORIENTED_EDGE('',*,*,#991,.T.);
#1434=ORIENTED_EDGE('',*,*,#938,.T.);
#1435=ORIENTED_EDGE('',*,*,#992,.F.);
#1436=ORIENTED_EDGE('',*,*,#986,.T.);
#1437=ORIENTED_EDGE('',*,*,#992,.T.);
#1438=ORIENTED_EDGE('',*,*,#937,.T.);
#1439=ORIENTED_EDGE('',*,*,#993,.F.);
#1440=ORIENTED_EDGE('',*,*,#984,.T.);
#1441=ORIENTED_EDGE('',*,*,#993,.T.);
#1442=ORIENTED_EDGE('',*,*,#936,.T.);
#1443=ORIENTED_EDGE('',*,*,#994,.F.);
#1444=ORIENTED_EDGE('',*,*,#982,.T.);
#1445=ORIENTED_EDGE('',*,*,#987,.T.);
#1446=ORIENTED_EDGE('',*,*,#980,.T.);
#1447=ORIENTED_EDGE('',*,*,#994,.T.);
#1448=ORIENTED_EDGE('',*,*,#935,.T.);
#1449=CYLINDRICAL_SURFACE('',#1607,0.1);
#1450=CYLINDRICAL_SURFACE('',#1614,0.1);
#1451=CYLINDRICAL_SURFACE('',#1620,0.1);
#1452=CYLINDRICAL_SURFACE('',#1623,1.);
#1453=CYLINDRICAL_SURFACE('',#1626,0.1);
#1454=CYLINDRICAL_SURFACE('',#1633,0.1);
#1455=CYLINDRICAL_SURFACE('',#1639,0.1);
#1456=CYLINDRICAL_SURFACE('',#1641,1.);
#1457=CYLINDRICAL_SURFACE('',#1644,0.1);
#1458=CYLINDRICAL_SURFACE('',#1651,0.1);
#1459=CYLINDRICAL_SURFACE('',#1657,0.1);
#1460=CYLINDRICAL_SURFACE('',#1660,1.);
#1461=CYLINDRICAL_SURFACE('',#1663,0.1);
#1462=CYLINDRICAL_SURFACE('',#1670,0.1);
#1463=CYLINDRICAL_SURFACE('',#1676,0.1);
#1464=CYLINDRICAL_SURFACE('',#1678,1.);
#1465=CYLINDRICAL_SURFACE('',#1690,1.);
#1466=CYLINDRICAL_SURFACE('',#1692,1.);
#1467=CYLINDRICAL_SURFACE('',#1700,1.);
#1468=CYLINDRICAL_SURFACE('',#1702,3.99999999999999);
#1469=CYLINDRICAL_SURFACE('',#1712,1.);
#1470=CYLINDRICAL_SURFACE('',#1717,1.);
#1471=CYLINDRICAL_SURFACE('',#1721,1.);
#1472=CYLINDRICAL_SURFACE('',#1722,3.);
#1473=CYLINDRICAL_SURFACE('',#1725,3.);
#1474=CYLINDRICAL_SURFACE('',#1736,4.);
#1475=CYLINDRICAL_SURFACE('',#1746,4.);
#1476=CYLINDRICAL_SURFACE('',#1747,4.);
#1477=CYLINDRICAL_SURFACE('',#1748,3.);
#1478=CYLINDRICAL_SURFACE('',#1749,4.);
#1479=CYLINDRICAL_SURFACE('',#1750,3.);
#1480=CYLINDRICAL_SURFACE('',#1761,2.34999999999999);
#1481=CYLINDRICAL_SURFACE('',#1764,2.34999999999999);
#1482=CYLINDRICAL_SURFACE('',#1768,2.34999999999999);
#1483=CYLINDRICAL_SURFACE('',#1771,2.34999999999999);
#1484=CYLINDRICAL_SURFACE('',#1785,2.99999999999988);
#1485=CYLINDRICAL_SURFACE('',#1788,2.99999999999983);
#1486=CYLINDRICAL_SURFACE('',#1791,1.6);
#1487=CYLINDRICAL_SURFACE('',#1792,1.6);
#1488=CYLINDRICAL_SURFACE('',#1793,1.6);
#1489=CYLINDRICAL_SURFACE('',#1794,1.60000000000004);
#1490=CYLINDRICAL_SURFACE('',#1795,2.9999999999999);
#1491=CYLINDRICAL_SURFACE('',#1798,2.9999999999999);
#1492=CYLINDRICAL_SURFACE('',#1801,1.);
#1493=CYLINDRICAL_SURFACE('',#1806,1.);
#1494=CYLINDRICAL_SURFACE('',#1810,1.);
#1495=CYLINDRICAL_SURFACE('',#1814,1.);
#1496=ADVANCED_FACE('',(#87),#1449,.T.);
#1497=ADVANCED_FACE('',(#88),#67,.T.);
#1498=ADVANCED_FACE('',(#89),#1450,.T.);
#1499=ADVANCED_FACE('',(#90),#68,.T.);
#1500=ADVANCED_FACE('',(#91),#1451,.T.);
#1501=ADVANCED_FACE('',(#92),#38,.F.);
#1502=ADVANCED_FACE('',(#93),#1452,.T.);
#1503=ADVANCED_FACE('',(#94),#39,.T.);
#1504=ADVANCED_FACE('',(#95),#1453,.T.);
#1505=ADVANCED_FACE('',(#96),#69,.T.);
#1506=ADVANCED_FACE('',(#97),#1454,.T.);
#1507=ADVANCED_FACE('',(#98),#70,.T.);
#1508=ADVANCED_FACE('',(#99),#1455,.T.);
#1509=ADVANCED_FACE('',(#100),#1456,.T.);
#1510=ADVANCED_FACE('',(#101),#40,.F.);
#1511=ADVANCED_FACE('',(#102),#1457,.T.);
#1512=ADVANCED_FACE('',(#103),#71,.T.);
#1513=ADVANCED_FACE('',(#104),#1458,.T.);
#1514=ADVANCED_FACE('',(#105),#72,.T.);
#1515=ADVANCED_FACE('',(#106),#1459,.T.);
#1516=ADVANCED_FACE('',(#107),#41,.F.);
#1517=ADVANCED_FACE('',(#108),#1460,.T.);
#1518=ADVANCED_FACE('',(#109),#42,.T.);
#1519=ADVANCED_FACE('',(#110),#1461,.T.);
#1520=ADVANCED_FACE('',(#111),#73,.T.);
#1521=ADVANCED_FACE('',(#112),#1462,.T.);
#1522=ADVANCED_FACE('',(#113),#74,.T.);
#1523=ADVANCED_FACE('',(#114),#1463,.T.);
#1524=ADVANCED_FACE('',(#115),#1464,.T.);
#1525=ADVANCED_FACE('',(#116),#43,.F.);
#1526=ADVANCED_FACE('',(#117,#19,#20),#44,.F.);
#1527=ADVANCED_FACE('',(#118),#45,.T.);
#1528=ADVANCED_FACE('',(#119),#46,.F.);
#1529=ADVANCED_FACE('',(#120),#47,.T.);
#1530=ADVANCED_FACE('',(#121),#48,.F.);
#1531=ADVANCED_FACE('',(#122),#1465,.T.);
#1532=ADVANCED_FACE('',(#123),#1466,.T.);
#1533=ADVANCED_FACE('',(#124),#49,.T.);
#1534=ADVANCED_FACE('',(#125,#21,#22),#50,.F.);
#1535=ADVANCED_FACE('',(#126),#1467,.T.);
#1536=ADVANCED_FACE('',(#127),#1468,.F.);
#1537=ADVANCED_FACE('',(#128,#23),#51,.T.);
#1538=ADVANCED_FACE('',(#129),#75,.T.);
#1539=ADVANCED_FACE('',(#130),#76,.T.);
#1540=ADVANCED_FACE('',(#131),#1469,.T.);
#1541=ADVANCED_FACE('',(#132),#77,.T.);
#1542=ADVANCED_FACE('',(#133),#1470,.T.);
#1543=ADVANCED_FACE('',(#134),#78,.T.);
#1544=ADVANCED_FACE('',(#135),#1471,.T.);
#1545=ADVANCED_FACE('',(#136),#1472,.T.);
#1546=ADVANCED_FACE('',(#137),#52,.T.);
#1547=ADVANCED_FACE('',(#138),#1473,.T.);
#1548=ADVANCED_FACE('',(#139),#79,.F.);
#1549=ADVANCED_FACE('',(#140),#80,.F.);
#1550=ADVANCED_FACE('',(#141),#1474,.F.);
#1551=ADVANCED_FACE('',(#142),#81,.F.);
#1552=ADVANCED_FACE('',(#143),#82,.F.);
#1553=ADVANCED_FACE('',(#144),#1475,.F.);
#1554=ADVANCED_FACE('',(#145),#1476,.F.);
#1555=ADVANCED_FACE('',(#146),#1477,.T.);
#1556=ADVANCED_FACE('',(#147),#1478,.F.);
#1557=ADVANCED_FACE('',(#148),#1479,.T.);
#1558=ADVANCED_FACE('',(#149),#53,.T.);
#1559=ADVANCED_FACE('',(#150,#24,#25,#26,#27,#28),#54,.T.);
#1560=ADVANCED_FACE('',(#151),#1480,.F.);
#1561=ADVANCED_FACE('',(#152),#55,.T.);
#1562=ADVANCED_FACE('',(#153),#1481,.F.);
#1563=ADVANCED_FACE('',(#154),#56,.T.);
#1564=ADVANCED_FACE('',(#155),#57,.T.);
#1565=ADVANCED_FACE('',(#156),#1482,.F.);
#1566=ADVANCED_FACE('',(#157),#58,.T.);
#1567=ADVANCED_FACE('',(#158),#1483,.F.);
#1568=ADVANCED_FACE('',(#159),#59,.T.);
#1569=ADVANCED_FACE('',(#160),#60,.T.);
#1570=ADVANCED_FACE('',(#161),#61,.T.);
#1571=ADVANCED_FACE('',(#162,#29,#30,#31,#32,#33),#62,.F.);
#1572=ADVANCED_FACE('',(#163),#1484,.T.);
#1573=ADVANCED_FACE('',(#164),#63,.T.);
#1574=ADVANCED_FACE('',(#165),#1485,.T.);
#1575=ADVANCED_FACE('',(#166),#64,.T.);
#1576=ADVANCED_FACE('',(#167),#1486,.F.);
#1577=ADVANCED_FACE('',(#168),#1487,.F.);
#1578=ADVANCED_FACE('',(#169),#1488,.F.);
#1579=ADVANCED_FACE('',(#170),#1489,.F.);
#1580=ADVANCED_FACE('',(#171),#1490,.T.);
#1581=ADVANCED_FACE('',(#172),#65,.T.);
#1582=ADVANCED_FACE('',(#173),#1491,.T.);
#1583=ADVANCED_FACE('',(#174),#66,.T.);
#1584=ADVANCED_FACE('',(#175),#1492,.T.);
#1585=ADVANCED_FACE('',(#176),#83,.T.);
#1586=ADVANCED_FACE('',(#177),#1493,.T.);
#1587=ADVANCED_FACE('',(#178),#84,.T.);
#1588=ADVANCED_FACE('',(#179),#1494,.T.);
#1589=ADVANCED_FACE('',(#180),#85,.T.);
#1590=ADVANCED_FACE('',(#181),#1495,.T.);
#1591=ADVANCED_FACE('',(#182),#86,.T.);
#1592=CLOSED_SHELL('',(#1496,#1497,#1498,#1499,#1500,#1501,#1502,#1503,
#1504,#1505,#1506,#1507,#1508,#1509,#1510,#1511,#1512,#1513,#1514,#1515,
#1516,#1517,#1518,#1519,#1520,#1521,#1522,#1523,#1524,#1525,#1526,#1527,
#1528,#1529,#1530,#1531,#1532,#1533,#1534,#1535,#1536,#1537,#1538,#1539,
#1540,#1541,#1542,#1543,#1544,#1545,#1546,#1547,#1548,#1549,#1550,#1551,
#1552,#1553,#1554,#1555,#1556,#1557,#1558,#1559,#1560,#1561,#1562,#1563,
#1564,#1565,#1566,#1567,#1568,#1569,#1570,#1571,#1572,#1573,#1574,#1575,
#1576,#1577,#1578,#1579,#1580,#1581,#1582,#1583,#1584,#1585,#1586,#1587,
#1588,#1589,#1590,#1591));
#1593=DERIVED_UNIT_ELEMENT(#1595,1.);
#1594=DERIVED_UNIT_ELEMENT(#2828,-3.);
#1595=(
MASS_UNIT()
NAMED_UNIT(*)
SI_UNIT(.KILO.,.GRAM.)
);
#1596=DERIVED_UNIT((#1593,#1594));
#1597=MEASURE_REPRESENTATION_ITEM('density measure',
POSITIVE_RATIO_MEASURE(7850.),#1596);
#1598=PROPERTY_DEFINITION_REPRESENTATION(#1603,#1600);
#1599=PROPERTY_DEFINITION_REPRESENTATION(#1604,#1601);
#1600=REPRESENTATION('material name',(#1602),#2825);
#1601=REPRESENTATION('density',(#1597),#2825);
#1602=DESCRIPTIVE_REPRESENTATION_ITEM('Steel','Steel');
#1603=PROPERTY_DEFINITION('material property','material name',#2840);
#1604=PROPERTY_DEFINITION('material property','density of part',#2840);
#1605=AXIS2_PLACEMENT_3D('',#2357,#1818,#1819);
#1606=AXIS2_PLACEMENT_3D('',#2358,#1820,#1821);
#1607=AXIS2_PLACEMENT_3D('',#2359,#1822,#1823);
#1608=AXIS2_PLACEMENT_3D('',#2362,#1824,#1825);
#1609=AXIS2_PLACEMENT_3D('',#2366,#1827,#1828);
#1610=AXIS2_PLACEMENT_3D('',#2368,#1830,#1831);
#1611=AXIS2_PLACEMENT_3D('',#2371,#1832,#1833);
#1612=AXIS2_PLACEMENT_3D('',#2372,#1834,#1835);
#1613=AXIS2_PLACEMENT_3D('',#2373,#1836,#1837);
#1614=AXIS2_PLACEMENT_3D('',#2374,#1838,#1839);
#1615=AXIS2_PLACEMENT_3D('',#2377,#1840,#1841);
#1616=AXIS2_PLACEMENT_3D('',#2380,#1844,#1845);
#1617=AXIS2_PLACEMENT_3D('',#2383,#1846,#1847);
#1618=AXIS2_PLACEMENT_3D('',#2384,#1848,#1849);
#1619=AXIS2_PLACEMENT_3D('',#2385,#1850,#1851);
#1620=AXIS2_PLACEMENT_3D('',#2386,#1852,#1853);
#1621=AXIS2_PLACEMENT_3D('',#2389,#1854,#1855);
#1622=AXIS2_PLACEMENT_3D('',#2392,#1858,#1859);
#1623=AXIS2_PLACEMENT_3D('',#2398,#1863,#1864);
#1624=AXIS2_PLACEMENT_3D('',#2401,#1866,#1867);
#1625=AXIS2_PLACEMENT_3D('',#2402,#1868,#1869);
#1626=AXIS2_PLACEMENT_3D('',#2414,#1876,#1877);
#1627=AXIS2_PLACEMENT_3D('',#2417,#1878,#1879);
#1628=AXIS2_PLACEMENT_3D('',#2421,#1881,#1882);
#1629=AXIS2_PLACEMENT_3D('',#2423,#1884,#1885);
#1630=AXIS2_PLACEMENT_3D('',#2426,#1886,#1887);
#1631=AXIS2_PLACEMENT_3D('',#2427,#1888,#1889);
#1632=AXIS2_PLACEMENT_3D('',#2428,#1890,#1891);
#1633=AXIS2_PLACEMENT_3D('',#2429,#1892,#1893);
#1634=AXIS2_PLACEMENT_3D('',#2432,#1894,#1895);
#1635=AXIS2_PLACEMENT_3D('',#2435,#1898,#1899);
#1636=AXIS2_PLACEMENT_3D('',#2437,#1900,#1901);
#1637=AXIS2_PLACEMENT_3D('',#2438,#1902,#1903);
#1638=AXIS2_PLACEMENT_3D('',#2439,#1904,#1905);
#1639=AXIS2_PLACEMENT_3D('',#2440,#1906,#1907);
#1640=AXIS2_PLACEMENT_3D('',#2442,#1908,#1909);
#1641=AXIS2_PLACEMENT_3D('',#2444,#1911,#1912);
#1642=AXIS2_PLACEMENT_3D('',#2447,#1914,#1915);
#1643=AXIS2_PLACEMENT_3D('',#2448,#1916,#1917);
#1644=AXIS2_PLACEMENT_3D('',#2452,#1920,#1921);
#1645=AXIS2_PLACEMENT_3D('',#2455,#1922,#1923);
#1646=AXIS2_PLACEMENT_3D('',#2459,#1925,#1926);
#1647=AXIS2_PLACEMENT_3D('',#2461,#1928,#1929);
#1648=AXIS2_PLACEMENT_3D('',#2464,#1930,#1931);
#1649=AXIS2_PLACEMENT_3D('',#2465,#1932,#1933);
#1650=AXIS2_PLACEMENT_3D('',#2466,#1934,#1935);
#1651=AXIS2_PLACEMENT_3D('',#2467,#1936,#1937);
#1652=AXIS2_PLACEMENT_3D('',#2470,#1938,#1939);
#1653=AXIS2_PLACEMENT_3D('',#2473,#1942,#1943);
#1654=AXIS2_PLACEMENT_3D('',#2476,#1944,#1945);
#1655=AXIS2_PLACEMENT_3D('',#2477,#1946,#1947);
#1656=AXIS2_PLACEMENT_3D('',#2478,#1948,#1949);
#1657=AXIS2_PLACEMENT_3D('',#2479,#1950,#1951);
#1658=AXIS2_PLACEMENT_3D('',#2482,#1952,#1953);
#1659=AXIS2_PLACEMENT_3D('',#2485,#1956,#1957);
#1660=AXIS2_PLACEMENT_3D('',#2491,#1961,#1962);
#1661=AXIS2_PLACEMENT_3D('',#2494,#1964,#1965);
#1662=AXIS2_PLACEMENT_3D('',#2495,#1966,#1967);
#1663=AXIS2_PLACEMENT_3D('',#2507,#1974,#1975);
#1664=AXIS2_PLACEMENT_3D('',#2510,#1976,#1977);
#1665=AXIS2_PLACEMENT_3D('',#2514,#1979,#1980);
#1666=AXIS2_PLACEMENT_3D('',#2516,#1982,#1983);
#1667=AXIS2_PLACEMENT_3D('',#2519,#1984,#1985);
#1668=AXIS2_PLACEMENT_3D('',#2520,#1986,#1987);
#1669=AXIS2_PLACEMENT_3D('',#2521,#1988,#1989);
#1670=AXIS2_PLACEMENT_3D('',#2522,#1990,#1991);
#1671=AXIS2_PLACEMENT_3D('',#2525,#1992,#1993);
#1672=AXIS2_PLACEMENT_3D('',#2528,#1996,#1997);
#1673=AXIS2_PLACEMENT_3D('',#2530,#1998,#1999);
#1674=AXIS2_PLACEMENT_3D('',#2531,#2000,#2001);
#1675=AXIS2_PLACEMENT_3D('',#2532,#2002,#2003);
#1676=AXIS2_PLACEMENT_3D('',#2533,#2004,#2005);
#1677=AXIS2_PLACEMENT_3D('',#2535,#2006,#2007);
#1678=AXIS2_PLACEMENT_3D('',#2537,#2009,#2010);
#1679=AXIS2_PLACEMENT_3D('',#2540,#2012,#2013);
#1680=AXIS2_PLACEMENT_3D('',#2541,#2014,#2015);
#1681=AXIS2_PLACEMENT_3D('',#2545,#2018,#2019);
#1682=AXIS2_PLACEMENT_3D('',#2549,#2021,#2022);
#1683=AXIS2_PLACEMENT_3D('',#2553,#2024,#2025);
#1684=AXIS2_PLACEMENT_3D('',#2557,#2028,#2029);
#1685=AXIS2_PLACEMENT_3D('',#2559,#2030,#2031);
#1686=AXIS2_PLACEMENT_3D('',#2560,#2032,#2033);
#1687=AXIS2_PLACEMENT_3D('',#2562,#2035,#2036);
#1688=AXIS2_PLACEMENT_3D('',#2564,#2038,#2039);
#1689=AXIS2_PLACEMENT_3D('',#2566,#2041,#2042);
#1690=AXIS2_PLACEMENT_3D('',#2568,#2044,#2045);
#1691=AXIS2_PLACEMENT_3D('',#2572,#2047,#2048);
#1692=AXIS2_PLACEMENT_3D('',#2574,#2050,#2051);
#1693=AXIS2_PLACEMENT_3D('',#2576,#2052,#2053);
#1694=AXIS2_PLACEMENT_3D('',#2578,#2055,#2056);
#1695=AXIS2_PLACEMENT_3D('',#2588,#2062,#2063);
#1696=AXIS2_PLACEMENT_3D('',#2591,#2065,#2066);
#1697=AXIS2_PLACEMENT_3D('',#2595,#2068,#2069);
#1698=AXIS2_PLACEMENT_3D('',#2598,#2071,#2072);
#1699=AXIS2_PLACEMENT_3D('',#2600,#2073,#2074);
#1700=AXIS2_PLACEMENT_3D('',#2601,#2075,#2076);
#1701=AXIS2_PLACEMENT_3D('',#2602,#2077,#2078);
#1702=AXIS2_PLACEMENT_3D('',#2603,#2079,#2080);
#1703=AXIS2_PLACEMENT_3D('',#2605,#2081,#2082);
#1704=AXIS2_PLACEMENT_3D('',#2608,#2084,#2085);
#1705=AXIS2_PLACEMENT_3D('',#2609,#2086,#2087);
#1706=AXIS2_PLACEMENT_3D('',#2612,#2090,#2091);
#1707=AXIS2_PLACEMENT_3D('',#2614,#2092,#2093);
#1708=AXIS2_PLACEMENT_3D('',#2615,#2094,#2095);
#1709=AXIS2_PLACEMENT_3D('',#2616,#2096,#2097);
#1710=AXIS2_PLACEMENT_3D('',#2618,#2098,#2099);
#1711=AXIS2_PLACEMENT_3D('',#2619,#2100,#2101);
#1712=AXIS2_PLACEMENT_3D('',#2620,#2102,#2103);
#1713=AXIS2_PLACEMENT_3D('',#2622,#2104,#2105);
#1714=AXIS2_PLACEMENT_3D('',#2624,#2107,#2108);
#1715=AXIS2_PLACEMENT_3D('',#2625,#2109,#2110);
#1716=AXIS2_PLACEMENT_3D('',#2626,#2111,#2112);
#1717=AXIS2_PLACEMENT_3D('',#2627,#2113,#2114);
#1718=AXIS2_PLACEMENT_3D('',#2628,#2115,#2116);
#1719=AXIS2_PLACEMENT_3D('',#2630,#2117,#2118);
#1720=AXIS2_PLACEMENT_3D('',#2631,#2119,#2120);
#1721=AXIS2_PLACEMENT_3D('',#2632,#2121,#2122);
#1722=AXIS2_PLACEMENT_3D('',#2634,#2124,#2125);
#1723=AXIS2_PLACEMENT_3D('',#2637,#2127,#2128);
#1724=AXIS2_PLACEMENT_3D('',#2638,#2129,#2130);
#1725=AXIS2_PLACEMENT_3D('',#2642,#2133,#2134);
#1726=AXIS2_PLACEMENT_3D('',#2645,#2136,#2137);
#1727=AXIS2_PLACEMENT_3D('',#2646,#2138,#2139);
#1728=AXIS2_PLACEMENT_3D('',#2648,#2140,#2141);
#1729=AXIS2_PLACEMENT_3D('',#2650,#2142,#2143);
#1730=AXIS2_PLACEMENT_3D('',#2652,#2144,#2145);
#1731=AXIS2_PLACEMENT_3D('',#2653,#2146,#2147);
#1732=AXIS2_PLACEMENT_3D('',#2654,#2148,#2149);
#1733=AXIS2_PLACEMENT_3D('',#2657,#2150,#2151);
#1734=AXIS2_PLACEMENT_3D('',#2658,#2152,#2153);
#1735=AXIS2_PLACEMENT_3D('',#2659,#2154,#2155);
#1736=AXIS2_PLACEMENT_3D('',#2660,#2156,#2157);
#1737=AXIS2_PLACEMENT_3D('',#2662,#2159,#2160);
#1738=AXIS2_PLACEMENT_3D('',#2665,#2161,#2162);
#1739=AXIS2_PLACEMENT_3D('',#2667,#2163,#2164);
#1740=AXIS2_PLACEMENT_3D('',#2669,#2165,#2166);
#1741=AXIS2_PLACEMENT_3D('',#2670,#2167,#2168);
#1742=AXIS2_PLACEMENT_3D('',#2671,#2169,#2170);
#1743=AXIS2_PLACEMENT_3D('',#2674,#2171,#2172);
#1744=AXIS2_PLACEMENT_3D('',#2675,#2173,#2174);
#1745=AXIS2_PLACEMENT_3D('',#2676,#2175,#2176);
#1746=AXIS2_PLACEMENT_3D('',#2677,#2177,#2178);
#1747=AXIS2_PLACEMENT_3D('',#2679,#2180,#2181);
#1748=AXIS2_PLACEMENT_3D('',#2682,#2184,#2185);
#1749=AXIS2_PLACEMENT_3D('',#2685,#2188,#2189);
#1750=AXIS2_PLACEMENT_3D('',#2688,#2192,#2193);
#1751=AXIS2_PLACEMENT_3D('',#2690,#2195,#2196);
#1752=AXIS2_PLACEMENT_3D('',#2691,#2197,#2198);
#1753=AXIS2_PLACEMENT_3D('',#2694,#2199,#2200);
#1754=AXIS2_PLACEMENT_3D('',#2698,#2202,#2203);
#1755=AXIS2_PLACEMENT_3D('',#2702,#2205,#2206);
#1756=AXIS2_PLACEMENT_3D('',#2706,#2208,#2209);
#1757=AXIS2_PLACEMENT_3D('',#2709,#2211,#2212);
#1758=AXIS2_PLACEMENT_3D('',#2711,#2213,#2214);
#1759=AXIS2_PLACEMENT_3D('',#2713,#2215,#2216);
#1760=AXIS2_PLACEMENT_3D('',#2715,#2217,#2218);
#1761=AXIS2_PLACEMENT_3D('',#2716,#2219,#2220);
#1762=AXIS2_PLACEMENT_3D('',#2719,#2222,#2223);
#1763=AXIS2_PLACEMENT_3D('',#2720,#2224,#2225);
#1764=AXIS2_PLACEMENT_3D('',#2721,#2226,#2227);
#1765=AXIS2_PLACEMENT_3D('',#2724,#2229,#2230);
#1766=AXIS2_PLACEMENT_3D('',#2725,#2231,#2232);
#1767=AXIS2_PLACEMENT_3D('',#2726,#2233,#2234);
#1768=AXIS2_PLACEMENT_3D('',#2727,#2235,#2236);
#1769=AXIS2_PLACEMENT_3D('',#2730,#2238,#2239);
#1770=AXIS2_PLACEMENT_3D('',#2731,#2240,#2241);
#1771=AXIS2_PLACEMENT_3D('',#2732,#2242,#2243);
#1772=AXIS2_PLACEMENT_3D('',#2735,#2245,#2246);
#1773=AXIS2_PLACEMENT_3D('',#2736,#2247,#2248);
#1774=AXIS2_PLACEMENT_3D('',#2737,#2249,#2250);
#1775=AXIS2_PLACEMENT_3D('',#2738,#2251,#2252);
#1776=AXIS2_PLACEMENT_3D('',#2739,#2253,#2254);
#1777=AXIS2_PLACEMENT_3D('',#2742,#2255,#2256);
#1778=AXIS2_PLACEMENT_3D('',#2746,#2258,#2259);
#1779=AXIS2_PLACEMENT_3D('',#2750,#2261,#2262);
#1780=AXIS2_PLACEMENT_3D('',#2754,#2264,#2265);
#1781=AXIS2_PLACEMENT_3D('',#2757,#2267,#2268);
#1782=AXIS2_PLACEMENT_3D('',#2759,#2269,#2270);
#1783=AXIS2_PLACEMENT_3D('',#2761,#2271,#2272);
#1784=AXIS2_PLACEMENT_3D('',#2763,#2273,#2274);
#1785=AXIS2_PLACEMENT_3D('',#2764,#2275,#2276);
#1786=AXIS2_PLACEMENT_3D('',#2767,#2277,#2278);
#1787=AXIS2_PLACEMENT_3D('',#2770,#2281,#2282);
#1788=AXIS2_PLACEMENT_3D('',#2774,#2285,#2286);
#1789=AXIS2_PLACEMENT_3D('',#2776,#2287,#2288);
#1790=AXIS2_PLACEMENT_3D('',#2778,#2290,#2291);
#1791=AXIS2_PLACEMENT_3D('',#2782,#2294,#2295);
#1792=AXIS2_PLACEMENT_3D('',#2784,#2297,#2298);
#1793=AXIS2_PLACEMENT_3D('',#2786,#2300,#2301);
#1794=AXIS2_PLACEMENT_3D('',#2788,#2303,#2304);
#1795=AXIS2_PLACEMENT_3D('',#2790,#2306,#2307);
#1796=AXIS2_PLACEMENT_3D('',#2792,#2308,#2309);
#1797=AXIS2_PLACEMENT_3D('',#2794,#2311,#2312);
#1798=AXIS2_PLACEMENT_3D('',#2798,#2315,#2316);
#1799=AXIS2_PLACEMENT_3D('',#2800,#2317,#2318);
#1800=AXIS2_PLACEMENT_3D('',#2802,#2320,#2321);
#1801=AXIS2_PLACEMENT_3D('',#2804,#2323,#2324);
#1802=AXIS2_PLACEMENT_3D('',#2805,#2325,#2326);
#1803=AXIS2_PLACEMENT_3D('',#2806,#2327,#2328);
#1804=AXIS2_PLACEMENT_3D('',#2807,#2329,#2330);
#1805=AXIS2_PLACEMENT_3D('',#2808,#2331,#2332);
#1806=AXIS2_PLACEMENT_3D('',#2809,#2333,#2334);
#1807=AXIS2_PLACEMENT_3D('',#2810,#2335,#2336);
#1808=AXIS2_PLACEMENT_3D('',#2811,#2337,#2338);
#1809=AXIS2_PLACEMENT_3D('',#2812,#2339,#2340);
#1810=AXIS2_PLACEMENT_3D('',#2813,#2341,#2342);
#1811=AXIS2_PLACEMENT_3D('',#2814,#2343,#2344);
#1812=AXIS2_PLACEMENT_3D('',#2815,#2345,#2346);
#1813=AXIS2_PLACEMENT_3D('',#2816,#2347,#2348);
#1814=AXIS2_PLACEMENT_3D('',#2817,#2349,#2350);
#1815=AXIS2_PLACEMENT_3D('',#2818,#2351,#2352);
#1816=AXIS2_PLACEMENT_3D('',#2819,#2353,#2354);
#1817=AXIS2_PLACEMENT_3D('',#2820,#2355,#2356);
#1818=DIRECTION('axis',(0.,0.,1.));
#1819=DIRECTION('refdir',(1.,0.,0.));
#1820=DIRECTION('axis',(0.,0.,1.));
#1821=DIRECTION('refdir',(1.,0.,0.));
#1822=DIRECTION('center_axis',(4.9960036108132E-16,2.082379678786E-16,-1.));
#1823=DIRECTION('ref_axis',(0.707106781186359,0.707106781186736,0.));
#1824=DIRECTION('center_axis',(0.,0.,1.));
#1825=DIRECTION('ref_axis',(1.,0.,0.));
#1826=DIRECTION('',(-4.9960036108132E-16,-2.082379678786E-16,1.));
#1827=DIRECTION('center_axis',(-4.9960036108132E-16,4.93038065763132E-31,
1.));
#1828=DIRECTION('ref_axis',(0.707106781186359,0.707106781186736,0.));
#1829=DIRECTION('',(4.9960036108132E-16,2.082379678786E-16,-1.));
#1830=DIRECTION('center_axis',(3.85871889996281E-14,-1.,-2.08237967878581E-16));
#1831=DIRECTION('ref_axis',(0.,0.,-1.));
#1832=DIRECTION('center_axis',(1.,4.44089209853938E-14,0.));
#1833=DIRECTION('ref_axis',(0.,0.,-1.));
#1834=DIRECTION('center_axis',(3.85871889996281E-14,-1.,-2.08237967878581E-16));
#1835=DIRECTION('ref_axis',(0.707106781186534,2.74325094877509E-14,-0.707106781186561));
#1836=DIRECTION('center_axis',(-3.85871889996281E-14,1.,2.08237967878581E-16));
#1837=DIRECTION('ref_axis',(0.707106781186534,2.74259781551925E-14,-0.707106781186561));
#1838=DIRECTION('center_axis',(-1.,-3.85871889996281E-14,-4.9960036108132E-16));
#1839=DIRECTION('ref_axis',(0.,0.707106781186548,-0.707106781186548));
#1840=DIRECTION('center_axis',(1.,-4.44089209850467E-14,0.));
#1841=DIRECTION('ref_axis',(0.,0.,-1.));
#1842=DIRECTION('',(1.,3.85871889996281E-14,4.9960036108132E-16));
#1843=DIRECTION('',(-1.,-3.85871889996281E-14,-4.9960036108132E-16));
#1844=DIRECTION('center_axis',(-4.9960036108132E-16,0.,1.));
#1845=DIRECTION('ref_axis',(1.,0.,0.));
#1846=DIRECTION('center_axis',(0.,1.,0.));
#1847=DIRECTION('ref_axis',(0.,0.,-1.));
#1848=DIRECTION('center_axis',(4.9960036108132E-16,0.,-1.));
#1849=DIRECTION('ref_axis',(-0.707106781186565,0.70710678118653,-3.46944695195371E-16));
#1850=DIRECTION('center_axis',(-4.9960036108132E-16,0.,1.));
#1851=DIRECTION('ref_axis',(-0.707106781186565,0.70710678118653,-3.53270803203858E-16));
#1852=DIRECTION('center_axis',(1.18329135783152E-30,-1.,5.91172789637033E-46));
#1853=DIRECTION('ref_axis',(-0.707106781186359,0.,-0.707106781186736));
#1854=DIRECTION('center_axis',(0.,-1.,0.));
#1855=DIRECTION('ref_axis',(-0.707106781186359,0.,-0.707106781186736));
#1856=DIRECTION('',(-1.18329135783152E-30,1.,-5.91172789637033E-46));
#1857=DIRECTION('',(1.18329135783152E-30,-1.,5.91172789637033E-46));
#1858=DIRECTION('center_axis',(-4.9960036108132E-16,0.,1.));
#1859=DIRECTION('ref_axis',(-1.,-1.26992673329437E-45,-4.9960036108132E-16));
#1860=DIRECTION('',(-1.18329135783152E-30,1.,-5.91172789637033E-46));
#1861=DIRECTION('',(-0.707106781186552,0.707106781186543,-3.53270803203852E-16));
#1862=DIRECTION('',(-1.,-1.26992673329437E-45,-4.9960036108132E-16));
#1863=DIRECTION('center_axis',(-1.18329135783152E-30,1.,-5.91172789637033E-46));
#1864=DIRECTION('ref_axis',(0.707106781186523,0.,-0.707106781186573));
#1865=DIRECTION('',(1.18329135783152E-30,-1.,5.91172789637033E-46));
#1866=DIRECTION('center_axis',(-0.707106781186543,-0.707106781186552,-3.53270803203847E-16));
#1867=DIRECTION('ref_axis',(0.707106781186552,-0.707106781186543,2.9439233600321E-16));
#1868=DIRECTION('center_axis',(1.,1.18329135783152E-30,4.9960036108132E-16));
#1869=DIRECTION('ref_axis',(4.9960036108132E-16,-7.71797659231003E-16,-1.));
#1870=DIRECTION('',(1.18329135783152E-30,-1.,4.93038065763133E-31));
#1871=DIRECTION('',(-4.9960036108132E-16,4.43734259186819E-31,1.));
#1872=DIRECTION('',(-1.18329135783152E-30,1.,-4.93038065763133E-31));
#1873=DIRECTION('',(4.9960036108132E-16,2.082379678786E-16,-1.));
#1874=DIRECTION('',(-1.18329135783152E-30,1.,-5.91172789637033E-46));
#1875=DIRECTION('',(4.9960036108132E-16,0.,-1.));
#1876=DIRECTION('center_axis',(-1.18329135783152E-30,1.,-5.91172789637033E-46));
#1877=DIRECTION('ref_axis',(-0.707106781186861,0.,0.707106781186233));
#1878=DIRECTION('center_axis',(0.,-1.,0.));
#1879=DIRECTION('ref_axis',(0.,0.,1.));
#1880=DIRECTION('',(1.18329135783152E-30,-1.,5.91172789637033E-46));
#1881=DIRECTION('center_axis',(0.,-1.,0.));
#1882=DIRECTION('ref_axis',(-0.707106781186861,0.,0.707106781186233));
#1883=DIRECTION('',(-1.18329135783152E-30,1.,-5.91172789637033E-46));
#1884=DIRECTION('center_axis',(4.9960036108132E-16,0.,-1.));
#1885=DIRECTION('ref_axis',(-1.,0.,0.));
#1886=DIRECTION('center_axis',(-1.,-4.44089209849835E-14,0.));
#1887=DIRECTION('ref_axis',(0.,0.,1.));
#1888=DIRECTION('center_axis',(-4.9960036108132E-16,0.,1.));
#1889=DIRECTION('ref_axis',(-0.707106781186659,0.707106781186437,-3.4694469519536E-16));
#1890=DIRECTION('center_axis',(4.9960036108132E-16,0.,-1.));
#1891=DIRECTION('ref_axis',(-0.707106781186658,0.707106781186436,-3.53270803203905E-16));
#1892=DIRECTION('center_axis',(1.,3.85871889996281E-14,4.9960036108132E-16));
#1893=DIRECTION('ref_axis',(0.,0.707106781186548,0.707106781186548));
#1894=DIRECTION('center_axis',(-1.,0.,0.));
#1895=DIRECTION('ref_axis',(0.,0.,1.));
#1896=DIRECTION('',(-1.,-3.85871889996281E-14,-4.9960036108132E-16));
#1897=DIRECTION('',(1.,3.85871889996281E-14,4.9960036108132E-16));
#1898=DIRECTION('center_axis',(3.85871889996281E-14,-1.,-2.08237967878581E-16));
#1899=DIRECTION('ref_axis',(0.,0.,-1.));
#1900=DIRECTION('center_axis',(0.,0.,1.));
#1901=DIRECTION('ref_axis',(1.,7.10542735760115E-13,0.));
#1902=DIRECTION('center_axis',(3.85871889996281E-14,-1.,-2.08237967878581E-16));
#1903=DIRECTION('ref_axis',(0.707106781186569,2.71380165293774E-14,0.707106781186526));
#1904=DIRECTION('center_axis',(-3.85871889996281E-14,1.,2.08237967878581E-16));
#1905=DIRECTION('ref_axis',(0.707106781186569,2.71484223990376E-14,0.707106781186526));
#1906=DIRECTION('center_axis',(4.9960036108132E-16,2.082379678786E-16,-1.));
#1907=DIRECTION('ref_axis',(0.707106781186359,0.707106781186736,0.));
#1908=DIRECTION('center_axis',(4.9960036108132E-16,-4.93038065763132E-31,
-1.));
#1909=DIRECTION('ref_axis',(0.707106781186359,0.707106781186736,0.));
#1910=DIRECTION('',(-4.9960036108132E-16,-2.082379678786E-16,1.));
#1911=DIRECTION('center_axis',(1.18329135783152E-30,-1.,5.91172789637033E-46));
#1912=DIRECTION('ref_axis',(0.707106781186566,0.,0.707106781186529));
#1913=DIRECTION('',(1.18329135783152E-30,-1.,5.91172789637033E-46));
#1914=DIRECTION('center_axis',(-0.707106781186543,-0.707106781186552,-3.53270803203847E-16));
#1915=DIRECTION('ref_axis',(0.707106781186552,-0.707106781186543,3.92523114670946E-16));
#1916=DIRECTION('center_axis',(4.9960036108132E-16,0.,-1.));
#1917=DIRECTION('ref_axis',(1.,3.17441196519608E-13,4.9960036108132E-16));
#1918=DIRECTION('',(1.,3.17441196519608E-13,4.9960036108132E-16));
#1919=DIRECTION('',(0.707106781186552,-0.707106781186543,3.53270803203852E-16));
#1920=DIRECTION('center_axis',(-4.9960036108132E-16,-2.082379678786E-16,
1.));
#1921=DIRECTION('ref_axis',(-0.707106781186861,0.707106781186233,0.));
#1922=DIRECTION('center_axis',(0.,0.,-1.));
#1923=DIRECTION('ref_axis',(-1.,0.,0.));
#1924=DIRECTION('',(4.9960036108132E-16,2.082379678786E-16,-1.));
#1925=DIRECTION('center_axis',(4.9960036108132E-16,-4.93038065763132E-31,
-1.));
#1926=DIRECTION('ref_axis',(-0.707106781186861,0.707106781186233,0.));
#1927=DIRECTION('',(-4.9960036108132E-16,-2.082379678786E-16,1.));
#1928=DIRECTION('center_axis',(3.85871889996281E-14,-1.,-2.08237967878581E-16));
#1929=DIRECTION('ref_axis',(0.,0.,-1.));
#1930=DIRECTION('center_axis',(-1.,0.,0.));
#1931=DIRECTION('ref_axis',(0.,0.,1.));
#1932=DIRECTION('center_axis',(3.85871889996281E-14,-1.,-2.08237967878581E-16));
#1933=DIRECTION('ref_axis',(-0.707106781186563,-2.7432509487752E-14,0.707106781186532));
#1934=DIRECTION('center_axis',(-3.85871889996281E-14,1.,2.08237967878581E-16));
#1935=DIRECTION('ref_axis',(-0.707106781186563,-2.74259781551941E-14,0.707106781186532));
#1936=DIRECTION('center_axis',(1.,3.85871889996281E-14,4.9960036108132E-16));
#1937=DIRECTION('ref_axis',(0.,0.707106781186548,0.707106781186548));
#1938=DIRECTION('center_axis',(-1.,0.,0.));
#1939=DIRECTION('ref_axis',(0.,0.,1.));
#1940=DIRECTION('',(-1.,-3.85871889996281E-14,-4.9960036108132E-16));
#1941=DIRECTION('',(1.,3.85871889996281E-14,4.9960036108132E-16));
#1942=DIRECTION('center_axis',(4.9960036108132E-16,0.,-1.));
#1943=DIRECTION('ref_axis',(-1.,0.,0.));
#1944=DIRECTION('center_axis',(0.,1.,0.));
#1945=DIRECTION('ref_axis',(0.,0.,1.));
#1946=DIRECTION('center_axis',(-4.9960036108132E-16,0.,1.));
#1947=DIRECTION('ref_axis',(0.707106781186432,0.707106781186663,3.46944695195367E-16));
#1948=DIRECTION('center_axis',(4.9960036108132E-16,0.,-1.));
#1949=DIRECTION('ref_axis',(0.707106781186432,0.707106781186663,3.53270803203792E-16));
#1950=DIRECTION('center_axis',(1.18329135783152E-30,-1.,5.91172789637033E-46));
#1951=DIRECTION('ref_axis',(0.707106781186799,0.,0.707106781186296));
#1952=DIRECTION('center_axis',(0.,-1.,0.));
#1953=DIRECTION('ref_axis',(0.707106781186799,0.,0.707106781186296));
#1954=DIRECTION('',(-1.18329135783152E-30,1.,-5.91172789637033E-46));
#1955=DIRECTION('',(1.18329135783152E-30,-1.,5.91172789637033E-46));
#1956=DIRECTION('center_axis',(4.9960036108132E-16,0.,-1.));
#1957=DIRECTION('ref_axis',(1.,3.17441196519608E-13,4.9960036108132E-16));
#1958=DIRECTION('',(-1.18329135783152E-30,1.,-5.91172789637033E-46));
#1959=DIRECTION('',(0.707106781186553,0.707106781186543,3.53270803203852E-16));
#1960=DIRECTION('',(1.,3.17441196519608E-13,4.9960036108132E-16));
#1961=DIRECTION('center_axis',(-1.18329135783152E-30,1.,-5.91172789637033E-46));
#1962=DIRECTION('ref_axis',(-0.707106781186566,0.,0.707106781186529));
#1963=DIRECTION('',(1.18329135783152E-30,-1.,5.91172789637033E-46));
#1964=DIRECTION('center_axis',(0.707106781186543,-0.707106781186553,3.53270803203847E-16));
#1965=DIRECTION('ref_axis',(-0.707106781186552,-0.707106781186543,-4.90653893338683E-16));
#1966=DIRECTION('center_axis',(-1.,-1.18329135783152E-30,-4.9960036108132E-16));
#1967=DIRECTION('ref_axis',(-4.9960036108132E-16,1.80375993417612E-16,1.));
#1968=DIRECTION('',(1.18329135783152E-30,-1.,4.93038065763133E-31));
#1969=DIRECTION('',(4.9960036108132E-16,-4.43734259186819E-31,-1.));
#1970=DIRECTION('',(-1.18329135783152E-30,1.,-4.93038065763133E-31));
#1971=DIRECTION('',(-4.9960036108132E-16,-2.082379678786E-16,1.));
#1972=DIRECTION('',(-1.18329135783152E-30,1.,-5.91172789637033E-46));
#1973=DIRECTION('',(-4.9960036108132E-16,0.,1.));
#1974=DIRECTION('center_axis',(-1.18329135783152E-30,1.,-5.91172789637033E-46));
#1975=DIRECTION('ref_axis',(0.707106781186799,0.,-0.707106781186296));
#1976=DIRECTION('center_axis',(0.,-1.,0.));
#1977=DIRECTION('ref_axis',(0.,0.,-1.));
#1978=DIRECTION('',(1.18329135783152E-30,-1.,5.91172789637033E-46));
#1979=DIRECTION('center_axis',(0.,-1.,0.));
#1980=DIRECTION('ref_axis',(0.707106781186799,0.,-0.707106781186296));
#1981=DIRECTION('',(-1.18329135783152E-30,1.,-5.91172789637033E-46));
#1982=DIRECTION('center_axis',(-4.9960036108132E-16,0.,1.));
#1983=DIRECTION('ref_axis',(1.,0.,0.));
#1984=DIRECTION('center_axis',(1.,0.,0.));
#1985=DIRECTION('ref_axis',(0.,0.,-1.));
#1986=DIRECTION('center_axis',(4.9960036108132E-16,0.,-1.));
#1987=DIRECTION('ref_axis',(0.707106781186565,0.70710678118653,3.46944695195371E-16));
#1988=DIRECTION('center_axis',(-4.9960036108132E-16,0.,1.));
#1989=DIRECTION('ref_axis',(0.707106781186565,0.70710678118653,3.53270803203858E-16));
#1990=DIRECTION('center_axis',(-1.,-3.85871889996281E-14,-4.9960036108132E-16));
#1991=DIRECTION('ref_axis',(0.,0.707106781186548,-0.707106781186548));
#1992=DIRECTION('center_axis',(1.,0.,0.));
#1993=DIRECTION('ref_axis',(0.,0.,-1.));
#1994=DIRECTION('',(1.,3.85871889996281E-14,4.9960036108132E-16));
#1995=DIRECTION('',(-1.,-3.85871889996281E-14,-4.9960036108132E-16));
#1996=DIRECTION('center_axis',(3.85871889996281E-14,-1.,-2.08237967878581E-16));
#1997=DIRECTION('ref_axis',(0.,0.,-1.));
#1998=DIRECTION('center_axis',(0.,0.,-1.));
#1999=DIRECTION('ref_axis',(-1.,-7.10542735760178E-13,0.));
#2000=DIRECTION('center_axis',(3.85871889996281E-14,-1.,-2.08237967878581E-16));
#2001=DIRECTION('ref_axis',(-0.707106781186568,-2.71380165293773E-14,-0.707106781186527));
#2002=DIRECTION('center_axis',(-3.85871889996281E-14,1.,2.08237967878581E-16));
#2003=DIRECTION('ref_axis',(-0.707106781186568,-2.71484223990377E-14,-0.707106781186527));
#2004=DIRECTION('center_axis',(-4.9960036108132E-16,-2.082379678786E-16,
1.));
#2005=DIRECTION('ref_axis',(-0.707106781186861,0.707106781186233,0.));
#2006=DIRECTION('center_axis',(-4.9960036108132E-16,4.93038065763132E-31,
1.));
#2007=DIRECTION('ref_axis',(-0.707106781186861,0.707106781186233,0.));
#2008=DIRECTION('',(4.9960036108132E-16,2.082379678786E-16,-1.));
#2009=DIRECTION('center_axis',(1.18329135783152E-30,-1.,5.91172789637033E-46));
#2010=DIRECTION('ref_axis',(-0.70710678118656,0.,-0.707106781186535));
#2011=DIRECTION('',(1.18329135783152E-30,-1.,5.91172789637033E-46));
#2012=DIRECTION('center_axis',(0.707106781186543,-0.707106781186553,3.53270803203847E-16));
#2013=DIRECTION('ref_axis',(-0.707106781186552,-0.707106781186542,-5.39719282672551E-16));
#2014=DIRECTION('center_axis',(-4.9960036108132E-16,0.,1.));
#2015=DIRECTION('ref_axis',(-1.,-1.26992673329437E-45,-4.9960036108132E-16));
#2016=DIRECTION('',(-1.,-1.26992673329437E-45,-4.9960036108132E-16));
#2017=DIRECTION('',(-0.707106781186553,-0.707106781186543,-3.53270803203852E-16));
#2018=DIRECTION('center_axis',(3.85871889996281E-14,-1.,-2.08237967878581E-16));
#2019=DIRECTION('ref_axis',(9.86076131526265E-32,2.08237967878581E-16,-1.));
#2020=DIRECTION('',(4.9960036108132E-16,2.082379678786E-16,-1.));
#2021=DIRECTION('center_axis',(3.85871889996281E-14,-1.,-2.08237967878581E-16));
#2022=DIRECTION('ref_axis',(-0.707106781186548,-2.74325094877514E-14,0.707106781186547));
#2023=DIRECTION('',(-1.,-3.85871889996281E-14,-4.9960036108132E-16));
#2024=DIRECTION('center_axis',(3.85871889996281E-14,-1.,-2.08237967878581E-16));
#2025=DIRECTION('ref_axis',(0.70710678118656,2.7138016529377E-14,0.707106781186535));
#2026=DIRECTION('',(-4.9960036108132E-16,-2.082379678786E-16,1.));
#2027=DIRECTION('',(-1.,-3.85871889996281E-14,-4.9960036108132E-16));
#2028=DIRECTION('center_axis',(3.85871889996281E-14,-1.,-2.08237967878581E-16));
#2029=DIRECTION('ref_axis',(-1.,-1.15391887731797E-30,-4.9960036108132E-16));
#2030=DIRECTION('center_axis',(3.85871889996281E-14,-1.,-2.08237967878581E-16));
#2031=DIRECTION('ref_axis',(-1.,-1.15391887731797E-30,-4.9960036108132E-16));
#2032=DIRECTION('center_axis',(0.707106781186543,0.707106781186552,3.53270803203847E-16));
#2033=DIRECTION('ref_axis',(4.9960036108132E-16,0.,-1.));
#2034=DIRECTION('',(-4.9960036108132E-16,0.,1.));
#2035=DIRECTION('center_axis',(0.,-1.,0.));
#2036=DIRECTION('ref_axis',(0.,0.,-1.));
#2037=DIRECTION('',(4.9960036108132E-16,0.,-1.));
#2038=DIRECTION('center_axis',(-0.707106781186543,0.707106781186553,-3.53270803203847E-16));
#2039=DIRECTION('ref_axis',(-4.9960036108132E-16,0.,1.));
#2040=DIRECTION('',(4.9960036108132E-16,0.,-1.));
#2041=DIRECTION('center_axis',(0.,-1.,0.));
#2042=DIRECTION('ref_axis',(0.,0.,-1.));
#2043=DIRECTION('',(-4.9960036108132E-16,0.,1.));
#2044=DIRECTION('center_axis',(4.9960036108132E-16,2.082379678786E-16,-1.));
#2045=DIRECTION('ref_axis',(0.707106781186497,0.707106781186598,0.));
#2046=DIRECTION('',(4.9960036108132E-16,2.082379678786E-16,-1.));
#2047=DIRECTION('center_axis',(0.,0.,-1.));
#2048=DIRECTION('ref_axis',(-3.55271367879692E-14,1.,0.));
#2049=DIRECTION('',(-4.9960036108132E-16,-2.082379678786E-16,1.));
#2050=DIRECTION('center_axis',(4.9960036108132E-16,2.082379678786E-16,-1.));
#2051=DIRECTION('ref_axis',(0.707106781186497,0.707106781186598,0.));
#2052=DIRECTION('center_axis',(0.,0.,-1.));
#2053=DIRECTION('ref_axis',(-3.5527136788002E-14,1.,0.));
#2054=DIRECTION('',(4.9960036108132E-16,2.082379678786E-16,-1.));
#2055=DIRECTION('center_axis',(-1.,-1.18329135783152E-30,-4.9960036108132E-16));
#2056=DIRECTION('ref_axis',(-4.9960036108132E-16,4.93038065763132E-31,1.));
#2057=DIRECTION('',(-4.9960036108132E-16,-2.082379678786E-16,1.));
#2058=DIRECTION('',(-1.18329135783152E-30,1.,-4.93038065763133E-31));
#2059=DIRECTION('',(4.9960036108132E-16,-4.43734259186819E-31,-1.));
#2060=DIRECTION('',(1.18329135783152E-30,-1.,4.93038065763133E-31));
#2061=DIRECTION('',(-4.9960036108132E-16,-2.082379678786E-16,1.));
#2062=DIRECTION('center_axis',(3.85871889996281E-14,-1.,-2.08237967878581E-16));
#2063=DIRECTION('ref_axis',(9.86076131526265E-32,2.08237967878581E-16,-1.));
#2064=DIRECTION('',(1.,3.85871889996281E-14,4.9960036108132E-16));
#2065=DIRECTION('center_axis',(3.85871889996281E-14,-1.,-2.08237967878581E-16));
#2066=DIRECTION('ref_axis',(0.70710678118656,2.74325094877519E-14,-0.707106781186535));
#2067=DIRECTION('',(1.,3.85871889996281E-14,4.9960036108132E-16));
#2068=DIRECTION('center_axis',(3.85871889996281E-14,-1.,-2.08237967878581E-16));
#2069=DIRECTION('ref_axis',(-0.707106781186548,-2.71380165293765E-14,-0.707106781186547));
#2070=DIRECTION('',(4.9960036108132E-16,2.082379678786E-16,-1.));
#2071=DIRECTION('center_axis',(3.85871889996281E-14,-1.,-2.08237967878581E-16));
#2072=DIRECTION('ref_axis',(-1.,-1.15391887731797E-30,-4.9960036108132E-16));
#2073=DIRECTION('center_axis',(3.85871889996281E-14,-1.,-2.08237967878581E-16));
#2074=DIRECTION('ref_axis',(-1.,-1.15391887731797E-30,-4.9960036108132E-16));
#2075=DIRECTION('center_axis',(-4.9960036108132E-16,-2.082379678786E-16,
1.));
#2076=DIRECTION('ref_axis',(-0.707106781186582,0.707106781186513,0.));
#2077=DIRECTION('center_axis',(0.,0.,1.));
#2078=DIRECTION('ref_axis',(-3.99680288865051E-14,1.,0.));
#2079=DIRECTION('center_axis',(5.9211894646675E-16,1.,0.));
#2080=DIRECTION('ref_axis',(1.,-5.9211894646675E-16,4.9960036108132E-16));
#2081=DIRECTION('center_axis',(-1.19561730947561E-30,1.,-4.43734259186819E-31));
#2082=DIRECTION('ref_axis',(1.,-5.9211894646675E-16,4.9960036108132E-16));
#2083=DIRECTION('',(5.9211894646675E-16,1.,0.));
#2084=DIRECTION('center_axis',(1.19561730947561E-30,-1.,4.43734259186819E-31));
#2085=DIRECTION('ref_axis',(1.,-5.9211894646675E-16,4.9960036108132E-16));
#2086=DIRECTION('center_axis',(-1.19561730947561E-30,1.,-4.43734259186819E-31));
#2087=DIRECTION('ref_axis',(-1.,-1.18329135783152E-30,-4.9960036108132E-16));
#2088=DIRECTION('',(1.,1.19561730947561E-30,4.9960036108132E-16));
#2089=DIRECTION('',(-1.,-1.19561730947561E-30,-4.9960036108132E-16));
#2090=DIRECTION('center_axis',(3.85871889996281E-14,-1.,-2.08237967878581E-16));
#2091=DIRECTION('ref_axis',(0.,0.,-1.));
#2092=DIRECTION('center_axis',(1.,3.55271367879692E-14,0.));
#2093=DIRECTION('ref_axis',(0.,0.,-1.));
#2094=DIRECTION('center_axis',(-3.85871889996281E-14,1.,2.08237967878581E-16));
#2095=DIRECTION('ref_axis',(0.70710678118656,2.74317605667799E-14,-0.707106781186535));
#2096=DIRECTION('center_axis',(3.85871889996281E-14,-1.,-2.08237967878581E-16));
#2097=DIRECTION('ref_axis',(0.,0.,-1.));
#2098=DIRECTION('center_axis',(1.,3.55271367879692E-14,0.));
#2099=DIRECTION('ref_axis',(-3.55271367879692E-14,1.,0.));
#2100=DIRECTION('center_axis',(-3.85871889996281E-14,1.,2.08237967878581E-16));
#2101=DIRECTION('ref_axis',(0.70710678118656,2.71542048106237E-14,0.707106781186535));
#2102=DIRECTION('center_axis',(1.,3.85871889996281E-14,4.9960036108132E-16));
#2103=DIRECTION('ref_axis',(-2.512147933894E-14,0.707106781186598,0.707106781186497));
#2104=DIRECTION('center_axis',(1.,3.55271367880045E-14,0.));
#2105=DIRECTION('ref_axis',(-3.55271367880045E-14,1.,0.));
#2106=DIRECTION('',(1.,3.85871889996281E-14,4.9960036108132E-16));
#2107=DIRECTION('center_axis',(3.85871889996281E-14,-1.,-2.08237967878581E-16));
#2108=DIRECTION('ref_axis',(0.,0.,-1.));
#2109=DIRECTION('center_axis',(0.,0.,1.));
#2110=DIRECTION('ref_axis',(-3.99680288865448E-14,1.,0.));
#2111=DIRECTION('center_axis',(-3.85871889996281E-14,1.,2.08237967878581E-16));
#2112=DIRECTION('ref_axis',(-0.707106781186548,-2.74317605667804E-14,0.707106781186547));
#2113=DIRECTION('center_axis',(-4.9960036108132E-16,-2.082379678786E-16,
1.));
#2114=DIRECTION('ref_axis',(-0.707106781186582,0.707106781186513,0.));
#2115=DIRECTION('center_axis',(3.85871889996281E-14,-1.,-2.08237967878581E-16));
#2116=DIRECTION('ref_axis',(0.,0.,-1.));
#2117=DIRECTION('center_axis',(-1.,-3.99680288865448E-14,0.));
#2118=DIRECTION('ref_axis',(-3.99680288865448E-14,1.,0.));
#2119=DIRECTION('center_axis',(-3.85871889996281E-14,1.,2.08237967878581E-16));
#2120=DIRECTION('ref_axis',(-0.707106781186548,-2.71542048106241E-14,-0.707106781186547));
#2121=DIRECTION('center_axis',(-1.,-3.85871889996281E-14,-4.9960036108132E-16));
#2122=DIRECTION('ref_axis',(-2.51214793389383E-14,0.707106781186548,-0.707106781186548));
#2123=DIRECTION('',(-1.,-3.85871889996281E-14,-4.9960036108132E-16));
#2124=DIRECTION('center_axis',(-1.18329135783152E-30,1.,-4.93038065763133E-31));
#2125=DIRECTION('ref_axis',(-0.707106781186551,0.,-0.707106781186544));
#2126=DIRECTION('',(1.18329135783152E-30,-1.,4.93038065763133E-31));
#2127=DIRECTION('center_axis',(0.,-1.,0.));
#2128=DIRECTION('ref_axis',(0.,0.,-1.));
#2129=DIRECTION('center_axis',(4.9960036108132E-16,-4.93038065763132E-31,
-1.));
#2130=DIRECTION('ref_axis',(-1.,-1.18329135783152E-30,-4.9960036108132E-16));
#2131=DIRECTION('',(-1.18329135783152E-30,1.,-4.93038065763133E-31));
#2132=DIRECTION('',(1.,1.19561730947561E-30,4.9960036108132E-16));
#2133=DIRECTION('center_axis',(-1.18329135783152E-30,1.,-4.93038065763133E-31));
#2134=DIRECTION('ref_axis',(0.707106781186552,0.,-0.707106781186543));
#2135=DIRECTION('',(1.18329135783152E-30,-1.,4.93038065763133E-31));
#2136=DIRECTION('center_axis',(0.,-1.,0.));
#2137=DIRECTION('ref_axis',(1.,0.,0.));
#2138=DIRECTION('center_axis',(0.,-1.,0.));
#2139=DIRECTION('ref_axis',(0.,0.,-1.));
#2140=DIRECTION('center_axis',(0.,-1.,0.));
#2141=DIRECTION('ref_axis',(-1.,0.,0.));
#2142=DIRECTION('center_axis',(0.,0.,1.));
#2143=DIRECTION('ref_axis',(0.,-1.,0.));
#2144=DIRECTION('center_axis',(-1.19561730947561E-30,1.,-4.43734259186819E-31));
#2145=DIRECTION('ref_axis',(-0.707106781186539,0.,0.707106781186556));
#2146=DIRECTION('center_axis',(-1.,0.,0.));
#2147=DIRECTION('ref_axis',(0.,0.,-1.));
#2148=DIRECTION('center_axis',(0.,1.,0.));
#2149=DIRECTION('ref_axis',(0.,0.,1.));
#2150=DIRECTION('center_axis',(-1.19561730947561E-30,1.,-4.43734259186819E-31));
#2151=DIRECTION('ref_axis',(-0.707106781186552,0.,-0.707106781186543));
#2152=DIRECTION('center_axis',(0.,0.,-1.));
#2153=DIRECTION('ref_axis',(1.,0.,0.));
#2154=DIRECTION('center_axis',(-1.,0.,0.));
#2155=DIRECTION('ref_axis',(0.,-1.,0.));
#2156=DIRECTION('center_axis',(4.9960036108132E-16,-4.43734259186819E-31,
-1.));
#2157=DIRECTION('ref_axis',(0.707106781186543,-0.707106781186552,0.));
#2158=DIRECTION('',(-4.9960036108132E-16,4.43734259186819E-31,1.));
#2159=DIRECTION('center_axis',(0.,1.,0.));
#2160=DIRECTION('ref_axis',(0.,0.,1.));
#2161=DIRECTION('center_axis',(-1.19561730947561E-30,1.,-4.43734259186819E-31));
#2162=DIRECTION('ref_axis',(0.707106781186539,0.,0.707106781186556));
#2163=DIRECTION('center_axis',(0.,0.,1.));
#2164=DIRECTION('ref_axis',(-1.,0.,0.));
#2165=DIRECTION('center_axis',(0.,-1.,0.));
#2166=DIRECTION('ref_axis',(0.,0.,1.));
#2167=DIRECTION('center_axis',(1.,0.,0.));
#2168=DIRECTION('ref_axis',(0.,-1.,0.));
#2169=DIRECTION('center_axis',(0.,1.,0.));
#2170=DIRECTION('ref_axis',(0.,0.,1.));
#2171=DIRECTION('center_axis',(-1.19561730947561E-30,1.,-4.43734259186819E-31));
#2172=DIRECTION('ref_axis',(0.707106781186553,0.,-0.707106781186542));
#2173=DIRECTION('center_axis',(1.,0.,0.));
#2174=DIRECTION('ref_axis',(0.,0.,1.));
#2175=DIRECTION('center_axis',(0.,0.,-1.));
#2176=DIRECTION('ref_axis',(0.,-1.,0.));
#2177=DIRECTION('center_axis',(1.,1.19561730947561E-30,4.9960036108132E-16));
#2178=DIRECTION('ref_axis',(0.,-0.70710678118656,0.707106781186535));
#2179=DIRECTION('',(-1.,-1.19561730947561E-30,-4.9960036108132E-16));
#2180=DIRECTION('center_axis',(-4.9960036108132E-16,4.43734259186819E-31,
1.));
#2181=DIRECTION('ref_axis',(-0.707106781186541,-0.707106781186554,0.));
#2182=DIRECTION('',(4.9960036108132E-16,-4.43734259186819E-31,-1.));
#2183=DIRECTION('',(-4.9960036108132E-16,4.43734259186819E-31,1.));
#2184=DIRECTION('center_axis',(-1.18329135783152E-30,1.,-4.93038065763133E-31));
#2185=DIRECTION('ref_axis',(0.707106781186552,0.,0.707106781186543));
#2186=DIRECTION('',(1.18329135783152E-30,-1.,4.93038065763133E-31));
#2187=DIRECTION('',(-1.18329135783152E-30,1.,-4.93038065763133E-31));
#2188=DIRECTION('center_axis',(-1.,-1.19561730947561E-30,-4.9960036108132E-16));
#2189=DIRECTION('ref_axis',(0.,-0.707106781186548,-0.707106781186548));
#2190=DIRECTION('',(1.,1.19561730947561E-30,4.9960036108132E-16));
#2191=DIRECTION('',(-1.,-1.19561730947561E-30,-4.9960036108132E-16));
#2192=DIRECTION('center_axis',(-1.18329135783152E-30,1.,-4.93038065763133E-31));
#2193=DIRECTION('ref_axis',(-0.707106781186551,0.,0.707106781186544));
#2194=DIRECTION('',(-1.18329135783152E-30,1.,-4.93038065763133E-31));
#2195=DIRECTION('center_axis',(-4.9960036108132E-16,4.93038065763132E-31,
1.));
#2196=DIRECTION('ref_axis',(1.,1.18329135783152E-30,4.9960036108132E-16));
#2197=DIRECTION('center_axis',(-1.19561730947561E-30,1.,-4.43734259186819E-31));
#2198=DIRECTION('ref_axis',(-1.,-1.18329135783152E-30,-4.9960036108132E-16));
#2199=DIRECTION('center_axis',(1.19561730947561E-30,-1.,4.43734259186819E-31));
#2200=DIRECTION('ref_axis',(0.707106781186548,4.93038065763157E-31,-0.707106781186547));
#2201=DIRECTION('',(1.,1.18329135783152E-30,4.9960036108132E-16));
#2202=DIRECTION('center_axis',(1.19561730947561E-30,-1.,4.43734259186819E-31));
#2203=DIRECTION('ref_axis',(-0.707106781186538,-1.1709654061875E-30,-0.707106781186557));
#2204=DIRECTION('',(4.9960036108132E-16,-4.43734259186819E-31,-1.));
#2205=DIRECTION('center_axis',(1.19561730947561E-30,-1.,4.43734259186819E-31));
#2206=DIRECTION('ref_axis',(-0.707106781186551,-4.62223186652964E-31,0.707106781186544));
#2207=DIRECTION('',(-1.,-1.18329135783152E-30,-4.9960036108132E-16));
#2208=DIRECTION('center_axis',(1.19561730947561E-30,-1.,4.43734259186819E-31));
#2209=DIRECTION('ref_axis',(0.707106781186559,1.10933564796714E-30,0.707106781186536));
#2210=DIRECTION('',(-4.9960036108132E-16,4.43734259186819E-31,1.));
#2211=DIRECTION('center_axis',(-2.43252655695885E-28,-1.,-3.0371144851009E-29));
#2212=DIRECTION('ref_axis',(-1.,2.4320643337722E-28,-4.9960036108132E-16));
#2213=DIRECTION('center_axis',(-2.43252655695885E-28,-1.,-3.0371144851009E-29));
#2214=DIRECTION('ref_axis',(-1.,2.4320643337722E-28,-4.9960036108132E-16));
#2215=DIRECTION('center_axis',(-2.43252655695885E-28,-1.,-3.0371144851009E-29));
#2216=DIRECTION('ref_axis',(-1.,2.4320643337722E-28,-4.9960036108132E-16));
#2217=DIRECTION('center_axis',(-2.43252655695885E-28,-1.,-3.0371144851009E-29));
#2218=DIRECTION('ref_axis',(-1.,2.45286437717153E-28,-4.9960036108132E-16));
#2219=DIRECTION('center_axis',(1.19561730947561E-30,-1.,4.93038065763132E-31));
#2220=DIRECTION('ref_axis',(-1.,-1.15391887731797E-30,-4.9960036108132E-16));
#2221=DIRECTION('',(1.19561730947561E-30,-1.,4.93038065763132E-31));
#2222=DIRECTION('center_axis',(3.85871889996281E-14,-1.,-2.08237967878581E-16));
#2223=DIRECTION('ref_axis',(-1.,-1.15391887731797E-30,-4.9960036108132E-16));
#2224=DIRECTION('center_axis',(-3.85871889996281E-14,1.,2.08237967878581E-16));
#2225=DIRECTION('ref_axis',(-9.86076131526265E-32,-2.08237967878581E-16,
1.));
#2226=DIRECTION('center_axis',(1.19561730947561E-30,-1.,4.93038065763132E-31));
#2227=DIRECTION('ref_axis',(-1.,-1.15391887731797E-30,-4.9960036108132E-16));
#2228=DIRECTION('',(1.19561730947561E-30,-1.,4.93038065763132E-31));
#2229=DIRECTION('center_axis',(3.85871889996281E-14,-1.,-2.08237967878581E-16));
#2230=DIRECTION('ref_axis',(-1.,-1.15391887731797E-30,-4.9960036108132E-16));
#2231=DIRECTION('center_axis',(-3.85871889996281E-14,1.,2.08237967878581E-16));
#2232=DIRECTION('ref_axis',(-9.86076131526265E-32,-2.08237967878581E-16,
1.));
#2233=DIRECTION('center_axis',(-4.9960036108132E-16,4.93038065763132E-31,
1.));
#2234=DIRECTION('ref_axis',(1.,-1.9218008641998E-16,4.9960036108132E-16));
#2235=DIRECTION('center_axis',(1.19561730947561E-30,-1.,4.93038065763132E-31));
#2236=DIRECTION('ref_axis',(-1.,-1.15391887731797E-30,-4.9960036108132E-16));
#2237=DIRECTION('',(1.19561730947561E-30,-1.,4.93038065763132E-31));
#2238=DIRECTION('center_axis',(3.85871889996281E-14,-1.,-2.08237967878581E-16));
#2239=DIRECTION('ref_axis',(-1.,-1.15391887731797E-30,-4.9960036108132E-16));
#2240=DIRECTION('center_axis',(-3.85871889996281E-14,1.,2.08237967878581E-16));
#2241=DIRECTION('ref_axis',(-9.86076131526265E-32,-2.08237967878581E-16,
1.));
#2242=DIRECTION('center_axis',(1.19561730947561E-30,-1.,4.93038065763132E-31));
#2243=DIRECTION('ref_axis',(-1.,-1.15391887731797E-30,-4.9960036108132E-16));
#2244=DIRECTION('',(1.19561730947561E-30,-1.,4.93038065763132E-31));
#2245=DIRECTION('center_axis',(3.85871889996281E-14,-1.,-2.08237967878581E-16));
#2246=DIRECTION('ref_axis',(-1.,-1.15391887731797E-30,-4.9960036108132E-16));
#2247=DIRECTION('center_axis',(-3.85871889996281E-14,1.,2.08237967878581E-16));
#2248=DIRECTION('ref_axis',(-9.86076131526265E-32,-2.08237967878581E-16,
1.));
#2249=DIRECTION('center_axis',(4.9960036108132E-16,-4.93038065763132E-31,
-1.));
#2250=DIRECTION('ref_axis',(-1.,2.08319812831996E-16,-4.9960036108132E-16));
#2251=DIRECTION('center_axis',(1.,1.18329135783152E-30,4.9960036108132E-16));
#2252=DIRECTION('ref_axis',(4.9960036108132E-16,-3.92335647500265E-15,-1.));
#2253=DIRECTION('center_axis',(-1.19561730947561E-30,1.,-4.43734259186819E-31));
#2254=DIRECTION('ref_axis',(-1.,-1.18329135783152E-30,-4.9960036108132E-16));
#2255=DIRECTION('center_axis',(2.43252655695885E-28,1.,3.03218410444326E-29));
#2256=DIRECTION('ref_axis',(4.19479266137552E-14,3.03218410444336E-29,-1.));
#2257=DIRECTION('',(1.,-2.4326498164753E-28,4.9960036108132E-16));
#2258=DIRECTION('center_axis',(2.43252655695885E-28,1.,3.0371144851009E-29));
#2259=DIRECTION('ref_axis',(1.,-2.43314285454113E-28,2.41843582197521E-14));
#2260=DIRECTION('',(-4.9960036108132E-16,-3.03218410444326E-29,1.));
#2261=DIRECTION('center_axis',(2.43252655695885E-28,1.,3.03218410444326E-29));
#2262=DIRECTION('ref_axis',(-4.7869116078424E-14,-3.03218410444344E-29,
1.));
#2263=DIRECTION('',(1.,-2.4326498164753E-28,4.9960036108132E-16));
#2264=DIRECTION('center_axis',(2.43252655695885E-28,1.,3.04204486575853E-29));
#2265=DIRECTION('ref_axis',(-1.,2.43314285454115E-28,-2.41843582197523E-14));
#2266=DIRECTION('',(4.9960036108132E-16,3.03218410444326E-29,-1.));
#2267=DIRECTION('center_axis',(2.43252655695885E-28,1.,3.0371144851009E-29));
#2268=DIRECTION('ref_axis',(-1.,2.4320643337722E-28,-4.9960036108132E-16));
#2269=DIRECTION('center_axis',(2.43252655695885E-28,1.,3.0371144851009E-29));
#2270=DIRECTION('ref_axis',(-1.,2.4320643337722E-28,-4.9960036108132E-16));
#2271=DIRECTION('center_axis',(2.43252655695885E-28,1.,3.0371144851009E-29));
#2272=DIRECTION('ref_axis',(-1.,2.4320643337722E-28,-4.9960036108132E-16));
#2273=DIRECTION('center_axis',(2.43252655695885E-28,1.,3.0371144851009E-29));
#2274=DIRECTION('ref_axis',(-1.,2.45286437717153E-28,-4.9960036108132E-16));
#2275=DIRECTION('center_axis',(-1.19561730947561E-30,1.,-4.93038065763132E-31));
#2276=DIRECTION('ref_axis',(-1.,-1.15042215344811E-30,-2.41843582197523E-14));
#2277=DIRECTION('center_axis',(-1.19561730947561E-30,1.,-4.43734259186819E-31));
#2278=DIRECTION('ref_axis',(-0.707106781186551,4.06801409195471E-17,0.707106781186544));
#2279=DIRECTION('',(-1.19561730947561E-30,1.,-4.93038065763132E-31));
#2280=DIRECTION('',(-1.19561730947561E-30,1.,-4.93038065763132E-31));
#2281=DIRECTION('center_axis',(-4.9960036108132E-16,4.93038065763132E-31,
1.));
#2282=DIRECTION('ref_axis',(1.,-2.4326498164753E-28,4.9960036108132E-16));
#2283=DIRECTION('',(1.,1.18329135783152E-30,4.9960036108132E-16));
#2284=DIRECTION('',(-1.19561730947561E-30,1.,-4.93038065763132E-31));
#2285=DIRECTION('center_axis',(-1.19561730947561E-30,1.,-4.93038065763132E-31));
#2286=DIRECTION('ref_axis',(-4.7869116078424E-14,4.9303806576316E-31,1.));
#2287=DIRECTION('center_axis',(-1.19561730947561E-30,1.,-4.43734259186819E-31));
#2288=DIRECTION('ref_axis',(0.707106781186559,-4.21740533905328E-18,0.707106781186536));
#2289=DIRECTION('',(-1.19561730947561E-30,1.,-4.93038065763132E-31));
#2290=DIRECTION('center_axis',(1.,1.18329135783152E-30,4.9960036108132E-16));
#2291=DIRECTION('ref_axis',(4.9960036108132E-16,3.03218410444326E-29,-1.));
#2292=DIRECTION('',(4.9960036108132E-16,-4.43734259186819E-31,-1.));
#2293=DIRECTION('',(-1.19561730947561E-30,1.,-4.93038065763132E-31));
#2294=DIRECTION('center_axis',(-1.19561730947561E-30,1.,-4.93038065763132E-31));
#2295=DIRECTION('ref_axis',(-1.,-1.23259516440783E-30,-4.9960036108132E-16));
#2296=DIRECTION('',(1.19561730947561E-30,-1.,4.93038065763132E-31));
#2297=DIRECTION('center_axis',(-1.19561730947561E-30,1.,-4.93038065763132E-31));
#2298=DIRECTION('ref_axis',(-1.,-1.23259516440783E-30,-4.9960036108132E-16));
#2299=DIRECTION('',(1.19561730947561E-30,-1.,4.93038065763132E-31));
#2300=DIRECTION('center_axis',(-1.19561730947561E-30,1.,-4.93038065763132E-31));
#2301=DIRECTION('ref_axis',(-1.,-1.23259516440783E-30,-4.9960036108132E-16));
#2302=DIRECTION('',(1.19561730947561E-30,-1.,4.93038065763132E-31));
#2303=DIRECTION('center_axis',(-1.19561730947561E-30,1.,-4.93038065763132E-31));
#2304=DIRECTION('ref_axis',(-1.,-1.2325951644078E-30,-4.9960036108132E-16));
#2305=DIRECTION('',(1.19561730947561E-30,-1.,4.93038065763132E-31));
#2306=DIRECTION('center_axis',(-1.19561730947561E-30,1.,-4.93038065763132E-31));
#2307=DIRECTION('ref_axis',(1.,1.1504221534481E-30,2.41843582197521E-14));
#2308=DIRECTION('center_axis',(-1.19561730947561E-30,1.,-4.43734259186819E-31));
#2309=DIRECTION('ref_axis',(0.707106781186548,-4.06801409195444E-17,-0.707106781186547));
#2310=DIRECTION('',(-1.19561730947561E-30,1.,-4.93038065763132E-31));
#2311=DIRECTION('center_axis',(4.9960036108132E-16,-4.93038065763132E-31,
-1.));
#2312=DIRECTION('ref_axis',(-1.,2.4326498164753E-28,-4.9960036108132E-16));
#2313=DIRECTION('',(-1.,-1.18329135783152E-30,-4.9960036108132E-16));
#2314=DIRECTION('',(-1.19561730947561E-30,1.,-4.93038065763132E-31));
#2315=DIRECTION('center_axis',(-1.19561730947561E-30,1.,-4.93038065763132E-31));
#2316=DIRECTION('ref_axis',(4.19479266137552E-14,-4.93038065763149E-31,
-1.));
#2317=DIRECTION('center_axis',(-1.19561730947561E-30,1.,-4.43734259186819E-31));
#2318=DIRECTION('ref_axis',(-0.707106781186538,4.21740533904568E-18,-0.707106781186557));
#2319=DIRECTION('',(-1.19561730947561E-30,1.,-4.93038065763132E-31));
#2320=DIRECTION('center_axis',(-1.,-1.18329135783152E-30,-4.9960036108132E-16));
#2321=DIRECTION('ref_axis',(-4.9960036108132E-16,-3.03218410444326E-29,
1.));
#2322=DIRECTION('',(-4.9960036108132E-16,4.43734259186819E-31,1.));
#2323=DIRECTION('center_axis',(4.9960036108132E-16,-4.43734259186819E-31,
-1.));
#2324=DIRECTION('ref_axis',(0.707106781186523,0.707106781186572,1.96261557335427E-16));
#2325=DIRECTION('center_axis',(7.15538739370929E-14,-2.22044604925103E-16,
-1.));
#2326=DIRECTION('ref_axis',(5.55111512312706E-16,1.,-2.22044604925063E-16));
#2327=DIRECTION('center_axis',(7.05546732149302E-14,2.22044604925024E-16,
1.));
#2328=DIRECTION('ref_axis',(1.,-5.55111512312722E-16,-7.05546732149302E-14));
#2329=DIRECTION('center_axis',(-1.19561730947561E-30,1.,-4.43734259186819E-31));
#2330=DIRECTION('ref_axis',(0.,0.,1.));
#2331=DIRECTION('center_axis',(-1.,5.55111512312706E-16,-4.99600361081315E-16));
#2332=DIRECTION('ref_axis',(-4.99600361081315E-16,2.22044604925063E-16,
1.));
#2333=DIRECTION('center_axis',(1.,1.18329135783152E-30,4.9960036108132E-16));
#2334=DIRECTION('ref_axis',(3.92523114671891E-17,0.707106781186548,0.707106781186547));
#2335=DIRECTION('center_axis',(-1.,5.55111512312718E-16,5.27911048209292E-14));
#2336=DIRECTION('ref_axis',(5.27911048209292E-14,2.22044604925034E-16,1.));
#2337=DIRECTION('center_axis',(-1.19561730947561E-30,1.,-4.43734259186819E-31));
#2338=DIRECTION('ref_axis',(-5.92118946466773E-16,0.,1.));
#2339=DIRECTION('center_axis',(4.99600361081315E-16,-2.22044604925063E-16,
-1.));
#2340=DIRECTION('ref_axis',(-1.,5.55111512312706E-16,-4.99600361081315E-16));
#2341=DIRECTION('center_axis',(-4.9960036108132E-16,4.43734259186819E-31,
1.));
#2342=DIRECTION('ref_axis',(-0.707106781186509,0.707106781186586,-5.10280049072235E-16));
#2343=DIRECTION('center_axis',(-7.0554673214929E-14,-2.22044604925024E-16,
-1.));
#2344=DIRECTION('ref_axis',(-1.,5.55111512312722E-16,7.0554673214929E-14));
#2345=DIRECTION('center_axis',(-1.19561730947561E-30,1.,-4.43734259186819E-31));
#2346=DIRECTION('ref_axis',(-5.92118946466773E-16,0.,1.));
#2347=DIRECTION('center_axis',(1.,-5.55111512312706E-16,4.99600361081315E-16));
#2348=DIRECTION('ref_axis',(4.99600361081315E-16,-2.22044604925063E-16,
-1.));
#2349=DIRECTION('center_axis',(-1.,-1.18329135783152E-30,-4.9960036108132E-16));
#2350=DIRECTION('ref_axis',(7.45793917874879E-16,0.707106781186547,-0.707106781186548));
#2351=DIRECTION('center_axis',(1.,-5.55111512312714E-16,-3.50275364269232E-14));
#2352=DIRECTION('ref_axis',(-3.50275364269232E-14,-2.22044604925043E-16,
-1.));
#2353=DIRECTION('center_axis',(-1.19561730947561E-30,1.,-4.43734259186819E-31));
#2354=DIRECTION('ref_axis',(0.,0.,1.));
#2355=DIRECTION('',(0.,0.,1.));
#2356=DIRECTION('',(1.,0.,0.));
#2357=CARTESIAN_POINT('',(0.,0.,0.));
#2358=CARTESIAN_POINT('',(0.,0.,0.));
#2359=CARTESIAN_POINT('Origin',(37.2577370805722,485.750151864071,633.388769536405));
#2360=CARTESIAN_POINT('',(37.3577370805722,485.750151864071,631.138769536408));
#2361=CARTESIAN_POINT('',(37.2577370805722,485.850151864071,631.138769536408));
#2362=CARTESIAN_POINT('Origin',(37.2577370805722,485.750151864071,631.138769536408));
#2363=CARTESIAN_POINT('',(37.2577370805722,485.850151864071,638.488769536408));
#2364=CARTESIAN_POINT('',(37.2577370805722,485.850151864071,633.388769536405));
#2365=CARTESIAN_POINT('',(37.3577370805722,485.750151864071,638.488769536408));
#2366=CARTESIAN_POINT('Origin',(37.2577370805722,485.750151864071,638.488769536408));
#2367=CARTESIAN_POINT('',(37.3577370805722,485.750151864071,633.388769536405));
#2368=CARTESIAN_POINT('Origin',(36.3577370805722,485.750151864072,631.138769536408));
#2369=CARTESIAN_POINT('',(36.3577370805722,485.750151864072,630.138769536408));
#2370=CARTESIAN_POINT('',(36.3577370805722,485.850151864071,630.238769536408));
#2371=CARTESIAN_POINT('Origin',(36.3577370805722,485.750151864072,630.238769536408));
#2372=CARTESIAN_POINT('Origin',(36.3577370805722,485.850151864071,631.138769536408));
#2373=CARTESIAN_POINT('Origin',(36.3577370805722,485.750151864072,631.138769536408));
#2374=CARTESIAN_POINT('Origin',(95.4116043170073,485.750151864074,630.238769536408));
#2375=CARTESIAN_POINT('',(30.4577370805722,485.750151864071,630.138769536408));
#2376=CARTESIAN_POINT('',(30.4577370805722,485.850151864071,630.238769536408));
#2377=CARTESIAN_POINT('Origin',(30.4577370805722,485.750151864071,630.238769536408));
#2378=CARTESIAN_POINT('',(95.4116043170073,485.850151864074,630.238769536408));
#2379=CARTESIAN_POINT('',(95.4116043170073,485.750151864074,630.138769536408));
#2380=CARTESIAN_POINT('Origin',(30.4577370805722,484.850151864071,630.238769536408));
#2381=CARTESIAN_POINT('',(29.5577370805722,484.850151864071,630.138769536408));
#2382=CARTESIAN_POINT('',(29.4577370805722,484.850151864071,630.238769536408));
#2383=CARTESIAN_POINT('Origin',(29.5577370805722,484.850151864071,630.238769536408));
#2384=CARTESIAN_POINT('Origin',(30.4577370805722,484.850151864071,630.238769536408));
#2385=CARTESIAN_POINT('Origin',(30.4577370805722,484.850151864071,630.138769536408));
#2386=CARTESIAN_POINT('Origin',(29.5577370805722,476.575152095033,630.238769536408));
#2387=CARTESIAN_POINT('',(29.5577370805722,481.850151864055,630.138769536408));
#2388=CARTESIAN_POINT('',(29.4577370805722,481.850151864055,630.238769536408));
#2389=CARTESIAN_POINT('Origin',(29.5577370805722,481.850151864055,630.238769536408));
#2390=CARTESIAN_POINT('',(29.4577370805722,476.575152095033,630.238769536408));
#2391=CARTESIAN_POINT('',(29.5577370805722,476.575152095033,630.138769536408));
#2392=CARTESIAN_POINT('Origin',(133.115471553442,485.850151864055,630.138769536408));
#2393=CARTESIAN_POINT('',(36.3577370805722,477.850151864056,630.138769536408));
#2394=CARTESIAN_POINT('',(36.3577370805722,476.575152095033,630.138769536408));
#2395=CARTESIAN_POINT('',(32.3577370805722,481.850151864055,630.138769536408));
#2396=CARTESIAN_POINT('',(57.7971706987901,456.410718245838,630.138769536408));
#2397=CARTESIAN_POINT('',(23.000002607702,481.850151864055,630.138769536408));
#2398=CARTESIAN_POINT('Origin',(36.3577370805722,476.575152095033,631.138769536408));
#2399=CARTESIAN_POINT('',(37.3577370805722,476.850151864056,631.138769536408));
#2400=CARTESIAN_POINT('',(37.3577370805722,476.575152095033,631.138769536408));
#2401=CARTESIAN_POINT('Origin',(36.3577370805722,477.850151864056,631.138769536408));
#2402=CARTESIAN_POINT('Origin',(37.3577370805722,467.30015232601,638.388769536401));
#2403=CARTESIAN_POINT('',(37.3577370805722,472.30015232601,638.488769536408));
#2404=CARTESIAN_POINT('',(37.3577370805722,467.30015232601,638.488769536408));
#2405=CARTESIAN_POINT('',(37.3577370805722,472.30015232601,618.288769536409));
#2406=CARTESIAN_POINT('',(37.3577370805722,472.30015232601,633.388769536404));
#2407=CARTESIAN_POINT('',(37.3577370805722,485.750151864071,618.288769536409));
#2408=CARTESIAN_POINT('',(37.3577370805722,467.30015232601,618.288769536409));
#2409=CARTESIAN_POINT('',(37.3577370805722,485.750151864072,625.638769536408));
#2410=CARTESIAN_POINT('',(37.3577370805722,485.750151864071,633.388769536405));
#2411=CARTESIAN_POINT('',(37.3577370805722,476.850151864056,625.638769536408));
#2412=CARTESIAN_POINT('',(37.3577370805722,476.575152095033,625.638769536408));
#2413=CARTESIAN_POINT('',(37.3577370805722,476.850151864056,633.388769536405));
#2414=CARTESIAN_POINT('Origin',(29.5577370805722,476.575152095033,626.538769536408));
#2415=CARTESIAN_POINT('',(29.5577370805722,484.850151864071,626.638769536408));
#2416=CARTESIAN_POINT('',(29.4577370805722,484.850151864071,626.538769536408));
#2417=CARTESIAN_POINT('Origin',(29.5577370805722,484.850151864071,626.538769536408));
#2418=CARTESIAN_POINT('',(29.4577370805722,481.850151864055,626.538769536408));
#2419=CARTESIAN_POINT('',(29.4577370805722,476.575152095033,626.538769536408));
#2420=CARTESIAN_POINT('',(29.5577370805722,481.850151864057,626.638769536408));
#2421=CARTESIAN_POINT('Origin',(29.5577370805722,481.850151864055,626.538769536408));
#2422=CARTESIAN_POINT('',(29.5577370805722,476.575152095033,626.638769536408));
#2423=CARTESIAN_POINT('Origin',(30.4577370805722,484.850151864071,626.538769536408));
#2424=CARTESIAN_POINT('',(30.4577370805722,485.750151864071,626.638769536408));
#2425=CARTESIAN_POINT('',(30.4577370805722,485.850151864071,626.538769536408));
#2426=CARTESIAN_POINT('Origin',(30.4577370805722,485.750151864071,626.538769536408));
#2427=CARTESIAN_POINT('Origin',(30.4577370805722,484.850151864071,626.538769536408));
#2428=CARTESIAN_POINT('Origin',(30.4577370805722,484.850151864071,626.638769536408));
#2429=CARTESIAN_POINT('Origin',(40.3538698441371,485.750151864072,626.538769536408));
#2430=CARTESIAN_POINT('',(36.3577370805722,485.750151864071,626.638769536408));
#2431=CARTESIAN_POINT('',(36.3577370805722,485.850151864071,626.538769536408));
#2432=CARTESIAN_POINT('Origin',(36.3577370805722,485.750151864071,626.538769536408));
#2433=CARTESIAN_POINT('',(40.3538698441371,485.850151864072,626.538769536408));
#2434=CARTESIAN_POINT('',(40.3538698441371,485.750151864072,626.638769536408));
#2435=CARTESIAN_POINT('Origin',(36.3577370805722,485.750151864072,625.638769536408));
#2436=CARTESIAN_POINT('',(37.2577370805722,485.850151864071,625.638769536408));
#2437=CARTESIAN_POINT('Origin',(37.2577370805722,485.750151864072,625.638769536408));
#2438=CARTESIAN_POINT('Origin',(36.3577370805722,485.850151864071,625.638769536408));
#2439=CARTESIAN_POINT('Origin',(36.3577370805722,485.750151864072,625.638769536408));
#2440=CARTESIAN_POINT('Origin',(37.2577370805722,485.750151864071,633.388769536405));
#2441=CARTESIAN_POINT('',(37.2577370805722,485.850151864071,618.288769536409));
#2442=CARTESIAN_POINT('Origin',(37.2577370805722,485.750151864071,618.288769536409));
#2443=CARTESIAN_POINT('',(37.2577370805722,485.850151864071,633.388769536405));
#2444=CARTESIAN_POINT('Origin',(36.3577370805722,476.575152095033,625.638769536408));
#2445=CARTESIAN_POINT('',(36.3577370805722,477.850151864056,626.638769536408));
#2446=CARTESIAN_POINT('',(36.3577370805722,476.575152095033,626.638769536408));
#2447=CARTESIAN_POINT('Origin',(36.3577370805722,477.850151864056,625.638769536408));
#2448=CARTESIAN_POINT('Origin',(23.000002607702,485.850151864055,626.638769536408));
#2449=CARTESIAN_POINT('',(32.3577370805722,481.850151864058,626.638769536408));
#2450=CARTESIAN_POINT('',(133.115471553442,481.85015186409,626.638769536408));
#2451=CARTESIAN_POINT('',(30.2683034623546,483.939585482273,626.638769536408));
#2452=CARTESIAN_POINT('Origin',(78.1577370805722,485.750151864073,623.388769536409));
#2453=CARTESIAN_POINT('',(78.0577370805722,485.750151864073,625.638769536408));
#2454=CARTESIAN_POINT('',(78.1577370805722,485.850151864073,625.638769536408));
#2455=CARTESIAN_POINT('Origin',(78.1577370805722,485.750151864073,625.638769536408));
#2456=CARTESIAN_POINT('',(78.1577370805722,485.850151864073,618.288769536409));
#2457=CARTESIAN_POINT('',(78.1577370805722,485.850151864073,623.388769536409));
#2458=CARTESIAN_POINT('',(78.0577370805722,485.750151864073,618.288769536409));
#2459=CARTESIAN_POINT('Origin',(78.1577370805722,485.750151864073,618.288769536409));
#2460=CARTESIAN_POINT('',(78.0577370805722,485.750151864073,623.388769536409));
#2461=CARTESIAN_POINT('Origin',(79.0577370805722,485.750151864072,625.638769536408));
#2462=CARTESIAN_POINT('',(79.0577370805722,485.750151864072,626.638769536408));
#2463=CARTESIAN_POINT('',(79.0577370805722,485.850151864073,626.538769536408));
#2464=CARTESIAN_POINT('Origin',(79.0577370805722,485.750151864072,626.538769536408));
#2465=CARTESIAN_POINT('Origin',(79.0577370805722,485.850151864073,625.638769536408));
#2466=CARTESIAN_POINT('Origin',(79.0577370805722,485.750151864072,625.638769536408));
#2467=CARTESIAN_POINT('Origin',(40.3538698441371,485.750151864072,626.538769536408));
#2468=CARTESIAN_POINT('',(84.9577370805722,485.750151864073,626.638769536408));
#2469=CARTESIAN_POINT('',(84.9577370805722,485.850151864073,626.538769536408));
#2470=CARTESIAN_POINT('Origin',(84.9577370805722,485.750151864073,626.538769536408));
#2471=CARTESIAN_POINT('',(40.3538698441371,485.850151864072,626.538769536408));
#2472=CARTESIAN_POINT('',(40.3538698441371,485.750151864072,626.638769536408));
#2473=CARTESIAN_POINT('Origin',(84.9577370805722,484.850151864073,626.538769536408));
#2474=CARTESIAN_POINT('',(85.8577370805722,484.850151864073,626.638769536408));
#2475=CARTESIAN_POINT('',(85.9577370805722,484.850151864073,626.538769536408));
#2476=CARTESIAN_POINT('Origin',(85.8577370805722,484.850151864073,626.538769536408));
#2477=CARTESIAN_POINT('Origin',(84.9577370805722,484.850151864073,626.538769536408));
#2478=CARTESIAN_POINT('Origin',(84.9577370805722,484.850151864073,626.638769536408));
#2479=CARTESIAN_POINT('Origin',(85.8577370805722,476.575152095033,626.538769536408));
#2480=CARTESIAN_POINT('',(85.8577370805722,481.850151864075,626.638769536408));
#2481=CARTESIAN_POINT('',(85.9577370805722,481.850151864055,626.538769536408));
#2482=CARTESIAN_POINT('Origin',(85.8577370805722,481.850151864055,626.538769536408));
#2483=CARTESIAN_POINT('',(85.9577370805722,476.575152095033,626.538769536408));
#2484=CARTESIAN_POINT('',(85.8577370805722,476.575152095033,626.638769536408));
#2485=CARTESIAN_POINT('Origin',(23.000002607702,485.850151864055,626.638769536408));
#2486=CARTESIAN_POINT('',(79.0577370805722,477.850151864056,626.638769536408));
#2487=CARTESIAN_POINT('',(79.0577370805722,476.575152095033,626.638769536408));
#2488=CARTESIAN_POINT('',(83.0577370805722,481.850151864074,626.638769536408));
#2489=CARTESIAN_POINT('',(67.7933034623544,466.585718245838,626.638769536408));
#2490=CARTESIAN_POINT('',(133.115471553442,481.85015186409,626.638769536408));
#2491=CARTESIAN_POINT('Origin',(79.0577370805722,476.575152095033,625.638769536408));
#2492=CARTESIAN_POINT('',(78.0577370805722,476.850151864056,625.638769536408));
#2493=CARTESIAN_POINT('',(78.0577370805722,476.575152095033,625.638769536408));
#2494=CARTESIAN_POINT('Origin',(79.0577370805722,477.850151864056,625.638769536408));
#2495=CARTESIAN_POINT('Origin',(78.0577370805722,467.30015232601,618.388769536409));
#2496=CARTESIAN_POINT('',(78.0577370805722,472.30015232601,618.288769536409));
#2497=CARTESIAN_POINT('',(78.0577370805722,467.30015232601,618.288769536409));
#2498=CARTESIAN_POINT('',(78.0577370805722,472.30015232601,638.488769536408));
#2499=CARTESIAN_POINT('',(78.0577370805722,472.30015232601,623.388769536408));
#2500=CARTESIAN_POINT('',(78.0577370805722,485.750151864073,638.488769536408));
#2501=CARTESIAN_POINT('',(78.0577370805722,467.30015232601,638.488769536408));
#2502=CARTESIAN_POINT('',(78.0577370805722,485.750151864072,631.138769536408));
#2503=CARTESIAN_POINT('',(78.0577370805722,485.750151864073,623.388769536409));
#2504=CARTESIAN_POINT('',(78.0577370805722,476.850151864056,631.138769536408));
#2505=CARTESIAN_POINT('',(78.0577370805722,476.575152095033,631.138769536408));
#2506=CARTESIAN_POINT('',(78.0577370805722,476.850151864056,623.388769536409));
#2507=CARTESIAN_POINT('Origin',(85.8577370805722,476.575152095033,630.238769536408));
#2508=CARTESIAN_POINT('',(85.8577370805722,484.850151864073,630.138769536408));
#2509=CARTESIAN_POINT('',(85.9577370805722,484.850151864073,630.238769536408));
#2510=CARTESIAN_POINT('Origin',(85.8577370805722,484.850151864073,630.238769536408));
#2511=CARTESIAN_POINT('',(85.9577370805722,481.850151864055,630.238769536408));
#2512=CARTESIAN_POINT('',(85.9577370805722,476.575152095033,630.238769536408));
#2513=CARTESIAN_POINT('',(85.8577370805722,481.850151864055,630.138769536408));
#2514=CARTESIAN_POINT('Origin',(85.8577370805722,481.850151864055,630.238769536408));
#2515=CARTESIAN_POINT('',(85.8577370805722,476.575152095033,630.138769536408));
#2516=CARTESIAN_POINT('Origin',(84.9577370805722,484.850151864073,630.238769536408));
#2517=CARTESIAN_POINT('',(84.9577370805722,485.750151864073,630.138769536408));
#2518=CARTESIAN_POINT('',(84.9577370805722,485.850151864073,630.238769536408));
#2519=CARTESIAN_POINT('Origin',(84.9577370805722,485.750151864073,630.238769536408));
#2520=CARTESIAN_POINT('Origin',(84.9577370805722,484.850151864073,630.238769536408));
#2521=CARTESIAN_POINT('Origin',(84.9577370805722,484.850151864073,630.138769536408));
#2522=CARTESIAN_POINT('Origin',(95.4116043170073,485.750151864074,630.238769536408));
#2523=CARTESIAN_POINT('',(79.0577370805722,485.750151864073,630.138769536408));
#2524=CARTESIAN_POINT('',(79.0577370805722,485.850151864073,630.238769536408));
#2525=CARTESIAN_POINT('Origin',(79.0577370805722,485.750151864073,630.238769536408));
#2526=CARTESIAN_POINT('',(95.4116043170073,485.850151864074,630.238769536408));
#2527=CARTESIAN_POINT('',(95.4116043170073,485.750151864074,630.138769536408));
#2528=CARTESIAN_POINT('Origin',(79.0577370805722,485.750151864072,631.138769536408));
#2529=CARTESIAN_POINT('',(78.1577370805722,485.850151864073,631.138769536408));
#2530=CARTESIAN_POINT('Origin',(78.1577370805722,485.750151864072,631.138769536408));
#2531=CARTESIAN_POINT('Origin',(79.0577370805722,485.850151864073,631.138769536408));
#2532=CARTESIAN_POINT('Origin',(79.0577370805722,485.750151864072,631.138769536408));
#2533=CARTESIAN_POINT('Origin',(78.1577370805722,485.750151864073,623.388769536409));
#2534=CARTESIAN_POINT('',(78.1577370805722,485.850151864073,638.488769536408));
#2535=CARTESIAN_POINT('Origin',(78.1577370805722,485.750151864073,638.488769536408));
#2536=CARTESIAN_POINT('',(78.1577370805722,485.850151864073,623.388769536409));
#2537=CARTESIAN_POINT('Origin',(79.0577370805722,476.575152095033,631.138769536408));
#2538=CARTESIAN_POINT('',(79.0577370805722,477.850151864055,630.138769536408));
#2539=CARTESIAN_POINT('',(79.0577370805722,476.575152095033,630.138769536408));
#2540=CARTESIAN_POINT('Origin',(79.0577370805722,477.850151864056,631.138769536408));
#2541=CARTESIAN_POINT('Origin',(133.115471553442,485.850151864055,630.138769536408));
#2542=CARTESIAN_POINT('',(83.0577370805722,481.850151864055,630.138769536408));
#2543=CARTESIAN_POINT('',(23.000002607702,481.850151864055,630.138769536408));
#2544=CARTESIAN_POINT('',(95.3221706987899,494.114585482273,630.138769536408));
#2545=CARTESIAN_POINT('Origin',(57.7077370805722,485.850151864072,628.388769536408));
#2546=CARTESIAN_POINT('',(30.4577370805721,485.850151864071,638.388769536408));
#2547=CARTESIAN_POINT('',(30.4577370805722,485.850151864071,633.388769536408));
#2548=CARTESIAN_POINT('',(32.4577370805722,485.850151864071,640.388769536408));
#2549=CARTESIAN_POINT('Origin',(32.4577370805722,485.850151864071,638.388769536408));
#2550=CARTESIAN_POINT('',(82.9577370805722,485.850151864073,640.388769536408));
#2551=CARTESIAN_POINT('',(43.5827370805718,485.850151864072,640.388769536408));
#2552=CARTESIAN_POINT('',(84.9577370805722,485.850151864073,638.388769536408));
#2553=CARTESIAN_POINT('Origin',(82.9577370805722,485.850151864073,638.388769536408));
#2554=CARTESIAN_POINT('',(84.9577370805722,485.850151864073,634.888769536408));
#2555=CARTESIAN_POINT('',(71.8327370805719,485.850151864073,638.488769536408));
#2556=CARTESIAN_POINT('',(83.307737080574,485.850151864072,633.888769536408));
#2557=CARTESIAN_POINT('Origin',(80.957737080574,485.850151864072,633.888769536408));
#2558=CARTESIAN_POINT('',(36.807737080574,485.850151864072,633.888769536401));
#2559=CARTESIAN_POINT('Origin',(34.457737080574,485.850151864072,633.888769536401));
#2560=CARTESIAN_POINT('Origin',(34.8577370805722,479.350151864056,633.388769536405));
#2561=CARTESIAN_POINT('',(32.3577370805722,481.850151864055,633.388769536405));
#2562=CARTESIAN_POINT('Origin',(78.0577370805722,481.850151864055,628.388769536408));
#2563=CARTESIAN_POINT('',(29.4577370805722,481.850151864056,633.388769536408));
#2564=CARTESIAN_POINT('Origin',(80.5577370805722,479.350151864056,623.388769536409));
#2565=CARTESIAN_POINT('',(83.0577370805722,481.850151864055,623.388769536409));
#2566=CARTESIAN_POINT('Origin',(78.0577370805722,481.850151864055,628.388769536408));
#2567=CARTESIAN_POINT('',(85.9577370805722,481.850151864056,634.888769536408));
#2568=CARTESIAN_POINT('Origin',(84.9577370805722,484.850151864073,634.888769536408));
#2569=CARTESIAN_POINT('',(85.9577370805722,484.850151864072,618.388769536409));
#2570=CARTESIAN_POINT('',(85.9577370805722,484.850151864073,634.888769536408));
#2571=CARTESIAN_POINT('',(84.9577370805722,485.850151864073,618.388769536409));
#2572=CARTESIAN_POINT('Origin',(84.9577370805722,484.850151864072,618.388769536409));
#2573=CARTESIAN_POINT('',(84.9577370805722,485.850151864073,634.888769536408));
#2574=CARTESIAN_POINT('Origin',(84.9577370805722,484.850151864073,634.888769536408));
#2575=CARTESIAN_POINT('',(85.9577370805722,484.850151864073,638.388769536408));
#2576=CARTESIAN_POINT('Origin',(84.9577370805722,484.850151864073,638.388769536408));
#2577=CARTESIAN_POINT('',(85.9577370805722,484.850151864073,634.888769536408));
#2578=CARTESIAN_POINT('Origin',(29.4577370805722,467.30015232601,638.388769536407));
#2579=CARTESIAN_POINT('',(29.4577370805722,484.850151864071,618.388769536409));
#2580=CARTESIAN_POINT('',(29.4577370805722,484.850151864071,633.388769536408));
#2581=CARTESIAN_POINT('',(29.4577370805722,476.30015232601,618.388769536409));
#2582=CARTESIAN_POINT('',(29.4577370805722,467.30015232601,618.388769536409));
#2583=CARTESIAN_POINT('',(29.4577370805722,476.30015232601,638.388769536408));
#2584=CARTESIAN_POINT('',(29.4577370805722,476.30015232601,633.388769536407));
#2585=CARTESIAN_POINT('',(29.4577370805722,484.850151864072,638.388769536408));
#2586=CARTESIAN_POINT('',(29.4577370805722,467.30015232601,638.388769536408));
#2587=CARTESIAN_POINT('',(29.4577370805722,484.850151864071,633.388769536408));
#2588=CARTESIAN_POINT('Origin',(57.7077370805722,485.850151864072,628.388769536408));
#2589=CARTESIAN_POINT('',(43.5827370805718,485.850151864072,618.288769536409));
#2590=CARTESIAN_POINT('',(82.9577370805722,485.850151864073,616.388769536409));
#2591=CARTESIAN_POINT('Origin',(82.9577370805722,485.850151864073,618.388769536409));
#2592=CARTESIAN_POINT('',(32.4577370805722,485.850151864071,616.388769536409));
#2593=CARTESIAN_POINT('',(71.8327370805719,485.850151864073,616.388769536409));
#2594=CARTESIAN_POINT('',(30.4577370805722,485.850151864071,618.388769536409));
#2595=CARTESIAN_POINT('Origin',(32.4577370805722,485.850151864071,618.388769536409));
#2596=CARTESIAN_POINT('',(30.4577370805722,485.850151864071,633.388769536408));
#2597=CARTESIAN_POINT('',(83.3077370805758,485.850151864072,622.888769536408));
#2598=CARTESIAN_POINT('Origin',(80.9577370805758,485.850151864072,622.888769536408));
#2599=CARTESIAN_POINT('',(36.8077370805758,485.850151864072,622.888769536401));
#2600=CARTESIAN_POINT('Origin',(34.4577370805758,485.850151864072,622.888769536401));
#2601=CARTESIAN_POINT('Origin',(30.4577370805722,484.850151864071,633.388769536408));
#2602=CARTESIAN_POINT('Origin',(30.4577370805722,484.850151864071,618.388769536409));
#2603=CARTESIAN_POINT('Origin',(67.9577370805752,421.800152326009,628.388769536406));
#2604=CARTESIAN_POINT('',(63.9577370805752,467.30015232601,628.388769536406));
#2605=CARTESIAN_POINT('Origin',(67.9577370805752,467.30015232601,628.388769536406));
#2606=CARTESIAN_POINT('',(63.9577370805752,472.30015232601,628.388769536406));
#2607=CARTESIAN_POINT('',(63.9577370805752,421.800152326009,628.388769536406));
#2608=CARTESIAN_POINT('Origin',(67.9577370805752,472.30015232601,628.388769536406));
#2609=CARTESIAN_POINT('Origin',(59.2499999999992,472.30015232601,628.388769536406));
#2610=CARTESIAN_POINT('',(72.6038685402857,472.30015232601,638.488769536408));
#2611=CARTESIAN_POINT('',(44.3538685402857,472.30015232601,618.288769536409));
#2612=CARTESIAN_POINT('Origin',(82.9577370805722,484.850151864072,618.388769536409));
#2613=CARTESIAN_POINT('',(82.9577370805722,484.850151864072,615.388769536409));
#2614=CARTESIAN_POINT('Origin',(82.9577370805722,484.850151864072,616.388769536409));
#2615=CARTESIAN_POINT('Origin',(82.9577370805722,484.850151864072,618.388769536409));
#2616=CARTESIAN_POINT('Origin',(82.9577370805722,484.850151864072,638.388769536408));
#2617=CARTESIAN_POINT('',(82.9577370805722,484.850151864072,641.388769536408));
#2618=CARTESIAN_POINT('Origin',(82.9577370805722,484.850151864072,640.388769536408));
#2619=CARTESIAN_POINT('Origin',(82.9577370805722,484.850151864072,638.388769536408));
#2620=CARTESIAN_POINT('Origin',(43.5827370805719,484.850151864072,640.388769536408));
#2621=CARTESIAN_POINT('',(32.4577370805722,484.850151864071,641.388769536408));
#2622=CARTESIAN_POINT('Origin',(32.4577370805722,484.850151864071,640.388769536408));
#2623=CARTESIAN_POINT('',(43.5827370805719,484.850151864072,641.388769536408));
#2624=CARTESIAN_POINT('Origin',(32.4577370805722,484.850151864072,638.388769536408));
#2625=CARTESIAN_POINT('Origin',(30.4577370805722,484.850151864072,638.388769536408));
#2626=CARTESIAN_POINT('Origin',(32.4577370805722,484.850151864072,638.388769536408));
#2627=CARTESIAN_POINT('Origin',(30.4577370805722,484.850151864071,633.388769536408));
#2628=CARTESIAN_POINT('Origin',(32.4577370805722,484.850151864072,618.388769536409));
#2629=CARTESIAN_POINT('',(32.4577370805722,484.850151864072,615.388769536409));
#2630=CARTESIAN_POINT('Origin',(32.4577370805722,484.850151864072,616.388769536409));
#2631=CARTESIAN_POINT('Origin',(32.4577370805722,484.850151864072,618.388769536409));
#2632=CARTESIAN_POINT('Origin',(71.8327370805719,484.850151864073,616.388769536409));
#2633=CARTESIAN_POINT('',(71.8327370805719,484.850151864073,615.388769536409));
#2634=CARTESIAN_POINT('Origin',(32.4577370805722,467.30015232601,618.388769536409));
#2635=CARTESIAN_POINT('',(32.4577370805722,476.30015232601,615.388769536409));
#2636=CARTESIAN_POINT('',(32.4577370805722,467.30015232601,615.388769536409));
#2637=CARTESIAN_POINT('Origin',(32.4577370805722,476.30015232601,618.388769536409));
#2638=CARTESIAN_POINT('Origin',(85.9577370805722,467.30015232601,615.388769536409));
#2639=CARTESIAN_POINT('',(82.9577370805722,476.30015232601,615.388769536409));
#2640=CARTESIAN_POINT('',(82.9577370805722,467.30015232601,615.388769536409));
#2641=CARTESIAN_POINT('',(72.6038685402857,476.30015232601,615.388769536409));
#2642=CARTESIAN_POINT('Origin',(82.9577370805722,467.30015232601,618.388769536409));
#2643=CARTESIAN_POINT('',(85.9577370805722,476.30015232601,618.388769536409));
#2644=CARTESIAN_POINT('',(85.9577370805722,467.30015232601,618.388769536409));
#2645=CARTESIAN_POINT('Origin',(82.9577370805722,476.30015232601,618.388769536409));
#2646=CARTESIAN_POINT('Origin',(32.4577370805722,476.30015232601,638.388769536408));
#2647=CARTESIAN_POINT('',(32.4577370805722,476.30015232601,641.388769536408));
#2648=CARTESIAN_POINT('Origin',(32.4577370805722,476.30015232601,638.388769536408));
#2649=CARTESIAN_POINT('',(25.4577370805722,472.30015232601,638.388769536408));
#2650=CARTESIAN_POINT('Origin',(25.4577370805722,476.30015232601,638.388769536408));
#2651=CARTESIAN_POINT('',(32.4577370805722,472.30015232601,645.388769536408));
#2652=CARTESIAN_POINT('Origin',(32.4577370805722,472.30015232601,638.388769536408));
#2653=CARTESIAN_POINT('Origin',(32.4577370805722,476.30015232601,645.388769536408));
#2654=CARTESIAN_POINT('Origin',(32.4577370805722,476.30015232601,618.388769536409));
#2655=CARTESIAN_POINT('',(32.4577370805722,472.30015232601,611.388769536409));
#2656=CARTESIAN_POINT('',(25.4577370805722,472.30015232601,618.388769536409));
#2657=CARTESIAN_POINT('Origin',(32.4577370805722,472.30015232601,618.388769536409));
#2658=CARTESIAN_POINT('Origin',(25.4577370805722,476.30015232601,618.388769536409));
#2659=CARTESIAN_POINT('Origin',(32.4577370805722,476.30015232601,611.388769536409));
#2660=CARTESIAN_POINT('Origin',(25.4577370805722,476.30015232601,633.388769536407));
#2661=CARTESIAN_POINT('',(25.4577370805722,472.30015232601,633.388769536407));
#2662=CARTESIAN_POINT('Origin',(82.9577370805722,476.30015232601,638.388769536408));
#2663=CARTESIAN_POINT('',(82.9577370805722,472.30015232601,645.388769536408));
#2664=CARTESIAN_POINT('',(89.9577370805722,472.30015232601,638.388769536408));
#2665=CARTESIAN_POINT('Origin',(82.9577370805722,472.30015232601,638.388769536408));
#2666=CARTESIAN_POINT('',(85.9577370805722,476.30015232601,638.388769536408));
#2667=CARTESIAN_POINT('Origin',(89.9577370805722,476.30015232601,638.388769536408));
#2668=CARTESIAN_POINT('',(82.9577370805722,476.30015232601,641.388769536408));
#2669=CARTESIAN_POINT('Origin',(82.9577370805722,476.30015232601,638.388769536408));
#2670=CARTESIAN_POINT('Origin',(82.9577370805722,476.30015232601,645.388769536408));
#2671=CARTESIAN_POINT('Origin',(82.9577370805722,476.30015232601,618.388769536409));
#2672=CARTESIAN_POINT('',(89.9577370805722,472.30015232601,618.388769536409));
#2673=CARTESIAN_POINT('',(82.9577370805722,472.30015232601,611.388769536409));
#2674=CARTESIAN_POINT('Origin',(82.9577370805722,472.30015232601,618.388769536409));
#2675=CARTESIAN_POINT('Origin',(82.9577370805722,476.30015232601,611.388769536409));
#2676=CARTESIAN_POINT('Origin',(89.9577370805722,476.30015232601,618.388769536409));
#2677=CARTESIAN_POINT('Origin',(72.6038685402857,476.30015232601,611.388769536409));
#2678=CARTESIAN_POINT('',(72.6038685402857,472.30015232601,611.388769536409));
#2679=CARTESIAN_POINT('Origin',(89.9577370805722,476.30015232601,634.888769536407));
#2680=CARTESIAN_POINT('',(89.9577370805722,472.30015232601,634.888769536407));
#2681=CARTESIAN_POINT('',(85.9577370805722,476.30015232601,634.888769536407));
#2682=CARTESIAN_POINT('Origin',(82.9577370805722,467.30015232601,638.388769536408));
#2683=CARTESIAN_POINT('',(82.9577370805722,467.30015232601,641.388769536408));
#2684=CARTESIAN_POINT('',(85.9577370805722,467.30015232601,638.388769536408));
#2685=CARTESIAN_POINT('Origin',(44.3538685402857,476.30015232601,645.388769536408));
#2686=CARTESIAN_POINT('',(44.3538685402857,472.30015232601,645.388769536408));
#2687=CARTESIAN_POINT('',(44.3538685402857,476.30015232601,641.388769536408));
#2688=CARTESIAN_POINT('Origin',(32.4577370805722,467.30015232601,638.388769536408));
#2689=CARTESIAN_POINT('',(32.4577370805722,467.30015232601,641.388769536408));
#2690=CARTESIAN_POINT('Origin',(29.4577370805722,467.30015232601,641.388769536408));
#2691=CARTESIAN_POINT('Origin',(59.2499999999992,472.30015232601,628.388769536406));
#2692=CARTESIAN_POINT('',(111.499999999999,472.30015232601,604.542557898416));
#2693=CARTESIAN_POINT('',(113.499999999999,472.30015232601,606.542557898416));
#2694=CARTESIAN_POINT('Origin',(111.499999999999,472.30015232601,606.542557898416));
#2695=CARTESIAN_POINT('',(6.9999999999991,472.30015232601,604.542557898416));
#2696=CARTESIAN_POINT('',(85.3749999999992,472.30015232601,604.542557898416));
#2697=CARTESIAN_POINT('',(4.99999999999908,472.30015232601,606.542557898416));
#2698=CARTESIAN_POINT('Origin',(6.99999999999898,472.30015232601,606.542557898416));
#2699=CARTESIAN_POINT('',(4.99999999999908,472.30015232601,650.234981174397));
#2700=CARTESIAN_POINT('',(4.99999999999909,472.30015232601,617.465663717411));
#2701=CARTESIAN_POINT('',(6.99999999999903,472.30015232601,652.234981174397));
#2702=CARTESIAN_POINT('Origin',(6.99999999999896,472.30015232601,650.234981174397));
#2703=CARTESIAN_POINT('',(111.499999999999,472.30015232601,652.234981174397));
#2704=CARTESIAN_POINT('',(33.1249999999991,472.30015232601,652.234981174397));
#2705=CARTESIAN_POINT('',(113.499999999999,472.30015232601,650.234981174397));
#2706=CARTESIAN_POINT('Origin',(111.499999999999,472.30015232601,650.234981174397));
#2707=CARTESIAN_POINT('',(113.499999999999,472.30015232601,639.311875355402));
#2708=CARTESIAN_POINT('',(111.599999999999,472.30015232601,648.234981174397));
#2709=CARTESIAN_POINT('Origin',(109.999999999999,472.30015232601,648.234981174397));
#2710=CARTESIAN_POINT('',(111.599999999999,472.30015232601,608.542557898416));
#2711=CARTESIAN_POINT('Origin',(109.999999999999,472.30015232601,608.542557898416));
#2712=CARTESIAN_POINT('',(12.5999999999993,472.30015232601,648.234981174397));
#2713=CARTESIAN_POINT('Origin',(10.9999999999993,472.30015232601,648.234981174397));
#2714=CARTESIAN_POINT('',(12.5999999999992,472.30015232601,608.542557898416));
#2715=CARTESIAN_POINT('Origin',(10.9999999999991,472.30015232601,608.542557898416));
#2716=CARTESIAN_POINT('Origin',(34.4577370805758,485.850151864072,622.888769536401));
#2717=CARTESIAN_POINT('',(36.8077370805758,480.850151864072,622.888769536401));
#2718=CARTESIAN_POINT('',(36.8077370805758,485.850151864072,622.888769536401));
#2719=CARTESIAN_POINT('Origin',(34.4577370805758,480.850151864072,622.888769536401));
#2720=CARTESIAN_POINT('Origin',(57.7077370805749,480.850151864072,628.388769536404));
#2721=CARTESIAN_POINT('Origin',(34.457737080574,485.850151864072,633.888769536401));
#2722=CARTESIAN_POINT('',(36.807737080574,480.850151864072,633.888769536401));
#2723=CARTESIAN_POINT('',(36.807737080574,485.850151864072,633.888769536401));
#2724=CARTESIAN_POINT('Origin',(34.457737080574,480.850151864072,633.888769536401));
#2725=CARTESIAN_POINT('Origin',(57.7077370805749,480.850151864072,628.388769536404));
#2726=CARTESIAN_POINT('Origin',(29.4577370805722,467.30015232601,618.288769536409));
#2727=CARTESIAN_POINT('Origin',(80.9577370805758,485.850151864072,622.888769536408));
#2728=CARTESIAN_POINT('',(83.3077370805758,480.850151864072,622.888769536408));
#2729=CARTESIAN_POINT('',(83.3077370805758,485.850151864072,622.888769536408));
#2730=CARTESIAN_POINT('Origin',(80.9577370805758,480.850151864072,622.888769536408));
#2731=CARTESIAN_POINT('Origin',(57.7077370805749,480.850151864072,628.388769536404));
#2732=CARTESIAN_POINT('Origin',(80.957737080574,485.850151864072,633.888769536408));
#2733=CARTESIAN_POINT('',(83.307737080574,480.850151864072,633.888769536408));
#2734=CARTESIAN_POINT('',(83.307737080574,485.850151864072,633.888769536408));
#2735=CARTESIAN_POINT('Origin',(80.957737080574,480.850151864072,633.888769536408));
#2736=CARTESIAN_POINT('Origin',(57.7077370805749,480.850151864072,628.388769536404));
#2737=CARTESIAN_POINT('Origin',(85.9577370805722,467.30015232601,638.488769536408));
#2738=CARTESIAN_POINT('Origin',(85.9577370805722,467.30015232601,641.388769536407));
#2739=CARTESIAN_POINT('Origin',(59.2499999999991,467.30015232601,628.388769536406));
#2740=CARTESIAN_POINT('',(6.9999999999991,467.30015232601,603.542557898416));
#2741=CARTESIAN_POINT('',(3.99999999999908,467.30015232601,606.542557898416));
#2742=CARTESIAN_POINT('Origin',(6.99999999999898,467.30015232601,606.542557898416));
#2743=CARTESIAN_POINT('',(111.499999999999,467.30015232601,603.542557898416));
#2744=CARTESIAN_POINT('',(6.9999999999991,467.30015232601,603.542557898416));
#2745=CARTESIAN_POINT('',(114.499999999999,467.30015232601,606.542557898416));
#2746=CARTESIAN_POINT('Origin',(111.499999999999,467.30015232601,606.542557898416));
#2747=CARTESIAN_POINT('',(114.499999999999,467.30015232601,650.234981174397));
#2748=CARTESIAN_POINT('',(114.499999999999,467.30015232601,606.542557898416));
#2749=CARTESIAN_POINT('',(111.499999999999,467.30015232601,653.234981174397));
#2750=CARTESIAN_POINT('Origin',(111.499999999999,467.30015232601,650.234981174397));
#2751=CARTESIAN_POINT('',(6.99999999999909,467.30015232601,653.234981174397));
#2752=CARTESIAN_POINT('',(6.99999999999909,467.30015232601,653.234981174397));
#2753=CARTESIAN_POINT('',(3.99999999999908,467.30015232601,650.234981174397));
#2754=CARTESIAN_POINT('Origin',(6.99999999999896,467.30015232601,650.234981174397));
#2755=CARTESIAN_POINT('',(3.99999999999908,467.30015232601,650.234981174397));
#2756=CARTESIAN_POINT('',(111.599999999999,467.30015232601,648.234981174397));
#2757=CARTESIAN_POINT('Origin',(109.999999999999,467.30015232601,648.234981174397));
#2758=CARTESIAN_POINT('',(111.599999999999,467.30015232601,608.542557898416));
#2759=CARTESIAN_POINT('Origin',(109.999999999999,467.30015232601,608.542557898416));
#2760=CARTESIAN_POINT('',(12.5999999999993,467.30015232601,648.234981174397));
#2761=CARTESIAN_POINT('Origin',(10.9999999999993,467.30015232601,648.234981174397));
#2762=CARTESIAN_POINT('',(12.5999999999991,467.30015232601,608.542557898416));
#2763=CARTESIAN_POINT('Origin',(10.9999999999991,467.30015232601,608.542557898416));
#2764=CARTESIAN_POINT('Origin',(6.99999999999896,467.30015232601,650.234981174397));
#2765=CARTESIAN_POINT('',(3.99999999999908,471.30015232601,650.234981174397));
#2766=CARTESIAN_POINT('',(6.99999999999909,471.30015232601,653.234981174397));
#2767=CARTESIAN_POINT('Origin',(6.99999999999896,471.30015232601,650.234981174397));
#2768=CARTESIAN_POINT('',(3.99999999999908,467.30015232601,650.234981174397));
#2769=CARTESIAN_POINT('',(6.99999999999909,467.30015232601,653.234981174397));
#2770=CARTESIAN_POINT('Origin',(6.99999999999909,467.30015232601,653.234981174397));
#2771=CARTESIAN_POINT('',(111.499999999999,471.30015232601,653.234981174397));
#2772=CARTESIAN_POINT('',(33.1249999999991,471.30015232601,653.234981174397));
#2773=CARTESIAN_POINT('',(111.499999999999,467.30015232601,653.234981174397));
#2774=CARTESIAN_POINT('Origin',(111.499999999999,467.30015232601,650.234981174397));
#2775=CARTESIAN_POINT('',(114.499999999999,471.30015232601,650.234981174397));
#2776=CARTESIAN_POINT('Origin',(111.499999999999,471.30015232601,650.234981174397));
#2777=CARTESIAN_POINT('',(114.499999999999,467.30015232601,650.234981174397));
#2778=CARTESIAN_POINT('Origin',(114.499999999999,467.30015232601,650.234981174397));
#2779=CARTESIAN_POINT('',(114.499999999999,471.30015232601,606.542557898416));
#2780=CARTESIAN_POINT('',(114.499999999999,471.30015232601,639.311875355402));
#2781=CARTESIAN_POINT('',(114.499999999999,467.30015232601,606.542557898416));
#2782=CARTESIAN_POINT('Origin',(109.999999999999,467.30015232601,648.234981174397));
#2783=CARTESIAN_POINT('',(111.599999999999,467.30015232601,648.234981174397));
#2784=CARTESIAN_POINT('Origin',(109.999999999999,467.30015232601,608.542557898416));
#2785=CARTESIAN_POINT('',(111.599999999999,467.30015232601,608.542557898416));
#2786=CARTESIAN_POINT('Origin',(10.9999999999993,467.30015232601,648.234981174397));
#2787=CARTESIAN_POINT('',(12.5999999999993,467.30015232601,648.234981174397));
#2788=CARTESIAN_POINT('Origin',(10.9999999999991,467.30015232601,608.542557898416));
#2789=CARTESIAN_POINT('',(12.5999999999991,467.30015232601,608.542557898416));
#2790=CARTESIAN_POINT('Origin',(111.499999999999,467.30015232601,606.542557898416));
#2791=CARTESIAN_POINT('',(111.499999999999,471.30015232601,603.542557898416));
#2792=CARTESIAN_POINT('Origin',(111.499999999999,471.30015232601,606.542557898416));
#2793=CARTESIAN_POINT('',(111.499999999999,467.30015232601,603.542557898416));
#2794=CARTESIAN_POINT('Origin',(111.499999999999,467.30015232601,603.542557898416));
#2795=CARTESIAN_POINT('',(6.9999999999991,471.30015232601,603.542557898416));
#2796=CARTESIAN_POINT('',(85.3749999999992,471.30015232601,603.542557898416));
#2797=CARTESIAN_POINT('',(6.9999999999991,467.30015232601,603.542557898416));
#2798=CARTESIAN_POINT('Origin',(6.99999999999898,467.30015232601,606.542557898416));
#2799=CARTESIAN_POINT('',(3.99999999999908,471.30015232601,606.542557898416));
#2800=CARTESIAN_POINT('Origin',(6.99999999999898,471.30015232601,606.542557898416));
#2801=CARTESIAN_POINT('',(3.99999999999908,467.30015232601,606.542557898416));
#2802=CARTESIAN_POINT('Origin',(3.9999999999991,467.30015232601,606.542557898416));
#2803=CARTESIAN_POINT('',(3.9999999999991,471.30015232601,617.465663717411));
#2804=CARTESIAN_POINT('Origin',(113.499999999999,471.30015232601,639.311875355402));
#2805=CARTESIAN_POINT('Origin',(113.499999999999,471.30015232601,606.542557898416));
#2806=CARTESIAN_POINT('Origin',(113.499999999999,471.30015232601,650.234981174397));
#2807=CARTESIAN_POINT('Origin',(111.499999999999,471.30015232601,650.234981174397));
#2808=CARTESIAN_POINT('Origin',(111.499999999999,471.30015232601,652.234981174397));
#2809=CARTESIAN_POINT('Origin',(33.1249999999991,471.30015232601,652.234981174397));
#2810=CARTESIAN_POINT('Origin',(6.99999999999903,471.30015232601,652.234981174397));
#2811=CARTESIAN_POINT('Origin',(6.99999999999896,471.30015232601,650.234981174397));
#2812=CARTESIAN_POINT('Origin',(4.99999999999908,471.30015232601,650.234981174397));
#2813=CARTESIAN_POINT('Origin',(4.99999999999909,471.30015232601,617.465663717411));
#2814=CARTESIAN_POINT('Origin',(4.99999999999908,471.30015232601,606.542557898416));
#2815=CARTESIAN_POINT('Origin',(6.99999999999898,471.30015232601,606.542557898416));
#2816=CARTESIAN_POINT('Origin',(6.9999999999991,471.30015232601,604.542557898416));
#2817=CARTESIAN_POINT('Origin',(85.3749999999992,471.30015232601,604.542557898416));
#2818=CARTESIAN_POINT('Origin',(111.499999999999,471.30015232601,604.542557898416));
#2819=CARTESIAN_POINT('Origin',(111.499999999999,471.30015232601,606.542557898416));
#2820=CARTESIAN_POINT('',(0.,0.,0.));
#2821=UNCERTAINTY_MEASURE_WITH_UNIT(LENGTH_MEASURE(0.01),#2827,
'DISTANCE_ACCURACY_VALUE',
'Maximum model space distance between geometric entities at asserted c
onnectivities');
#2822=UNCERTAINTY_MEASURE_WITH_UNIT(LENGTH_MEASURE(0.01),#2827,
'DISTANCE_ACCURACY_VALUE',
'Maximum model space distance between geometric entities at asserted c
onnectivities');
#2823=UNCERTAINTY_MEASURE_WITH_UNIT(LENGTH_MEASURE(0.01),#2827,
'DISTANCE_ACCURACY_VALUE',
'Maximum model space distance between geometric entities at asserted c
onnectivities');
#2824=(
GEOMETRIC_REPRESENTATION_CONTEXT(3)
GLOBAL_UNCERTAINTY_ASSIGNED_CONTEXT((#2821))
GLOBAL_UNIT_ASSIGNED_CONTEXT((#2827,#2829,#2830))
REPRESENTATION_CONTEXT('','3D')
);
#2825=(
GEOMETRIC_REPRESENTATION_CONTEXT(3)
GLOBAL_UNCERTAINTY_ASSIGNED_CONTEXT((#2822))
GLOBAL_UNIT_ASSIGNED_CONTEXT((#2827,#2829,#2830))
REPRESENTATION_CONTEXT('','3D')
);
#2826=(
GEOMETRIC_REPRESENTATION_CONTEXT(3)
GLOBAL_UNCERTAINTY_ASSIGNED_CONTEXT((#2823))
GLOBAL_UNIT_ASSIGNED_CONTEXT((#2827,#2829,#2830))
REPRESENTATION_CONTEXT('','3D')
);
#2827=(
LENGTH_UNIT()
NAMED_UNIT(*)
SI_UNIT(.MILLI.,.METRE.)
);
#2828=(
LENGTH_UNIT()
NAMED_UNIT(*)
SI_UNIT($,.METRE.)
);
#2829=(
NAMED_UNIT(*)
PLANE_ANGLE_UNIT()
SI_UNIT($,.RADIAN.)
);
#2830=(
NAMED_UNIT(*)
SI_UNIT($,.STERADIAN.)
SOLID_ANGLE_UNIT()
);
#2831=SHAPE_DEFINITION_REPRESENTATION(#2833,#2836);
#2832=SHAPE_DEFINITION_REPRESENTATION(#2834,#2837);
#2833=PRODUCT_DEFINITION_SHAPE('',$,#2839);
#2834=PRODUCT_DEFINITION_SHAPE('',$,#2840);
#2835=PRODUCT_DEFINITION_SHAPE($,$,#14);
#2836=SHAPE_REPRESENTATION('',(#1605,#1817),#2824);
#2837=SHAPE_REPRESENTATION('',(#1606),#2825);
#2838=PRODUCT_DEFINITION_CONTEXT('part definition',#2846,'design');
#2839=PRODUCT_DEFINITION('CPAP valve 3-way - Servo Mount MG946R',
'CPAP valve 3-way - Servo Mount MG946R',#2841,#2838);
#2840=PRODUCT_DEFINITION('Component2','Component2',#2842,#2838);
#2841=PRODUCT_DEFINITION_FORMATION('',$,#2848);
#2842=PRODUCT_DEFINITION_FORMATION('',$,#2849);
#2843=PRODUCT_RELATED_PRODUCT_CATEGORY(
'CPAP valve 3-way - Servo Mount MG946R',
'CPAP valve 3-way - Servo Mount MG946R',(#2848));
#2844=PRODUCT_RELATED_PRODUCT_CATEGORY('Component2','Component2',(#2849));
#2845=APPLICATION_PROTOCOL_DEFINITION('international standard',
'automotive_design',2009,#2846);
#2846=APPLICATION_CONTEXT(
'Core Data for Automotive Mechanical Design Process');
#2847=PRODUCT_CONTEXT('part definition',#2846,'mechanical');
#2848=PRODUCT('CPAP valve 3-way - Servo Mount MG946R',
'CPAP valve 3-way - Servo Mount MG946R',$,(#2847));
#2849=PRODUCT('Component2','Component2',$,(#2847));
#2850=PRESENTATION_STYLE_ASSIGNMENT((#2851));
#2851=SURFACE_STYLE_USAGE(.BOTH.,#2852);
#2852=SURFACE_SIDE_STYLE('',(#2853));
#2853=SURFACE_STYLE_FILL_AREA(#2854);
#2854=FILL_AREA_STYLE('Steel - Satin',(#2855));
#2855=FILL_AREA_STYLE_COLOUR('Steel - Satin',#2856);
#2856=COLOUR_RGB('Steel - Satin',0.627450980392157,0.627450980392157,0.627450980392157);
ENDSEC;
END-ISO-10303-21;
