ISO-10303-21;
HEADER;
/* Generated by software containing ST-Developer
 * from STEP Tools, Inc. (www.steptools.com) 
 */

FILE_DESCRIPTION(
/* description */ (''),
/* implementation_level */ '2;1');

FILE_NAME(
/* name */ 'CPAP valve 3-way - Housing - A.step',
/* time_stamp */ '2026-07-24T23:40:25+02:00',
/* author */ (''),
/* organization */ (''),
/* preprocessor_version */ 'ST-DEVELOPER v20.1',
/* originating_system */ 'Autodesk Translation Framework v15.8.0.0',
/* authorisation */ '');

FILE_SCHEMA (('AUTOMOTIVE_DESIGN { 1 0 10303 214 3 1 1 }'));
ENDSEC;

DATA;
#10=MECHANICAL_DESIGN_GEOMETRIC_PRESENTATION_REPRESENTATION('',(#13),#2371);
#11=SHAPE_REPRESENTATION_RELATIONSHIP('SRR','None',#2378,#12);
#12=ADVANCED_BREP_SHAPE_REPRESENTATION('',(#14),#2370);
#13=STYLED_ITEM('',(#2387),#14);
#14=MANIFOLD_SOLID_BREP('Body6',#1004);
#15=(
BOUNDED_SURFACE()
B_SPLINE_SURFACE(3,2,((#2031,#2032,#2033,#2034,#2035,#2036,#2037,#2038,
#2039),(#2040,#2041,#2042,#2043,#2044,#2045,#2046,#2047,#2048),(#2049,#2050,
#2051,#2052,#2053,#2054,#2055,#2056,#2057),(#2058,#2059,#2060,#2061,#2062,
#2063,#2064,#2065,#2066),(#2067,#2068,#2069,#2070,#2071,#2072,#2073,#2074,
#2075),(#2076,#2077,#2078,#2079,#2080,#2081,#2082,#2083,#2084),(#2085,#2086,
#2087,#2088,#2089,#2090,#2091,#2092,#2093),(#2094,#2095,#2096,#2097,#2098,
#2099,#2100,#2101,#2102),(#2103,#2104,#2105,#2106,#2107,#2108,#2109,#2110,
#2111),(#2112,#2113,#2114,#2115,#2116,#2117,#2118,#2119,#2120),(#2121,#2122,
#2123,#2124,#2125,#2126,#2127,#2128,#2129),(#2130,#2131,#2132,#2133,#2134,
#2135,#2136,#2137,#2138),(#2139,#2140,#2141,#2142,#2143,#2144,#2145,#2146,
#2147),(#2148,#2149,#2150,#2151,#2152,#2153,#2154,#2155,#2156),(#2157,#2158,
#2159,#2160,#2161,#2162,#2163,#2164,#2165),(#2166,#2167,#2168,#2169,#2170,
#2171,#2172,#2173,#2174)),.UNSPECIFIED.,.F.,.T.,.F.)
B_SPLINE_SURFACE_WITH_KNOTS((4,3,3,3,3,4),(3,2,2,2,3),(-0.0787894741507867,
-0.0787862171339267,-0.0591272981305422,-0.0398548156904029,-0.0198072015901741,
-4.95142790657432E-8),(0.,1.5707963267949,3.14159265358979,4.71238898038469,
6.28318530717959),.UNSPECIFIED.)
GEOMETRIC_REPRESENTATION_ITEM()
RATIONAL_B_SPLINE_SURFACE(((1.,0.707106781186548,1.,0.707106781186548,1.,
0.707106781186548,1.,0.707106781186548,1.),(1.,0.707106781186548,1.,0.707106781186548,
1.,0.707106781186548,1.,0.707106781186548,1.),(1.,0.707106781186548,1.,
0.707106781186548,1.,0.707106781186548,1.,0.707106781186548,1.),(1.,0.707106781186548,
1.,0.707106781186548,1.,0.707106781186548,1.,0.707106781186548,1.),(1.,
0.707106781186548,1.,0.707106781186548,1.,0.707106781186548,1.,0.707106781186548,
1.),(1.,0.707106781186548,1.,0.707106781186548,1.,0.707106781186548,1.,
0.707106781186548,1.),(1.,0.707106781186548,1.,0.707106781186548,1.,0.707106781186548,
1.,0.707106781186548,1.),(1.,0.707106781186548,1.,0.707106781186548,1.,
0.707106781186548,1.,0.707106781186548,1.),(1.,0.707106781186548,1.,0.707106781186548,
1.,0.707106781186548,1.,0.707106781186548,1.),(1.,0.707106781186548,1.,
0.707106781186548,1.,0.707106781186548,1.,0.707106781186548,1.),(1.,0.707106781186548,
1.,0.707106781186548,1.,0.707106781186548,1.,0.707106781186548,1.),(1.,
0.707106781186548,1.,0.707106781186548,1.,0.707106781186548,1.,0.707106781186548,
1.),(1.,0.707106781186548,1.,0.707106781186548,1.,0.707106781186548,1.,
0.707106781186548,1.),(1.,0.707106781186548,1.,0.707106781186548,1.,0.707106781186548,
1.,0.707106781186548,1.),(1.,0.707106781186548,1.,0.707106781186548,1.,
0.707106781186548,1.,0.707106781186548,1.),(1.,0.707106781186548,1.,0.707106781186548,
1.,0.707106781186548,1.,0.707106781186548,1.)))
REPRESENTATION_ITEM('')
SURFACE()
);
#16=(
BOUNDED_SURFACE()
B_SPLINE_SURFACE(3,2,((#2201,#2202,#2203,#2204,#2205,#2206,#2207,#2208,
#2209),(#2210,#2211,#2212,#2213,#2214,#2215,#2216,#2217,#2218),(#2219,#2220,
#2221,#2222,#2223,#2224,#2225,#2226,#2227),(#2228,#2229,#2230,#2231,#2232,
#2233,#2234,#2235,#2236),(#2237,#2238,#2239,#2240,#2241,#2242,#2243,#2244,
#2245),(#2246,#2247,#2248,#2249,#2250,#2251,#2252,#2253,#2254),(#2255,#2256,
#2257,#2258,#2259,#2260,#2261,#2262,#2263),(#2264,#2265,#2266,#2267,#2268,
#2269,#2270,#2271,#2272),(#2273,#2274,#2275,#2276,#2277,#2278,#2279,#2280,
#2281),(#2282,#2283,#2284,#2285,#2286,#2287,#2288,#2289,#2290),(#2291,#2292,
#2293,#2294,#2295,#2296,#2297,#2298,#2299),(#2300,#2301,#2302,#2303,#2304,
#2305,#2306,#2307,#2308),(#2309,#2310,#2311,#2312,#2313,#2314,#2315,#2316,
#2317),(#2318,#2319,#2320,#2321,#2322,#2323,#2324,#2325,#2326),(#2327,#2328,
#2329,#2330,#2331,#2332,#2333,#2334,#2335),(#2336,#2337,#2338,#2339,#2340,
#2341,#2342,#2343,#2344)),.UNSPECIFIED.,.F.,.T.,.F.)
B_SPLINE_SURFACE_WITH_KNOTS((4,3,3,3,3,4),(3,2,2,2,3),(-0.0787917777797274,
-0.0591240173523427,-0.0398511705331217,-0.0198050002171243,-5.63570953937721E-6,
-2.41507566705134E-6),(0.,1.5707963267949,3.14159265358979,4.71238898038469,
6.28318530717959),.UNSPECIFIED.)
GEOMETRIC_REPRESENTATION_ITEM()
RATIONAL_B_SPLINE_SURFACE(((1.,0.707106781186548,1.,0.707106781186548,1.,
0.707106781186548,1.,0.707106781186548,1.),(1.,0.707106781186548,1.,0.707106781186548,
1.,0.707106781186548,1.,0.707106781186548,1.),(1.,0.707106781186548,1.,
0.707106781186548,1.,0.707106781186548,1.,0.707106781186548,1.),(1.,0.707106781186548,
1.,0.707106781186548,1.,0.707106781186548,1.,0.707106781186548,1.),(1.,
0.707106781186548,1.,0.707106781186548,1.,0.707106781186548,1.,0.707106781186548,
1.),(1.,0.707106781186548,1.,0.707106781186548,1.,0.707106781186548,1.,
0.707106781186548,1.),(1.,0.707106781186548,1.,0.707106781186548,1.,0.707106781186548,
1.,0.707106781186548,1.),(1.,0.707106781186548,1.,0.707106781186548,1.,
0.707106781186548,1.,0.707106781186548,1.),(1.,0.707106781186548,1.,0.707106781186548,
1.,0.707106781186548,1.,0.707106781186548,1.),(1.,0.707106781186548,1.,
0.707106781186548,1.,0.707106781186548,1.,0.707106781186548,1.),(1.,0.707106781186548,
1.,0.707106781186548,1.,0.707106781186548,1.,0.707106781186548,1.),(1.,
0.707106781186548,1.,0.707106781186548,1.,0.707106781186548,1.,0.707106781186548,
1.),(1.,0.707106781186548,1.,0.707106781186548,1.,0.707106781186548,1.,
0.707106781186548,1.),(1.,0.707106781186548,1.,0.707106781186548,1.,0.707106781186548,
1.,0.707106781186548,1.),(1.,0.707106781186548,1.,0.707106781186548,1.,
0.707106781186548,1.,0.707106781186548,1.),(1.,0.707106781186548,1.,0.707106781186548,
1.,0.707106781186548,1.,0.707106781186548,1.)))
REPRESENTATION_ITEM('')
SURFACE()
);
#17=B_SPLINE_SURFACE_WITH_KNOTS('',3,3,((#1770,#1771,#1772,#1773),(#1774,
#1775,#1776,#1777),(#1778,#1779,#1780,#1781),(#1782,#1783,#1784,#1785)),
 .UNSPECIFIED.,.F.,.F.,.F.,(4,4),(4,4),(0.,0.933452634556622),(1.56441941684098,
1.57066410951553),.UNSPECIFIED.);
#18=B_SPLINE_SURFACE_WITH_KNOTS('',3,3,((#1798,#1799,#1800,#1801,#1802,
#1803,#1804,#1805,#1806,#1807),(#1808,#1809,#1810,#1811,#1812,#1813,#1814,
#1815,#1816,#1817),(#1818,#1819,#1820,#1821,#1822,#1823,#1824,#1825,#1826,
#1827),(#1828,#1829,#1830,#1831,#1832,#1833,#1834,#1835,#1836,#1837)),
 .UNSPECIFIED.,.F.,.F.,.F.,(4,4),(4,1,1,1,1,1,1,4),(0.,0.933452634557737),
(-1.56945390849296,-1.12103850605357,-0.672623103614182,-0.224207701174793,
0.224207701264595,0.672623103703983,1.12103850614337,1.56945390858276),
 .UNSPECIFIED.);
#19=B_SPLINE_SURFACE_WITH_KNOTS('',3,3,((#1997,#1998,#1999,#2000),(#2001,
#2002,#2003,#2004),(#2005,#2006,#2007,#2008),(#2009,#2010,#2011,#2012)),
 .UNSPECIFIED.,.F.,.F.,.F.,(4,4),(4,4),(0.,0.933452634555146),(-1.57066410951553,
-1.56441941691205),.UNSPECIFIED.);
#20=CONICAL_SURFACE('',#1106,11.9,0.785398163397443);
#21=CONICAL_SURFACE('',#1112,11.9,0.785398163397448);
#22=B_SPLINE_CURVE_WITH_KNOTS('',3,(#1523,#1524,#1525,#1526),
 .UNSPECIFIED.,.F.,.F.,(4,4),(-1.56827906225628,-1.56441941684098),
 .UNSPECIFIED.);
#23=B_SPLINE_CURVE_WITH_KNOTS('',3,(#1530,#1531,#1532,#1533,#1534,#1535,
#1536,#1537,#1538,#1539,#1540,#1541),.UNSPECIFIED.,.F.,.F.,(4,2,2,2,2,4),
(-3.22884963104854,-3.02644891083891,-2.82404819062929,-2.41924675021003,
-2.01683578286715,-1.61442481552427),.UNSPECIFIED.);
#24=B_SPLINE_CURVE_WITH_KNOTS('',3,(#1543,#1544,#1545,#1546,#1547,#1548,
#1549,#1550,#1551,#1552,#1553,#1554),.UNSPECIFIED.,.F.,.F.,(4,2,2,2,2,4),
(-1.61442481552427,-1.21201384818139,-0.809602880838511,-0.404801440419256,
-0.202400720209628,0.),.UNSPECIFIED.);
#25=B_SPLINE_CURVE_WITH_KNOTS('',3,(#1558,#1559,#1560,#1561),
 .UNSPECIFIED.,.F.,.F.,(4,4),(1.56441941691205,1.56827906225627),
 .UNSPECIFIED.);
#26=B_SPLINE_CURVE_WITH_KNOTS('',3,(#1562,#1563,#1564,#1565,#1566,#1567,
#1568,#1569,#1570,#1571),.UNSPECIFIED.,.F.,.F.,(4,1,1,1,1,1,1,4),(-1.56945390843501,
-1.12103850614337,-0.672623103703983,-0.224207701264595,0.224207701174793,
0.672623103614182,1.12103850605357,1.56945390849296),.UNSPECIFIED.);
#27=B_SPLINE_CURVE_WITH_KNOTS('',3,(#1645,#1646,#1647,#1648,#1649,#1650,
#1651,#1652,#1653,#1654,#1655,#1656,#1657,#1658,#1659,#1660,#1661,#1662,
#1663,#1664,#1665,#1666),.UNSPECIFIED.,.F.,.F.,(4,2,2,2,2,2,2,2,2,2,4),
(-3.22884963104854,-3.02644891083891,-2.82404819062928,-2.41924675021003,
-2.01683578286715,-1.61442481552427,-1.21201384818139,-0.809602880838511,
-0.404801440419256,-0.202400720209628,0.),.UNSPECIFIED.);
#28=B_SPLINE_CURVE_WITH_KNOTS('',3,(#1670,#1671,#1672,#1673,#1674,#1675,
#1676,#1677,#1678,#1679,#1680,#1681,#1682,#1683,#1684,#1685,#1686,#1687,
#1688,#1689,#1690,#1691),.UNSPECIFIED.,.F.,.F.,(4,2,2,2,2,2,2,2,2,2,4),
(0.,0.202400720209628,0.404801440419256,0.809602880838512,1.21201384818139,
1.61442481552427,2.01683578286715,2.41924675021003,2.82404819062929,3.02644891083892,
3.22884963104855),.UNSPECIFIED.);
#29=B_SPLINE_CURVE_WITH_KNOTS('',3,(#1734,#1735,#1736,#1737,#1738,#1739,
#1740),.UNSPECIFIED.,.F.,.F.,(4,3,4),(0.0282449836715303,0.211299540806109,
0.42221458892129),.UNSPECIFIED.);
#30=B_SPLINE_CURVE_WITH_KNOTS('',3,(#1744,#1745,#1746,#1747,#1748,#1749,
#1750,#1751,#1752,#1753),.UNSPECIFIED.,.F.,.F.,(4,2,2,2,4),(0.,0.0092703626714887,
0.0152668474703736,0.021268230287327,0.0274212342373177),.UNSPECIFIED.);
#31=B_SPLINE_CURVE_WITH_KNOTS('',3,(#1757,#1758,#1759,#1760,#1761,#1762,
#1763,#1764,#1765,#1766,#1767,#1768),.UNSPECIFIED.,.F.,.F.,(4,2,2,2,2,4),
(0.,0.0272566570947535,0.0545186593123699,0.0818036475525283,0.0960211605184276,
0.117389662296979),.UNSPECIFIED.);
#32=B_SPLINE_CURVE_WITH_KNOTS('',3,(#1787,#1788,#1789,#1790),
 .UNSPECIFIED.,.F.,.F.,(4,4),(-0.00418870363429661,-0.000174544106989722),
 .UNSPECIFIED.);
#33=B_SPLINE_CURVE_WITH_KNOTS('',3,(#1791,#1792,#1793,#1794,#1795,#1796,
#1797),.UNSPECIFIED.,.F.,.F.,(4,3,4),(-0.422217029818313,-0.211300068767414,
-0.0281956418755494),.UNSPECIFIED.);
#34=B_SPLINE_CURVE_WITH_KNOTS('',3,(#1839,#1840,#1841,#1842,#1843,#1844,
#1845,#1846,#1847,#1848,#1849,#1850,#1851,#1852,#1853,#1854,#1855,#1856,
#1857,#1858,#1859,#1860,#1861,#1862,#1863,#1864,#1865,#1866,#1867,#1868,
#1869,#1870,#1871,#1872,#1873,#1874,#1875,#1876,#1877,#1878,#1879,#1880,
#1881,#1882,#1883,#1884,#1885,#1886,#1887,#1888,#1889,#1890,#1891,#1892,
#1893,#1894,#1895,#1896,#1897,#1898,#1899,#1900,#1901,#1902,#1903,#1904,
#1905,#1906,#1907,#1908,#1909,#1910,#1911,#1912,#1913,#1914,#1915,#1916,
#1917,#1918,#1919,#1920,#1921,#1922,#1923,#1924,#1925,#1926,#1927,#1928,
#1929,#1930,#1931,#1932,#1933,#1934,#1935,#1936,#1937,#1938,#1939,#1940,
#1941,#1942,#1943,#1944,#1945,#1946,#1947,#1948,#1949,#1950,#1951,#1952,
#1953,#1954,#1955,#1956,#1957,#1958,#1959,#1960,#1961,#1962,#1963,#1964,
#1965,#1966,#1967,#1968,#1969,#1970,#1971,#1972,#1973,#1974,#1975,#1976,
#1977,#1978,#1979,#1980,#1981,#1982,#1983,#1984,#1985,#1986,#1987,#1988,
#1989),.UNSPECIFIED.,.F.,.F.,(4,3,3,3,3,3,3,3,3,3,3,3,3,3,3,3,3,3,3,3,3,
3,3,3,3,3,3,3,3,3,3,3,3,3,3,3,3,3,3,3,3,3,3,3,3,3,3,3,3,3,4),(-4.13136782345539,
-4.04045824085479,-3.94849131517753,-3.85587599366268,-3.76348985784245,
-3.67227362167344,-3.60928870001129,-3.54082799808641,-3.4495954611,-3.35728988774705,
-3.26496738672347,-3.17353629192256,-3.09352843386949,-3.00145089027881,
-2.95024970965439,-2.85717355023088,-2.76499483137285,-2.67146995166661,
-2.57794507196036,-2.48617885658214,-2.39412347173547,-2.36104942153494,
-2.269082883011,-2.17699645822457,-2.08547277674773,-2.06227305641349,-1.97050613024854,
-1.87842976111485,-1.78663246950142,-1.77234263809441,-1.68035405025065,
-1.58846790796309,-1.54643455850954,-1.45475338006887,-1.36261928862772,
-1.27067943733337,-1.18313393433406,-1.0910445533456,-1.03059201848159,
-0.939387094905394,-0.847081993677395,-0.754736134749568,-0.663198976096619,
-0.59254235193762,-0.51503927852935,-0.424036520567425,-0.332001603628312,
-0.23941375344781,-0.147114746110993,-0.0560244218650091,-0.00206816133456081),
 .UNSPECIFIED.);
#35=B_SPLINE_CURVE_WITH_KNOTS('',3,(#1990,#1991,#1992,#1993,#1994,#1995,
#1996),.UNSPECIFIED.,.F.,.F.,(4,3,4),(-0.394600048618439,-0.211224994550988,
0.),.UNSPECIFIED.);
#36=B_SPLINE_CURVE_WITH_KNOTS('',3,(#2014,#2015,#2016,#2017),
 .UNSPECIFIED.,.F.,.F.,(4,4),(-0.00824404563519826,-0.0042298862008419),
 .UNSPECIFIED.);
#37=B_SPLINE_CURVE_WITH_KNOTS('',3,(#2018,#2019,#2020,#2021,#2022,#2023,
#2024),.UNSPECIFIED.,.F.,.F.,(4,3,4),(-2.77555756156289E-17,0.211226216546891,
0.394552491714548),.UNSPECIFIED.);
#38=B_SPLINE_CURVE_WITH_KNOTS('',3,(#2176,#2177,#2178,#2179,#2180,#2181,
#2182,#2183,#2184,#2185,#2186,#2187,#2188,#2189,#2190,#2191),
 .UNSPECIFIED.,.F.,.F.,(4,3,3,3,3,4),(0.,1.13355655113206E-6,0.0068431295861387,
0.013550632084777,0.0205279076945323,0.0274214940528351),.UNSPECIFIED.);
#39=B_SPLINE_CURVE_WITH_KNOTS('',3,(#2345,#2346,#2347,#2348,#2349,#2350,
#2351,#2352,#2353,#2354,#2355,#2356,#2357,#2358,#2359,#2360),
 .UNSPECIFIED.,.F.,.F.,(4,3,3,3,3,4),(0.,0.0293047208257031,0.0580210252386559,
0.0878895721382236,0.117390381422703,0.117395180127489),.UNSPECIFIED.);
#40=FACE_BOUND('',#147,.T.);
#41=FACE_BOUND('',#150,.T.);
#42=FACE_BOUND('',#153,.T.);
#43=FACE_BOUND('',#156,.T.);
#44=FACE_BOUND('',#159,.T.);
#45=FACE_BOUND('',#162,.T.);
#46=FACE_BOUND('',#163,.T.);
#47=FACE_BOUND('',#164,.T.);
#48=FACE_BOUND('',#165,.T.);
#49=FACE_BOUND('',#166,.T.);
#50=FACE_BOUND('',#173,.T.);
#51=FACE_BOUND('',#176,.T.);
#52=FACE_BOUND('',#179,.T.);
#53=FACE_BOUND('',#182,.T.);
#54=FACE_BOUND('',#196,.T.);
#55=FACE_BOUND('',#199,.T.);
#56=FACE_BOUND('',#209,.T.);
#57=FACE_BOUND('',#210,.T.);
#58=PLANE('',#1021);
#59=PLANE('',#1040);
#60=PLANE('',#1046);
#61=PLANE('',#1050);
#62=PLANE('',#1054);
#63=PLANE('',#1058);
#64=PLANE('',#1059);
#65=PLANE('',#1061);
#66=PLANE('',#1072);
#67=PLANE('',#1073);
#68=PLANE('',#1077);
#69=PLANE('',#1081);
#70=PLANE('',#1085);
#71=PLANE('',#1089);
#72=PLANE('',#1094);
#73=PLANE('',#1102);
#74=PLANE('',#1109);
#75=PLANE('',#1111);
#76=PLANE('',#1113);
#77=PLANE('',#1114);
#78=PLANE('',#1120);
#79=PLANE('',#1122);
#80=PLANE('',#1123);
#81=FACE_OUTER_BOUND('',#138,.T.);
#82=FACE_OUTER_BOUND('',#139,.T.);
#83=FACE_OUTER_BOUND('',#140,.T.);
#84=FACE_OUTER_BOUND('',#141,.T.);
#85=FACE_OUTER_BOUND('',#142,.T.);
#86=FACE_OUTER_BOUND('',#143,.T.);
#87=FACE_OUTER_BOUND('',#144,.T.);
#88=FACE_OUTER_BOUND('',#145,.T.);
#89=FACE_OUTER_BOUND('',#146,.T.);
#90=FACE_OUTER_BOUND('',#148,.T.);
#91=FACE_OUTER_BOUND('',#149,.T.);
#92=FACE_OUTER_BOUND('',#151,.T.);
#93=FACE_OUTER_BOUND('',#152,.T.);
#94=FACE_OUTER_BOUND('',#154,.T.);
#95=FACE_OUTER_BOUND('',#155,.T.);
#96=FACE_OUTER_BOUND('',#157,.T.);
#97=FACE_OUTER_BOUND('',#158,.T.);
#98=FACE_OUTER_BOUND('',#160,.T.);
#99=FACE_OUTER_BOUND('',#161,.T.);
#100=FACE_OUTER_BOUND('',#167,.T.);
#101=FACE_OUTER_BOUND('',#168,.T.);
#102=FACE_OUTER_BOUND('',#169,.T.);
#103=FACE_OUTER_BOUND('',#170,.T.);
#104=FACE_OUTER_BOUND('',#171,.T.);
#105=FACE_OUTER_BOUND('',#172,.T.);
#106=FACE_OUTER_BOUND('',#174,.T.);
#107=FACE_OUTER_BOUND('',#175,.T.);
#108=FACE_OUTER_BOUND('',#177,.T.);
#109=FACE_OUTER_BOUND('',#178,.T.);
#110=FACE_OUTER_BOUND('',#180,.T.);
#111=FACE_OUTER_BOUND('',#181,.T.);
#112=FACE_OUTER_BOUND('',#183,.T.);
#113=FACE_OUTER_BOUND('',#184,.T.);
#114=FACE_OUTER_BOUND('',#185,.T.);
#115=FACE_OUTER_BOUND('',#186,.T.);
#116=FACE_OUTER_BOUND('',#187,.T.);
#117=FACE_OUTER_BOUND('',#188,.T.);
#118=FACE_OUTER_BOUND('',#189,.T.);
#119=FACE_OUTER_BOUND('',#190,.T.);
#120=FACE_OUTER_BOUND('',#191,.T.);
#121=FACE_OUTER_BOUND('',#192,.T.);
#122=FACE_OUTER_BOUND('',#193,.T.);
#123=FACE_OUTER_BOUND('',#194,.T.);
#124=FACE_OUTER_BOUND('',#195,.T.);
#125=FACE_OUTER_BOUND('',#197,.T.);
#126=FACE_OUTER_BOUND('',#198,.T.);
#127=FACE_OUTER_BOUND('',#200,.T.);
#128=FACE_OUTER_BOUND('',#201,.T.);
#129=FACE_OUTER_BOUND('',#202,.T.);
#130=FACE_OUTER_BOUND('',#203,.T.);
#131=FACE_OUTER_BOUND('',#204,.T.);
#132=FACE_OUTER_BOUND('',#205,.T.);
#133=FACE_OUTER_BOUND('',#206,.T.);
#134=FACE_OUTER_BOUND('',#207,.T.);
#135=FACE_OUTER_BOUND('',#208,.T.);
#136=FACE_OUTER_BOUND('',#211,.T.);
#137=FACE_OUTER_BOUND('',#212,.T.);
#138=EDGE_LOOP('',(#638,#639,#640,#641));
#139=EDGE_LOOP('',(#642,#643,#644,#645));
#140=EDGE_LOOP('',(#646,#647,#648,#649));
#141=EDGE_LOOP('',(#650,#651,#652,#653));
#142=EDGE_LOOP('',(#654,#655,#656,#657));
#143=EDGE_LOOP('',(#658,#659,#660,#661));
#144=EDGE_LOOP('',(#662,#663,#664,#665));
#145=EDGE_LOOP('',(#666,#667,#668,#669));
#146=EDGE_LOOP('',(#670));
#147=EDGE_LOOP('',(#671));
#148=EDGE_LOOP('',(#672,#673,#674,#675));
#149=EDGE_LOOP('',(#676));
#150=EDGE_LOOP('',(#677));
#151=EDGE_LOOP('',(#678,#679,#680,#681));
#152=EDGE_LOOP('',(#682));
#153=EDGE_LOOP('',(#683));
#154=EDGE_LOOP('',(#684,#685,#686,#687));
#155=EDGE_LOOP('',(#688));
#156=EDGE_LOOP('',(#689));
#157=EDGE_LOOP('',(#690,#691,#692,#693));
#158=EDGE_LOOP('',(#694));
#159=EDGE_LOOP('',(#695));
#160=EDGE_LOOP('',(#696,#697,#698,#699,#700,#701));
#161=EDGE_LOOP('',(#702,#703,#704,#705,#706,#707,#708,#709));
#162=EDGE_LOOP('',(#710));
#163=EDGE_LOOP('',(#711));
#164=EDGE_LOOP('',(#712));
#165=EDGE_LOOP('',(#713));
#166=EDGE_LOOP('',(#714));
#167=EDGE_LOOP('',(#715,#716,#717,#718));
#168=EDGE_LOOP('',(#719,#720,#721,#722,#723,#724,#725));
#169=EDGE_LOOP('',(#726,#727,#728,#729));
#170=EDGE_LOOP('',(#730,#731,#732,#733));
#171=EDGE_LOOP('',(#734,#735,#736,#737));
#172=EDGE_LOOP('',(#738));
#173=EDGE_LOOP('',(#739));
#174=EDGE_LOOP('',(#740,#741,#742,#743));
#175=EDGE_LOOP('',(#744));
#176=EDGE_LOOP('',(#745));
#177=EDGE_LOOP('',(#746,#747,#748,#749));
#178=EDGE_LOOP('',(#750));
#179=EDGE_LOOP('',(#751));
#180=EDGE_LOOP('',(#752,#753,#754,#755));
#181=EDGE_LOOP('',(#756));
#182=EDGE_LOOP('',(#757));
#183=EDGE_LOOP('',(#758,#759,#760,#761));
#184=EDGE_LOOP('',(#762,#763,#764,#765,#766,#767));
#185=EDGE_LOOP('',(#768,#769,#770,#771));
#186=EDGE_LOOP('',(#772,#773,#774,#775));
#187=EDGE_LOOP('',(#776,#777,#778,#779));
#188=EDGE_LOOP('',(#780,#781,#782,#783,#784,#785,#786,#787,#788,#789));
#189=EDGE_LOOP('',(#790,#791,#792,#793));
#190=EDGE_LOOP('',(#794,#795,#796,#797));
#191=EDGE_LOOP('',(#798,#799,#800,#801));
#192=EDGE_LOOP('',(#802,#803,#804,#805));
#193=EDGE_LOOP('',(#806,#807,#808,#809));
#194=EDGE_LOOP('',(#810,#811,#812,#813));
#195=EDGE_LOOP('',(#814,#815,#816,#817,#818,#819,#820,#821,#822,#823,#824,
#825,#826,#827,#828,#829));
#196=EDGE_LOOP('',(#830));
#197=EDGE_LOOP('',(#831,#832,#833,#834));
#198=EDGE_LOOP('',(#835,#836,#837,#838,#839,#840,#841,#842,#843,#844,#845,
#846,#847,#848,#849,#850,#851,#852));
#199=EDGE_LOOP('',(#853));
#200=EDGE_LOOP('',(#854,#855,#856,#857));
#201=EDGE_LOOP('',(#858,#859,#860,#861));
#202=EDGE_LOOP('',(#862,#863,#864,#865));
#203=EDGE_LOOP('',(#866,#867,#868,#869));
#204=EDGE_LOOP('',(#870,#871,#872,#873));
#205=EDGE_LOOP('',(#874,#875,#876,#877));
#206=EDGE_LOOP('',(#878,#879,#880,#881,#882,#883));
#207=EDGE_LOOP('',(#884,#885,#886,#887));
#208=EDGE_LOOP('',(#888,#889,#890,#891,#892,#893,#894,#895,#896,#897,#898,
#899,#900,#901,#902,#903,#904,#905,#906,#907));
#209=EDGE_LOOP('',(#908));
#210=EDGE_LOOP('',(#909));
#211=EDGE_LOOP('',(#910,#911,#912,#913,#914,#915));
#212=EDGE_LOOP('',(#916,#917,#918,#919));
#213=LINE('',#1417,#280);
#214=LINE('',#1420,#281);
#215=LINE('',#1423,#282);
#216=LINE('',#1425,#283);
#217=LINE('',#1426,#284);
#218=LINE('',#1431,#285);
#219=LINE('',#1438,#286);
#220=LINE('',#1441,#287);
#221=LINE('',#1446,#288);
#222=LINE('',#1452,#289);
#223=LINE('',#1458,#290);
#224=LINE('',#1464,#291);
#225=LINE('',#1475,#292);
#226=LINE('',#1482,#293);
#227=LINE('',#1489,#294);
#228=LINE('',#1496,#295);
#229=LINE('',#1503,#296);
#230=LINE('',#1504,#297);
#231=LINE('',#1505,#298);
#232=LINE('',#1508,#299);
#233=LINE('',#1511,#300);
#234=LINE('',#1518,#301);
#235=LINE('',#1519,#302);
#236=LINE('',#1528,#303);
#237=LINE('',#1556,#304);
#238=LINE('',#1574,#305);
#239=LINE('',#1576,#306);
#240=LINE('',#1581,#307);
#241=LINE('',#1585,#308);
#242=LINE('',#1588,#309);
#243=LINE('',#1589,#310);
#244=LINE('',#1596,#311);
#245=LINE('',#1603,#312);
#246=LINE('',#1610,#313);
#247=LINE('',#1617,#314);
#248=LINE('',#1622,#315);
#249=LINE('',#1623,#316);
#250=LINE('',#1627,#317);
#251=LINE('',#1631,#318);
#252=LINE('',#1635,#319);
#253=LINE('',#1637,#320);
#254=LINE('',#1640,#321);
#255=LINE('',#1641,#322);
#256=LINE('',#1693,#323);
#257=LINE('',#1696,#324);
#258=LINE('',#1701,#325);
#259=LINE('',#1702,#326);
#260=LINE('',#1707,#327);
#261=LINE('',#1708,#328);
#262=LINE('',#1710,#329);
#263=LINE('',#1711,#330);
#264=LINE('',#1716,#331);
#265=LINE('',#1717,#332);
#266=LINE('',#1722,#333);
#267=LINE('',#1723,#334);
#268=LINE('',#1725,#335);
#269=LINE('',#1727,#336);
#270=LINE('',#1731,#337);
#271=LINE('',#1732,#338);
#272=LINE('',#1742,#339);
#273=LINE('',#1755,#340);
#274=LINE('',#1769,#341);
#275=LINE('',#2030,#342);
#276=LINE('',#2195,#343);
#277=LINE('',#2199,#344);
#278=LINE('',#2363,#345);
#279=LINE('',#2364,#346);
#280=VECTOR('',#1132,10.);
#281=VECTOR('',#1135,10.);
#282=VECTOR('',#1138,10.);
#283=VECTOR('',#1139,10.);
#284=VECTOR('',#1140,10.);
#285=VECTOR('',#1145,10.);
#286=VECTOR('',#1152,10.);
#287=VECTOR('',#1155,10.);
#288=VECTOR('',#1160,1.60000000000004);
#289=VECTOR('',#1167,1.6);
#290=VECTOR('',#1174,1.6);
#291=VECTOR('',#1181,1.6);
#292=VECTOR('',#1194,2.34999999999999);
#293=VECTOR('',#1203,2.35000000000003);
#294=VECTOR('',#1212,2.34999999999999);
#295=VECTOR('',#1221,2.34999999999999);
#296=VECTOR('',#1230,10.);
#297=VECTOR('',#1231,10.);
#298=VECTOR('',#1232,10.);
#299=VECTOR('',#1235,10.);
#300=VECTOR('',#1238,10.);
#301=VECTOR('',#1245,10.);
#302=VECTOR('',#1246,10.);
#303=VECTOR('',#1249,10.);
#304=VECTOR('',#1250,10.);
#305=VECTOR('',#1253,10.);
#306=VECTOR('',#1254,10.);
#307=VECTOR('',#1259,10.);
#308=VECTOR('',#1262,10.);
#309=VECTOR('',#1267,10.);
#310=VECTOR('',#1268,10.);
#311=VECTOR('',#1277,2.34999999999999);
#312=VECTOR('',#1286,2.34999999999999);
#313=VECTOR('',#1295,2.34999999999999);
#314=VECTOR('',#1304,2.35000000000003);
#315=VECTOR('',#1309,10.);
#316=VECTOR('',#1310,10.);
#317=VECTOR('',#1313,10.);
#318=VECTOR('',#1316,10.);
#319=VECTOR('',#1321,10.);
#320=VECTOR('',#1322,10.);
#321=VECTOR('',#1327,10.);
#322=VECTOR('',#1328,10.);
#323=VECTOR('',#1335,17.65);
#324=VECTOR('',#1340,3.99999999999999);
#325=VECTOR('',#1345,10.);
#326=VECTOR('',#1346,10.);
#327=VECTOR('',#1351,10.);
#328=VECTOR('',#1352,10.);
#329=VECTOR('',#1355,10.);
#330=VECTOR('',#1356,10.);
#331=VECTOR('',#1361,10.);
#332=VECTOR('',#1362,10.);
#333=VECTOR('',#1367,10.);
#334=VECTOR('',#1368,10.);
#335=VECTOR('',#1371,10.);
#336=VECTOR('',#1374,10.);
#337=VECTOR('',#1377,10.);
#338=VECTOR('',#1378,10.);
#339=VECTOR('',#1379,10.);
#340=VECTOR('',#1380,10.);
#341=VECTOR('',#1381,10.);
#342=VECTOR('',#1388,10.);
#343=VECTOR('',#1393,10.);
#344=VECTOR('',#1398,10.);
#345=VECTOR('',#1403,10.);
#346=VECTOR('',#1404,10.);
#347=CIRCLE('',#1019,3.);
#348=CIRCLE('',#1020,3.);
#349=CIRCLE('',#1023,3.);
#350=CIRCLE('',#1024,3.);
#351=CIRCLE('',#1026,3.);
#352=CIRCLE('',#1027,3.);
#353=CIRCLE('',#1029,1.60000000000004);
#354=CIRCLE('',#1030,1.60000000000004);
#355=CIRCLE('',#1032,1.6);
#356=CIRCLE('',#1033,1.6);
#357=CIRCLE('',#1035,1.6);
#358=CIRCLE('',#1036,1.6);
#359=CIRCLE('',#1038,1.6);
#360=CIRCLE('',#1039,1.6);
#361=CIRCLE('',#1041,17.65);
#362=CIRCLE('',#1042,3.99999999999999);
#363=CIRCLE('',#1044,2.34999999999999);
#364=CIRCLE('',#1045,2.34999999999999);
#365=CIRCLE('',#1048,2.35000000000003);
#366=CIRCLE('',#1049,2.35000000000003);
#367=CIRCLE('',#1052,2.34999999999999);
#368=CIRCLE('',#1053,2.34999999999999);
#369=CIRCLE('',#1056,2.34999999999999);
#370=CIRCLE('',#1057,2.34999999999999);
#371=CIRCLE('',#1060,12.6);
#372=CIRCLE('',#1062,3.);
#373=CIRCLE('',#1063,3.99999999999999);
#374=CIRCLE('',#1065,3.);
#375=CIRCLE('',#1068,12.6);
#376=CIRCLE('',#1070,15.6);
#377=CIRCLE('',#1071,15.6);
#378=CIRCLE('',#1074,2.34999999999999);
#379=CIRCLE('',#1076,2.34999999999999);
#380=CIRCLE('',#1078,2.34999999999999);
#381=CIRCLE('',#1080,2.34999999999999);
#382=CIRCLE('',#1082,2.34999999999999);
#383=CIRCLE('',#1084,2.34999999999999);
#384=CIRCLE('',#1086,2.35000000000003);
#385=CIRCLE('',#1088,2.35000000000003);
#386=CIRCLE('',#1090,12.6);
#387=CIRCLE('',#1092,15.6);
#388=CIRCLE('',#1093,15.6);
#389=CIRCLE('',#1095,12.6);
#390=CIRCLE('',#1098,17.65);
#391=CIRCLE('',#1099,17.65);
#392=CIRCLE('',#1100,17.65);
#393=CIRCLE('',#1103,13.4);
#394=CIRCLE('',#1105,10.4);
#395=CIRCLE('',#1108,10.4);
#396=CIRCLE('',#1110,13.4);
#397=CIRCLE('',#1115,12.4933443738597);
#398=CIRCLE('',#1116,14.8927224158129);
#399=CIRCLE('',#1117,15.5926662450916);
#400=CIRCLE('',#1119,15.5926669486254);
#401=CIRCLE('',#1121,14.8927225465739);
#402=CIRCLE('',#1124,12.4933443738597);
#403=VERTEX_POINT('',#1413);
#404=VERTEX_POINT('',#1414);
#405=VERTEX_POINT('',#1416);
#406=VERTEX_POINT('',#1418);
#407=VERTEX_POINT('',#1422);
#408=VERTEX_POINT('',#1424);
#409=VERTEX_POINT('',#1428);
#410=VERTEX_POINT('',#1430);
#411=VERTEX_POINT('',#1434);
#412=VERTEX_POINT('',#1435);
#413=VERTEX_POINT('',#1437);
#414=VERTEX_POINT('',#1439);
#415=VERTEX_POINT('',#1443);
#416=VERTEX_POINT('',#1445);
#417=VERTEX_POINT('',#1449);
#418=VERTEX_POINT('',#1451);
#419=VERTEX_POINT('',#1455);
#420=VERTEX_POINT('',#1457);
#421=VERTEX_POINT('',#1461);
#422=VERTEX_POINT('',#1463);
#423=VERTEX_POINT('',#1467);
#424=VERTEX_POINT('',#1469);
#425=VERTEX_POINT('',#1472);
#426=VERTEX_POINT('',#1474);
#427=VERTEX_POINT('',#1479);
#428=VERTEX_POINT('',#1481);
#429=VERTEX_POINT('',#1486);
#430=VERTEX_POINT('',#1488);
#431=VERTEX_POINT('',#1493);
#432=VERTEX_POINT('',#1495);
#433=VERTEX_POINT('',#1500);
#434=VERTEX_POINT('',#1501);
#435=VERTEX_POINT('',#1507);
#436=VERTEX_POINT('',#1509);
#437=VERTEX_POINT('',#1512);
#438=VERTEX_POINT('',#1515);
#439=VERTEX_POINT('',#1516);
#440=VERTEX_POINT('',#1521);
#441=VERTEX_POINT('',#1522);
#442=VERTEX_POINT('',#1527);
#443=VERTEX_POINT('',#1529);
#444=VERTEX_POINT('',#1542);
#445=VERTEX_POINT('',#1555);
#446=VERTEX_POINT('',#1557);
#447=VERTEX_POINT('',#1573);
#448=VERTEX_POINT('',#1575);
#449=VERTEX_POINT('',#1579);
#450=VERTEX_POINT('',#1580);
#451=VERTEX_POINT('',#1582);
#452=VERTEX_POINT('',#1584);
#453=VERTEX_POINT('',#1591);
#454=VERTEX_POINT('',#1594);
#455=VERTEX_POINT('',#1598);
#456=VERTEX_POINT('',#1601);
#457=VERTEX_POINT('',#1605);
#458=VERTEX_POINT('',#1608);
#459=VERTEX_POINT('',#1612);
#460=VERTEX_POINT('',#1615);
#461=VERTEX_POINT('',#1619);
#462=VERTEX_POINT('',#1620);
#463=VERTEX_POINT('',#1625);
#464=VERTEX_POINT('',#1626);
#465=VERTEX_POINT('',#1628);
#466=VERTEX_POINT('',#1630);
#467=VERTEX_POINT('',#1634);
#468=VERTEX_POINT('',#1636);
#469=VERTEX_POINT('',#1643);
#470=VERTEX_POINT('',#1644);
#471=VERTEX_POINT('',#1667);
#472=VERTEX_POINT('',#1669);
#473=VERTEX_POINT('',#1698);
#474=VERTEX_POINT('',#1699);
#475=VERTEX_POINT('',#1704);
#476=VERTEX_POINT('',#1705);
#477=VERTEX_POINT('',#1713);
#478=VERTEX_POINT('',#1714);
#479=VERTEX_POINT('',#1719);
#480=VERTEX_POINT('',#1720);
#481=VERTEX_POINT('',#1729);
#482=VERTEX_POINT('',#1730);
#483=VERTEX_POINT('',#1733);
#484=VERTEX_POINT('',#1741);
#485=VERTEX_POINT('',#1743);
#486=VERTEX_POINT('',#1754);
#487=VERTEX_POINT('',#1756);
#488=VERTEX_POINT('',#1786);
#489=VERTEX_POINT('',#1838);
#490=VERTEX_POINT('',#2013);
#491=VERTEX_POINT('',#2026);
#492=VERTEX_POINT('',#2028);
#493=VERTEX_POINT('',#2175);
#494=VERTEX_POINT('',#2194);
#495=VERTEX_POINT('',#2198);
#496=VERTEX_POINT('',#2362);
#497=EDGE_CURVE('',#403,#404,#347,.T.);
#498=EDGE_CURVE('',#403,#405,#213,.T.);
#499=EDGE_CURVE('',#405,#406,#348,.T.);
#500=EDGE_CURVE('',#406,#404,#214,.T.);
#501=EDGE_CURVE('',#407,#403,#215,.T.);
#502=EDGE_CURVE('',#408,#407,#216,.T.);
#503=EDGE_CURVE('',#405,#408,#217,.T.);
#504=EDGE_CURVE('',#409,#407,#349,.T.);
#505=EDGE_CURVE('',#409,#410,#218,.T.);
#506=EDGE_CURVE('',#410,#408,#350,.T.);
#507=EDGE_CURVE('',#411,#412,#351,.T.);
#508=EDGE_CURVE('',#411,#413,#219,.T.);
#509=EDGE_CURVE('',#413,#414,#352,.T.);
#510=EDGE_CURVE('',#414,#412,#220,.T.);
#511=EDGE_CURVE('',#415,#415,#353,.T.);
#512=EDGE_CURVE('',#415,#416,#221,.T.);
#513=EDGE_CURVE('',#416,#416,#354,.T.);
#514=EDGE_CURVE('',#417,#417,#355,.T.);
#515=EDGE_CURVE('',#417,#418,#222,.T.);
#516=EDGE_CURVE('',#418,#418,#356,.T.);
#517=EDGE_CURVE('',#419,#419,#357,.T.);
#518=EDGE_CURVE('',#419,#420,#223,.T.);
#519=EDGE_CURVE('',#420,#420,#358,.T.);
#520=EDGE_CURVE('',#421,#421,#359,.T.);
#521=EDGE_CURVE('',#421,#422,#224,.T.);
#522=EDGE_CURVE('',#422,#422,#360,.T.);
#523=EDGE_CURVE('',#423,#423,#361,.F.);
#524=EDGE_CURVE('',#424,#424,#362,.T.);
#525=EDGE_CURVE('',#425,#425,#363,.T.);
#526=EDGE_CURVE('',#425,#426,#225,.T.);
#527=EDGE_CURVE('',#426,#426,#364,.T.);
#528=EDGE_CURVE('',#427,#427,#365,.T.);
#529=EDGE_CURVE('',#427,#428,#226,.T.);
#530=EDGE_CURVE('',#428,#428,#366,.T.);
#531=EDGE_CURVE('',#429,#429,#367,.T.);
#532=EDGE_CURVE('',#429,#430,#227,.T.);
#533=EDGE_CURVE('',#430,#430,#368,.T.);
#534=EDGE_CURVE('',#431,#431,#369,.T.);
#535=EDGE_CURVE('',#431,#432,#228,.T.);
#536=EDGE_CURVE('',#432,#432,#370,.T.);
#537=EDGE_CURVE('',#433,#434,#371,.T.);
#538=EDGE_CURVE('',#412,#434,#229,.T.);
#539=EDGE_CURVE('',#414,#410,#230,.T.);
#540=EDGE_CURVE('',#433,#409,#231,.T.);
#541=EDGE_CURVE('',#435,#413,#232,.T.);
#542=EDGE_CURVE('',#436,#435,#372,.T.);
#543=EDGE_CURVE('',#406,#436,#233,.T.);
#544=EDGE_CURVE('',#437,#437,#373,.T.);
#545=EDGE_CURVE('',#438,#439,#374,.T.);
#546=EDGE_CURVE('',#438,#436,#234,.T.);
#547=EDGE_CURVE('',#435,#439,#235,.T.);
#548=EDGE_CURVE('',#440,#441,#22,.T.);
#549=EDGE_CURVE('',#442,#440,#236,.T.);
#550=EDGE_CURVE('',#442,#443,#23,.T.);
#551=EDGE_CURVE('',#443,#444,#24,.T.);
#552=EDGE_CURVE('',#445,#444,#237,.T.);
#553=EDGE_CURVE('',#446,#445,#25,.T.);
#554=EDGE_CURVE('',#441,#446,#26,.T.);
#555=EDGE_CURVE('',#434,#447,#238,.T.);
#556=EDGE_CURVE('',#448,#433,#239,.T.);
#557=EDGE_CURVE('',#448,#447,#375,.T.);
#558=EDGE_CURVE('',#449,#450,#240,.T.);
#559=EDGE_CURVE('',#449,#451,#376,.F.);
#560=EDGE_CURVE('',#452,#451,#241,.T.);
#561=EDGE_CURVE('',#452,#450,#377,.T.);
#562=EDGE_CURVE('',#447,#449,#242,.T.);
#563=EDGE_CURVE('',#451,#448,#243,.T.);
#564=EDGE_CURVE('',#453,#453,#378,.T.);
#565=EDGE_CURVE('',#454,#454,#379,.T.);
#566=EDGE_CURVE('',#454,#453,#244,.T.);
#567=EDGE_CURVE('',#455,#455,#380,.T.);
#568=EDGE_CURVE('',#456,#456,#381,.T.);
#569=EDGE_CURVE('',#456,#455,#245,.T.);
#570=EDGE_CURVE('',#457,#457,#382,.T.);
#571=EDGE_CURVE('',#458,#458,#383,.T.);
#572=EDGE_CURVE('',#458,#457,#246,.T.);
#573=EDGE_CURVE('',#459,#459,#384,.T.);
#574=EDGE_CURVE('',#460,#460,#385,.T.);
#575=EDGE_CURVE('',#460,#459,#247,.T.);
#576=EDGE_CURVE('',#461,#462,#386,.T.);
#577=EDGE_CURVE('',#439,#462,#248,.T.);
#578=EDGE_CURVE('',#461,#411,#249,.T.);
#579=EDGE_CURVE('',#463,#464,#250,.T.);
#580=EDGE_CURVE('',#463,#465,#387,.T.);
#581=EDGE_CURVE('',#466,#465,#251,.T.);
#582=EDGE_CURVE('',#466,#464,#388,.F.);
#583=EDGE_CURVE('',#464,#467,#252,.T.);
#584=EDGE_CURVE('',#468,#466,#253,.T.);
#585=EDGE_CURVE('',#467,#468,#389,.T.);
#586=EDGE_CURVE('',#467,#461,#254,.T.);
#587=EDGE_CURVE('',#462,#468,#255,.T.);
#588=EDGE_CURVE('',#469,#470,#27,.T.);
#589=EDGE_CURVE('',#471,#470,#390,.T.);
#590=EDGE_CURVE('',#472,#471,#28,.T.);
#591=EDGE_CURVE('',#444,#472,#391,.T.);
#592=EDGE_CURVE('',#443,#423,#256,.T.);
#593=EDGE_CURVE('',#469,#442,#392,.T.);
#594=EDGE_CURVE('',#424,#437,#257,.T.);
#595=EDGE_CURVE('',#473,#474,#393,.T.);
#596=EDGE_CURVE('',#450,#473,#258,.F.);
#597=EDGE_CURVE('',#474,#452,#259,.F.);
#598=EDGE_CURVE('',#475,#476,#394,.T.);
#599=EDGE_CURVE('',#472,#475,#260,.T.);
#600=EDGE_CURVE('',#476,#471,#261,.T.);
#601=EDGE_CURVE('',#474,#475,#262,.T.);
#602=EDGE_CURVE('',#476,#473,#263,.T.);
#603=EDGE_CURVE('',#477,#478,#395,.T.);
#604=EDGE_CURVE('',#470,#477,#264,.T.);
#605=EDGE_CURVE('',#478,#469,#265,.T.);
#606=EDGE_CURVE('',#479,#480,#396,.T.);
#607=EDGE_CURVE('',#465,#479,#266,.F.);
#608=EDGE_CURVE('',#480,#463,#267,.F.);
#609=EDGE_CURVE('',#480,#477,#268,.T.);
#610=EDGE_CURVE('',#478,#479,#269,.T.);
#611=EDGE_CURVE('',#481,#482,#270,.T.);
#612=EDGE_CURVE('',#482,#438,#271,.T.);
#613=EDGE_CURVE('',#483,#440,#29,.T.);
#614=EDGE_CURVE('',#483,#484,#272,.T.);
#615=EDGE_CURVE('',#484,#485,#30,.T.);
#616=EDGE_CURVE('',#485,#486,#273,.T.);
#617=EDGE_CURVE('',#486,#487,#31,.T.);
#618=EDGE_CURVE('',#487,#481,#274,.T.);
#619=EDGE_CURVE('',#488,#483,#32,.T.);
#620=EDGE_CURVE('',#441,#488,#33,.T.);
#621=EDGE_CURVE('',#489,#488,#34,.T.);
#622=EDGE_CURVE('',#489,#446,#35,.T.);
#623=EDGE_CURVE('',#490,#489,#36,.T.);
#624=EDGE_CURVE('',#445,#490,#37,.T.);
#625=EDGE_CURVE('',#491,#481,#397,.T.);
#626=EDGE_CURVE('',#492,#487,#398,.T.);
#627=EDGE_CURVE('',#491,#492,#275,.T.);
#628=EDGE_CURVE('',#492,#493,#38,.T.);
#629=EDGE_CURVE('',#493,#486,#399,.T.);
#630=EDGE_CURVE('',#493,#494,#276,.T.);
#631=EDGE_CURVE('',#494,#485,#400,.T.);
#632=EDGE_CURVE('',#495,#490,#277,.T.);
#633=EDGE_CURVE('',#495,#484,#401,.T.);
#634=EDGE_CURVE('',#494,#495,#39,.T.);
#635=EDGE_CURVE('',#496,#491,#278,.T.);
#636=EDGE_CURVE('',#404,#496,#279,.T.);
#637=EDGE_CURVE('',#482,#496,#402,.T.);
#638=ORIENTED_EDGE('',*,*,#497,.F.);
#639=ORIENTED_EDGE('',*,*,#498,.T.);
#640=ORIENTED_EDGE('',*,*,#499,.T.);
#641=ORIENTED_EDGE('',*,*,#500,.T.);
#642=ORIENTED_EDGE('',*,*,#501,.F.);
#643=ORIENTED_EDGE('',*,*,#502,.F.);
#644=ORIENTED_EDGE('',*,*,#503,.F.);
#645=ORIENTED_EDGE('',*,*,#498,.F.);
#646=ORIENTED_EDGE('',*,*,#504,.F.);
#647=ORIENTED_EDGE('',*,*,#505,.T.);
#648=ORIENTED_EDGE('',*,*,#506,.T.);
#649=ORIENTED_EDGE('',*,*,#502,.T.);
#650=ORIENTED_EDGE('',*,*,#507,.F.);
#651=ORIENTED_EDGE('',*,*,#508,.T.);
#652=ORIENTED_EDGE('',*,*,#509,.T.);
#653=ORIENTED_EDGE('',*,*,#510,.T.);
#654=ORIENTED_EDGE('',*,*,#511,.T.);
#655=ORIENTED_EDGE('',*,*,#512,.T.);
#656=ORIENTED_EDGE('',*,*,#513,.T.);
#657=ORIENTED_EDGE('',*,*,#512,.F.);
#658=ORIENTED_EDGE('',*,*,#514,.T.);
#659=ORIENTED_EDGE('',*,*,#515,.T.);
#660=ORIENTED_EDGE('',*,*,#516,.T.);
#661=ORIENTED_EDGE('',*,*,#515,.F.);
#662=ORIENTED_EDGE('',*,*,#517,.T.);
#663=ORIENTED_EDGE('',*,*,#518,.T.);
#664=ORIENTED_EDGE('',*,*,#519,.T.);
#665=ORIENTED_EDGE('',*,*,#518,.F.);
#666=ORIENTED_EDGE('',*,*,#520,.T.);
#667=ORIENTED_EDGE('',*,*,#521,.T.);
#668=ORIENTED_EDGE('',*,*,#522,.T.);
#669=ORIENTED_EDGE('',*,*,#521,.F.);
#670=ORIENTED_EDGE('',*,*,#523,.F.);
#671=ORIENTED_EDGE('',*,*,#524,.T.);
#672=ORIENTED_EDGE('',*,*,#525,.F.);
#673=ORIENTED_EDGE('',*,*,#526,.T.);
#674=ORIENTED_EDGE('',*,*,#527,.T.);
#675=ORIENTED_EDGE('',*,*,#526,.F.);
#676=ORIENTED_EDGE('',*,*,#527,.F.);
#677=ORIENTED_EDGE('',*,*,#514,.F.);
#678=ORIENTED_EDGE('',*,*,#528,.F.);
#679=ORIENTED_EDGE('',*,*,#529,.T.);
#680=ORIENTED_EDGE('',*,*,#530,.T.);
#681=ORIENTED_EDGE('',*,*,#529,.F.);
#682=ORIENTED_EDGE('',*,*,#530,.F.);
#683=ORIENTED_EDGE('',*,*,#511,.F.);
#684=ORIENTED_EDGE('',*,*,#531,.F.);
#685=ORIENTED_EDGE('',*,*,#532,.T.);
#686=ORIENTED_EDGE('',*,*,#533,.T.);
#687=ORIENTED_EDGE('',*,*,#532,.F.);
#688=ORIENTED_EDGE('',*,*,#533,.F.);
#689=ORIENTED_EDGE('',*,*,#520,.F.);
#690=ORIENTED_EDGE('',*,*,#534,.F.);
#691=ORIENTED_EDGE('',*,*,#535,.T.);
#692=ORIENTED_EDGE('',*,*,#536,.T.);
#693=ORIENTED_EDGE('',*,*,#535,.F.);
#694=ORIENTED_EDGE('',*,*,#536,.F.);
#695=ORIENTED_EDGE('',*,*,#517,.F.);
#696=ORIENTED_EDGE('',*,*,#537,.T.);
#697=ORIENTED_EDGE('',*,*,#538,.F.);
#698=ORIENTED_EDGE('',*,*,#510,.F.);
#699=ORIENTED_EDGE('',*,*,#539,.T.);
#700=ORIENTED_EDGE('',*,*,#505,.F.);
#701=ORIENTED_EDGE('',*,*,#540,.F.);
#702=ORIENTED_EDGE('',*,*,#509,.F.);
#703=ORIENTED_EDGE('',*,*,#541,.F.);
#704=ORIENTED_EDGE('',*,*,#542,.F.);
#705=ORIENTED_EDGE('',*,*,#543,.F.);
#706=ORIENTED_EDGE('',*,*,#499,.F.);
#707=ORIENTED_EDGE('',*,*,#503,.T.);
#708=ORIENTED_EDGE('',*,*,#506,.F.);
#709=ORIENTED_EDGE('',*,*,#539,.F.);
#710=ORIENTED_EDGE('',*,*,#544,.T.);
#711=ORIENTED_EDGE('',*,*,#534,.T.);
#712=ORIENTED_EDGE('',*,*,#531,.T.);
#713=ORIENTED_EDGE('',*,*,#528,.T.);
#714=ORIENTED_EDGE('',*,*,#525,.T.);
#715=ORIENTED_EDGE('',*,*,#545,.F.);
#716=ORIENTED_EDGE('',*,*,#546,.T.);
#717=ORIENTED_EDGE('',*,*,#542,.T.);
#718=ORIENTED_EDGE('',*,*,#547,.T.);
#719=ORIENTED_EDGE('',*,*,#548,.F.);
#720=ORIENTED_EDGE('',*,*,#549,.F.);
#721=ORIENTED_EDGE('',*,*,#550,.T.);
#722=ORIENTED_EDGE('',*,*,#551,.T.);
#723=ORIENTED_EDGE('',*,*,#552,.F.);
#724=ORIENTED_EDGE('',*,*,#553,.F.);
#725=ORIENTED_EDGE('',*,*,#554,.F.);
#726=ORIENTED_EDGE('',*,*,#555,.F.);
#727=ORIENTED_EDGE('',*,*,#537,.F.);
#728=ORIENTED_EDGE('',*,*,#556,.F.);
#729=ORIENTED_EDGE('',*,*,#557,.T.);
#730=ORIENTED_EDGE('',*,*,#558,.F.);
#731=ORIENTED_EDGE('',*,*,#559,.T.);
#732=ORIENTED_EDGE('',*,*,#560,.F.);
#733=ORIENTED_EDGE('',*,*,#561,.T.);
#734=ORIENTED_EDGE('',*,*,#562,.F.);
#735=ORIENTED_EDGE('',*,*,#557,.F.);
#736=ORIENTED_EDGE('',*,*,#563,.F.);
#737=ORIENTED_EDGE('',*,*,#559,.F.);
#738=ORIENTED_EDGE('',*,*,#564,.F.);
#739=ORIENTED_EDGE('',*,*,#522,.F.);
#740=ORIENTED_EDGE('',*,*,#565,.F.);
#741=ORIENTED_EDGE('',*,*,#566,.T.);
#742=ORIENTED_EDGE('',*,*,#564,.T.);
#743=ORIENTED_EDGE('',*,*,#566,.F.);
#744=ORIENTED_EDGE('',*,*,#567,.F.);
#745=ORIENTED_EDGE('',*,*,#519,.F.);
#746=ORIENTED_EDGE('',*,*,#568,.F.);
#747=ORIENTED_EDGE('',*,*,#569,.T.);
#748=ORIENTED_EDGE('',*,*,#567,.T.);
#749=ORIENTED_EDGE('',*,*,#569,.F.);
#750=ORIENTED_EDGE('',*,*,#570,.F.);
#751=ORIENTED_EDGE('',*,*,#516,.F.);
#752=ORIENTED_EDGE('',*,*,#571,.F.);
#753=ORIENTED_EDGE('',*,*,#572,.T.);
#754=ORIENTED_EDGE('',*,*,#570,.T.);
#755=ORIENTED_EDGE('',*,*,#572,.F.);
#756=ORIENTED_EDGE('',*,*,#573,.F.);
#757=ORIENTED_EDGE('',*,*,#513,.F.);
#758=ORIENTED_EDGE('',*,*,#574,.F.);
#759=ORIENTED_EDGE('',*,*,#575,.T.);
#760=ORIENTED_EDGE('',*,*,#573,.T.);
#761=ORIENTED_EDGE('',*,*,#575,.F.);
#762=ORIENTED_EDGE('',*,*,#576,.T.);
#763=ORIENTED_EDGE('',*,*,#577,.F.);
#764=ORIENTED_EDGE('',*,*,#547,.F.);
#765=ORIENTED_EDGE('',*,*,#541,.T.);
#766=ORIENTED_EDGE('',*,*,#508,.F.);
#767=ORIENTED_EDGE('',*,*,#578,.F.);
#768=ORIENTED_EDGE('',*,*,#579,.F.);
#769=ORIENTED_EDGE('',*,*,#580,.T.);
#770=ORIENTED_EDGE('',*,*,#581,.F.);
#771=ORIENTED_EDGE('',*,*,#582,.T.);
#772=ORIENTED_EDGE('',*,*,#583,.F.);
#773=ORIENTED_EDGE('',*,*,#582,.F.);
#774=ORIENTED_EDGE('',*,*,#584,.F.);
#775=ORIENTED_EDGE('',*,*,#585,.F.);
#776=ORIENTED_EDGE('',*,*,#586,.F.);
#777=ORIENTED_EDGE('',*,*,#585,.T.);
#778=ORIENTED_EDGE('',*,*,#587,.F.);
#779=ORIENTED_EDGE('',*,*,#576,.F.);
#780=ORIENTED_EDGE('',*,*,#588,.T.);
#781=ORIENTED_EDGE('',*,*,#589,.F.);
#782=ORIENTED_EDGE('',*,*,#590,.F.);
#783=ORIENTED_EDGE('',*,*,#591,.F.);
#784=ORIENTED_EDGE('',*,*,#551,.F.);
#785=ORIENTED_EDGE('',*,*,#592,.T.);
#786=ORIENTED_EDGE('',*,*,#523,.T.);
#787=ORIENTED_EDGE('',*,*,#592,.F.);
#788=ORIENTED_EDGE('',*,*,#550,.F.);
#789=ORIENTED_EDGE('',*,*,#593,.F.);
#790=ORIENTED_EDGE('',*,*,#524,.F.);
#791=ORIENTED_EDGE('',*,*,#594,.T.);
#792=ORIENTED_EDGE('',*,*,#544,.F.);
#793=ORIENTED_EDGE('',*,*,#594,.F.);
#794=ORIENTED_EDGE('',*,*,#595,.F.);
#795=ORIENTED_EDGE('',*,*,#596,.F.);
#796=ORIENTED_EDGE('',*,*,#561,.F.);
#797=ORIENTED_EDGE('',*,*,#597,.F.);
#798=ORIENTED_EDGE('',*,*,#598,.F.);
#799=ORIENTED_EDGE('',*,*,#599,.F.);
#800=ORIENTED_EDGE('',*,*,#590,.T.);
#801=ORIENTED_EDGE('',*,*,#600,.F.);
#802=ORIENTED_EDGE('',*,*,#601,.T.);
#803=ORIENTED_EDGE('',*,*,#598,.T.);
#804=ORIENTED_EDGE('',*,*,#602,.T.);
#805=ORIENTED_EDGE('',*,*,#595,.T.);
#806=ORIENTED_EDGE('',*,*,#603,.F.);
#807=ORIENTED_EDGE('',*,*,#604,.F.);
#808=ORIENTED_EDGE('',*,*,#588,.F.);
#809=ORIENTED_EDGE('',*,*,#605,.F.);
#810=ORIENTED_EDGE('',*,*,#606,.F.);
#811=ORIENTED_EDGE('',*,*,#607,.F.);
#812=ORIENTED_EDGE('',*,*,#580,.F.);
#813=ORIENTED_EDGE('',*,*,#608,.F.);
#814=ORIENTED_EDGE('',*,*,#609,.F.);
#815=ORIENTED_EDGE('',*,*,#608,.T.);
#816=ORIENTED_EDGE('',*,*,#579,.T.);
#817=ORIENTED_EDGE('',*,*,#583,.T.);
#818=ORIENTED_EDGE('',*,*,#586,.T.);
#819=ORIENTED_EDGE('',*,*,#578,.T.);
#820=ORIENTED_EDGE('',*,*,#507,.T.);
#821=ORIENTED_EDGE('',*,*,#538,.T.);
#822=ORIENTED_EDGE('',*,*,#555,.T.);
#823=ORIENTED_EDGE('',*,*,#562,.T.);
#824=ORIENTED_EDGE('',*,*,#558,.T.);
#825=ORIENTED_EDGE('',*,*,#596,.T.);
#826=ORIENTED_EDGE('',*,*,#602,.F.);
#827=ORIENTED_EDGE('',*,*,#600,.T.);
#828=ORIENTED_EDGE('',*,*,#589,.T.);
#829=ORIENTED_EDGE('',*,*,#604,.T.);
#830=ORIENTED_EDGE('',*,*,#571,.T.);
#831=ORIENTED_EDGE('',*,*,#609,.T.);
#832=ORIENTED_EDGE('',*,*,#603,.T.);
#833=ORIENTED_EDGE('',*,*,#610,.T.);
#834=ORIENTED_EDGE('',*,*,#606,.T.);
#835=ORIENTED_EDGE('',*,*,#611,.T.);
#836=ORIENTED_EDGE('',*,*,#612,.T.);
#837=ORIENTED_EDGE('',*,*,#545,.T.);
#838=ORIENTED_EDGE('',*,*,#577,.T.);
#839=ORIENTED_EDGE('',*,*,#587,.T.);
#840=ORIENTED_EDGE('',*,*,#584,.T.);
#841=ORIENTED_EDGE('',*,*,#581,.T.);
#842=ORIENTED_EDGE('',*,*,#607,.T.);
#843=ORIENTED_EDGE('',*,*,#610,.F.);
#844=ORIENTED_EDGE('',*,*,#605,.T.);
#845=ORIENTED_EDGE('',*,*,#593,.T.);
#846=ORIENTED_EDGE('',*,*,#549,.T.);
#847=ORIENTED_EDGE('',*,*,#613,.F.);
#848=ORIENTED_EDGE('',*,*,#614,.T.);
#849=ORIENTED_EDGE('',*,*,#615,.T.);
#850=ORIENTED_EDGE('',*,*,#616,.T.);
#851=ORIENTED_EDGE('',*,*,#617,.T.);
#852=ORIENTED_EDGE('',*,*,#618,.T.);
#853=ORIENTED_EDGE('',*,*,#574,.T.);
#854=ORIENTED_EDGE('',*,*,#619,.T.);
#855=ORIENTED_EDGE('',*,*,#613,.T.);
#856=ORIENTED_EDGE('',*,*,#548,.T.);
#857=ORIENTED_EDGE('',*,*,#620,.T.);
#858=ORIENTED_EDGE('',*,*,#621,.T.);
#859=ORIENTED_EDGE('',*,*,#620,.F.);
#860=ORIENTED_EDGE('',*,*,#554,.T.);
#861=ORIENTED_EDGE('',*,*,#622,.F.);
#862=ORIENTED_EDGE('',*,*,#623,.T.);
#863=ORIENTED_EDGE('',*,*,#622,.T.);
#864=ORIENTED_EDGE('',*,*,#553,.T.);
#865=ORIENTED_EDGE('',*,*,#624,.T.);
#866=ORIENTED_EDGE('',*,*,#625,.T.);
#867=ORIENTED_EDGE('',*,*,#618,.F.);
#868=ORIENTED_EDGE('',*,*,#626,.F.);
#869=ORIENTED_EDGE('',*,*,#627,.F.);
#870=ORIENTED_EDGE('',*,*,#628,.F.);
#871=ORIENTED_EDGE('',*,*,#626,.T.);
#872=ORIENTED_EDGE('',*,*,#617,.F.);
#873=ORIENTED_EDGE('',*,*,#629,.F.);
#874=ORIENTED_EDGE('',*,*,#630,.F.);
#875=ORIENTED_EDGE('',*,*,#629,.T.);
#876=ORIENTED_EDGE('',*,*,#616,.F.);
#877=ORIENTED_EDGE('',*,*,#631,.F.);
#878=ORIENTED_EDGE('',*,*,#632,.F.);
#879=ORIENTED_EDGE('',*,*,#633,.T.);
#880=ORIENTED_EDGE('',*,*,#614,.F.);
#881=ORIENTED_EDGE('',*,*,#619,.F.);
#882=ORIENTED_EDGE('',*,*,#621,.F.);
#883=ORIENTED_EDGE('',*,*,#623,.F.);
#884=ORIENTED_EDGE('',*,*,#634,.F.);
#885=ORIENTED_EDGE('',*,*,#631,.T.);
#886=ORIENTED_EDGE('',*,*,#615,.F.);
#887=ORIENTED_EDGE('',*,*,#633,.F.);
#888=ORIENTED_EDGE('',*,*,#635,.T.);
#889=ORIENTED_EDGE('',*,*,#627,.T.);
#890=ORIENTED_EDGE('',*,*,#628,.T.);
#891=ORIENTED_EDGE('',*,*,#630,.T.);
#892=ORIENTED_EDGE('',*,*,#634,.T.);
#893=ORIENTED_EDGE('',*,*,#632,.T.);
#894=ORIENTED_EDGE('',*,*,#624,.F.);
#895=ORIENTED_EDGE('',*,*,#552,.T.);
#896=ORIENTED_EDGE('',*,*,#591,.T.);
#897=ORIENTED_EDGE('',*,*,#599,.T.);
#898=ORIENTED_EDGE('',*,*,#601,.F.);
#899=ORIENTED_EDGE('',*,*,#597,.T.);
#900=ORIENTED_EDGE('',*,*,#560,.T.);
#901=ORIENTED_EDGE('',*,*,#563,.T.);
#902=ORIENTED_EDGE('',*,*,#556,.T.);
#903=ORIENTED_EDGE('',*,*,#540,.T.);
#904=ORIENTED_EDGE('',*,*,#504,.T.);
#905=ORIENTED_EDGE('',*,*,#501,.T.);
#906=ORIENTED_EDGE('',*,*,#497,.T.);
#907=ORIENTED_EDGE('',*,*,#636,.T.);
#908=ORIENTED_EDGE('',*,*,#568,.T.);
#909=ORIENTED_EDGE('',*,*,#565,.T.);
#910=ORIENTED_EDGE('',*,*,#637,.T.);
#911=ORIENTED_EDGE('',*,*,#636,.F.);
#912=ORIENTED_EDGE('',*,*,#500,.F.);
#913=ORIENTED_EDGE('',*,*,#543,.T.);
#914=ORIENTED_EDGE('',*,*,#546,.F.);
#915=ORIENTED_EDGE('',*,*,#612,.F.);
#916=ORIENTED_EDGE('',*,*,#611,.F.);
#917=ORIENTED_EDGE('',*,*,#625,.F.);
#918=ORIENTED_EDGE('',*,*,#635,.F.);
#919=ORIENTED_EDGE('',*,*,#637,.F.);
#920=CYLINDRICAL_SURFACE('',#1018,3.);
#921=CYLINDRICAL_SURFACE('',#1022,3.);
#922=CYLINDRICAL_SURFACE('',#1025,3.);
#923=CYLINDRICAL_SURFACE('',#1028,1.60000000000004);
#924=CYLINDRICAL_SURFACE('',#1031,1.6);
#925=CYLINDRICAL_SURFACE('',#1034,1.6);
#926=CYLINDRICAL_SURFACE('',#1037,1.6);
#927=CYLINDRICAL_SURFACE('',#1043,2.34999999999999);
#928=CYLINDRICAL_SURFACE('',#1047,2.35000000000003);
#929=CYLINDRICAL_SURFACE('',#1051,2.34999999999999);
#930=CYLINDRICAL_SURFACE('',#1055,2.34999999999999);
#931=CYLINDRICAL_SURFACE('',#1064,3.);
#932=CYLINDRICAL_SURFACE('',#1066,10.4);
#933=CYLINDRICAL_SURFACE('',#1067,12.6);
#934=CYLINDRICAL_SURFACE('',#1069,15.6);
#935=CYLINDRICAL_SURFACE('',#1075,2.34999999999999);
#936=CYLINDRICAL_SURFACE('',#1079,2.34999999999999);
#937=CYLINDRICAL_SURFACE('',#1083,2.34999999999999);
#938=CYLINDRICAL_SURFACE('',#1087,2.35000000000003);
#939=CYLINDRICAL_SURFACE('',#1091,15.6);
#940=CYLINDRICAL_SURFACE('',#1096,12.6);
#941=CYLINDRICAL_SURFACE('',#1097,17.65);
#942=CYLINDRICAL_SURFACE('',#1101,3.99999999999999);
#943=CYLINDRICAL_SURFACE('',#1104,10.4);
#944=CYLINDRICAL_SURFACE('',#1107,10.4);
#945=CYLINDRICAL_SURFACE('',#1118,15.5926665968582);
#946=CYLINDRICAL_SURFACE('',#1125,12.4933443738597);
#947=ADVANCED_FACE('',(#81),#920,.T.);
#948=ADVANCED_FACE('',(#82),#58,.T.);
#949=ADVANCED_FACE('',(#83),#921,.T.);
#950=ADVANCED_FACE('',(#84),#922,.T.);
#951=ADVANCED_FACE('',(#85),#923,.F.);
#952=ADVANCED_FACE('',(#86),#924,.F.);
#953=ADVANCED_FACE('',(#87),#925,.F.);
#954=ADVANCED_FACE('',(#88),#926,.F.);
#955=ADVANCED_FACE('',(#89,#40),#59,.T.);
#956=ADVANCED_FACE('',(#90),#927,.F.);
#957=ADVANCED_FACE('',(#91,#41),#60,.F.);
#958=ADVANCED_FACE('',(#92),#928,.F.);
#959=ADVANCED_FACE('',(#93,#42),#61,.F.);
#960=ADVANCED_FACE('',(#94),#929,.F.);
#961=ADVANCED_FACE('',(#95,#43),#62,.F.);
#962=ADVANCED_FACE('',(#96),#930,.F.);
#963=ADVANCED_FACE('',(#97,#44),#63,.F.);
#964=ADVANCED_FACE('',(#98),#64,.T.);
#965=ADVANCED_FACE('',(#99,#45,#46,#47,#48,#49),#65,.F.);
#966=ADVANCED_FACE('',(#100),#931,.T.);
#967=ADVANCED_FACE('',(#101),#932,.F.);
#968=ADVANCED_FACE('',(#102),#933,.F.);
#969=ADVANCED_FACE('',(#103),#934,.F.);
#970=ADVANCED_FACE('',(#104),#66,.F.);
#971=ADVANCED_FACE('',(#105,#50),#67,.T.);
#972=ADVANCED_FACE('',(#106),#935,.F.);
#973=ADVANCED_FACE('',(#107,#51),#68,.T.);
#974=ADVANCED_FACE('',(#108),#936,.F.);
#975=ADVANCED_FACE('',(#109,#52),#69,.T.);
#976=ADVANCED_FACE('',(#110),#937,.F.);
#977=ADVANCED_FACE('',(#111,#53),#70,.T.);
#978=ADVANCED_FACE('',(#112),#938,.F.);
#979=ADVANCED_FACE('',(#113),#71,.T.);
#980=ADVANCED_FACE('',(#114),#939,.F.);
#981=ADVANCED_FACE('',(#115),#72,.F.);
#982=ADVANCED_FACE('',(#116),#940,.F.);
#983=ADVANCED_FACE('',(#117),#941,.F.);
#984=ADVANCED_FACE('',(#118),#942,.F.);
#985=ADVANCED_FACE('',(#119),#73,.T.);
#986=ADVANCED_FACE('',(#120),#943,.F.);
#987=ADVANCED_FACE('',(#121),#20,.F.);
#988=ADVANCED_FACE('',(#122),#944,.F.);
#989=ADVANCED_FACE('',(#123),#74,.T.);
#990=ADVANCED_FACE('',(#124,#54),#75,.T.);
#991=ADVANCED_FACE('',(#125),#21,.F.);
#992=ADVANCED_FACE('',(#126,#55),#76,.T.);
#993=ADVANCED_FACE('',(#127),#17,.T.);
#994=ADVANCED_FACE('',(#128),#18,.T.);
#995=ADVANCED_FACE('',(#129),#19,.T.);
#996=ADVANCED_FACE('',(#130),#77,.F.);
#997=ADVANCED_FACE('',(#131),#15,.F.);
#998=ADVANCED_FACE('',(#132),#945,.F.);
#999=ADVANCED_FACE('',(#133),#78,.F.);
#1000=ADVANCED_FACE('',(#134),#16,.F.);
#1001=ADVANCED_FACE('',(#135,#56,#57),#79,.T.);
#1002=ADVANCED_FACE('',(#136),#80,.T.);
#1003=ADVANCED_FACE('',(#137),#946,.F.);
#1004=CLOSED_SHELL('',(#947,#948,#949,#950,#951,#952,#953,#954,#955,#956,
#957,#958,#959,#960,#961,#962,#963,#964,#965,#966,#967,#968,#969,#970,#971,
#972,#973,#974,#975,#976,#977,#978,#979,#980,#981,#982,#983,#984,#985,#986,
#987,#988,#989,#990,#991,#992,#993,#994,#995,#996,#997,#998,#999,#1000,
#1001,#1002,#1003));
#1005=DERIVED_UNIT_ELEMENT(#1007,1.);
#1006=DERIVED_UNIT_ELEMENT(#2373,-3.);
#1007=(
MASS_UNIT()
NAMED_UNIT(*)
SI_UNIT(.KILO.,.GRAM.)
);
#1008=DERIVED_UNIT((#1005,#1006));
#1009=MEASURE_REPRESENTATION_ITEM('density measure',
POSITIVE_RATIO_MEASURE(7850.),#1008);
#1010=PROPERTY_DEFINITION_REPRESENTATION(#1015,#1012);
#1011=PROPERTY_DEFINITION_REPRESENTATION(#1016,#1013);
#1012=REPRESENTATION('material name',(#1014),#2370);
#1013=REPRESENTATION('density',(#1009),#2370);
#1014=DESCRIPTIVE_REPRESENTATION_ITEM('Steel','Steel');
#1015=PROPERTY_DEFINITION('material property','material name',#2380);
#1016=PROPERTY_DEFINITION('material property','density of part',#2380);
#1017=AXIS2_PLACEMENT_3D('',#1411,#1126,#1127);
#1018=AXIS2_PLACEMENT_3D('',#1412,#1128,#1129);
#1019=AXIS2_PLACEMENT_3D('',#1415,#1130,#1131);
#1020=AXIS2_PLACEMENT_3D('',#1419,#1133,#1134);
#1021=AXIS2_PLACEMENT_3D('',#1421,#1136,#1137);
#1022=AXIS2_PLACEMENT_3D('',#1427,#1141,#1142);
#1023=AXIS2_PLACEMENT_3D('',#1429,#1143,#1144);
#1024=AXIS2_PLACEMENT_3D('',#1432,#1146,#1147);
#1025=AXIS2_PLACEMENT_3D('',#1433,#1148,#1149);
#1026=AXIS2_PLACEMENT_3D('',#1436,#1150,#1151);
#1027=AXIS2_PLACEMENT_3D('',#1440,#1153,#1154);
#1028=AXIS2_PLACEMENT_3D('',#1442,#1156,#1157);
#1029=AXIS2_PLACEMENT_3D('',#1444,#1158,#1159);
#1030=AXIS2_PLACEMENT_3D('',#1447,#1161,#1162);
#1031=AXIS2_PLACEMENT_3D('',#1448,#1163,#1164);
#1032=AXIS2_PLACEMENT_3D('',#1450,#1165,#1166);
#1033=AXIS2_PLACEMENT_3D('',#1453,#1168,#1169);
#1034=AXIS2_PLACEMENT_3D('',#1454,#1170,#1171);
#1035=AXIS2_PLACEMENT_3D('',#1456,#1172,#1173);
#1036=AXIS2_PLACEMENT_3D('',#1459,#1175,#1176);
#1037=AXIS2_PLACEMENT_3D('',#1460,#1177,#1178);
#1038=AXIS2_PLACEMENT_3D('',#1462,#1179,#1180);
#1039=AXIS2_PLACEMENT_3D('',#1465,#1182,#1183);
#1040=AXIS2_PLACEMENT_3D('',#1466,#1184,#1185);
#1041=AXIS2_PLACEMENT_3D('',#1468,#1186,#1187);
#1042=AXIS2_PLACEMENT_3D('',#1470,#1188,#1189);
#1043=AXIS2_PLACEMENT_3D('',#1471,#1190,#1191);
#1044=AXIS2_PLACEMENT_3D('',#1473,#1192,#1193);
#1045=AXIS2_PLACEMENT_3D('',#1476,#1195,#1196);
#1046=AXIS2_PLACEMENT_3D('',#1477,#1197,#1198);
#1047=AXIS2_PLACEMENT_3D('',#1478,#1199,#1200);
#1048=AXIS2_PLACEMENT_3D('',#1480,#1201,#1202);
#1049=AXIS2_PLACEMENT_3D('',#1483,#1204,#1205);
#1050=AXIS2_PLACEMENT_3D('',#1484,#1206,#1207);
#1051=AXIS2_PLACEMENT_3D('',#1485,#1208,#1209);
#1052=AXIS2_PLACEMENT_3D('',#1487,#1210,#1211);
#1053=AXIS2_PLACEMENT_3D('',#1490,#1213,#1214);
#1054=AXIS2_PLACEMENT_3D('',#1491,#1215,#1216);
#1055=AXIS2_PLACEMENT_3D('',#1492,#1217,#1218);
#1056=AXIS2_PLACEMENT_3D('',#1494,#1219,#1220);
#1057=AXIS2_PLACEMENT_3D('',#1497,#1222,#1223);
#1058=AXIS2_PLACEMENT_3D('',#1498,#1224,#1225);
#1059=AXIS2_PLACEMENT_3D('',#1499,#1226,#1227);
#1060=AXIS2_PLACEMENT_3D('',#1502,#1228,#1229);
#1061=AXIS2_PLACEMENT_3D('',#1506,#1233,#1234);
#1062=AXIS2_PLACEMENT_3D('',#1510,#1236,#1237);
#1063=AXIS2_PLACEMENT_3D('',#1513,#1239,#1240);
#1064=AXIS2_PLACEMENT_3D('',#1514,#1241,#1242);
#1065=AXIS2_PLACEMENT_3D('',#1517,#1243,#1244);
#1066=AXIS2_PLACEMENT_3D('',#1520,#1247,#1248);
#1067=AXIS2_PLACEMENT_3D('',#1572,#1251,#1252);
#1068=AXIS2_PLACEMENT_3D('',#1577,#1255,#1256);
#1069=AXIS2_PLACEMENT_3D('',#1578,#1257,#1258);
#1070=AXIS2_PLACEMENT_3D('',#1583,#1260,#1261);
#1071=AXIS2_PLACEMENT_3D('',#1586,#1263,#1264);
#1072=AXIS2_PLACEMENT_3D('',#1587,#1265,#1266);
#1073=AXIS2_PLACEMENT_3D('',#1590,#1269,#1270);
#1074=AXIS2_PLACEMENT_3D('',#1592,#1271,#1272);
#1075=AXIS2_PLACEMENT_3D('',#1593,#1273,#1274);
#1076=AXIS2_PLACEMENT_3D('',#1595,#1275,#1276);
#1077=AXIS2_PLACEMENT_3D('',#1597,#1278,#1279);
#1078=AXIS2_PLACEMENT_3D('',#1599,#1280,#1281);
#1079=AXIS2_PLACEMENT_3D('',#1600,#1282,#1283);
#1080=AXIS2_PLACEMENT_3D('',#1602,#1284,#1285);
#1081=AXIS2_PLACEMENT_3D('',#1604,#1287,#1288);
#1082=AXIS2_PLACEMENT_3D('',#1606,#1289,#1290);
#1083=AXIS2_PLACEMENT_3D('',#1607,#1291,#1292);
#1084=AXIS2_PLACEMENT_3D('',#1609,#1293,#1294);
#1085=AXIS2_PLACEMENT_3D('',#1611,#1296,#1297);
#1086=AXIS2_PLACEMENT_3D('',#1613,#1298,#1299);
#1087=AXIS2_PLACEMENT_3D('',#1614,#1300,#1301);
#1088=AXIS2_PLACEMENT_3D('',#1616,#1302,#1303);
#1089=AXIS2_PLACEMENT_3D('',#1618,#1305,#1306);
#1090=AXIS2_PLACEMENT_3D('',#1621,#1307,#1308);
#1091=AXIS2_PLACEMENT_3D('',#1624,#1311,#1312);
#1092=AXIS2_PLACEMENT_3D('',#1629,#1314,#1315);
#1093=AXIS2_PLACEMENT_3D('',#1632,#1317,#1318);
#1094=AXIS2_PLACEMENT_3D('',#1633,#1319,#1320);
#1095=AXIS2_PLACEMENT_3D('',#1638,#1323,#1324);
#1096=AXIS2_PLACEMENT_3D('',#1639,#1325,#1326);
#1097=AXIS2_PLACEMENT_3D('',#1642,#1329,#1330);
#1098=AXIS2_PLACEMENT_3D('',#1668,#1331,#1332);
#1099=AXIS2_PLACEMENT_3D('',#1692,#1333,#1334);
#1100=AXIS2_PLACEMENT_3D('',#1694,#1336,#1337);
#1101=AXIS2_PLACEMENT_3D('',#1695,#1338,#1339);
#1102=AXIS2_PLACEMENT_3D('',#1697,#1341,#1342);
#1103=AXIS2_PLACEMENT_3D('',#1700,#1343,#1344);
#1104=AXIS2_PLACEMENT_3D('',#1703,#1347,#1348);
#1105=AXIS2_PLACEMENT_3D('',#1706,#1349,#1350);
#1106=AXIS2_PLACEMENT_3D('',#1709,#1353,#1354);
#1107=AXIS2_PLACEMENT_3D('',#1712,#1357,#1358);
#1108=AXIS2_PLACEMENT_3D('',#1715,#1359,#1360);
#1109=AXIS2_PLACEMENT_3D('',#1718,#1363,#1364);
#1110=AXIS2_PLACEMENT_3D('',#1721,#1365,#1366);
#1111=AXIS2_PLACEMENT_3D('',#1724,#1369,#1370);
#1112=AXIS2_PLACEMENT_3D('',#1726,#1372,#1373);
#1113=AXIS2_PLACEMENT_3D('',#1728,#1375,#1376);
#1114=AXIS2_PLACEMENT_3D('',#2025,#1382,#1383);
#1115=AXIS2_PLACEMENT_3D('',#2027,#1384,#1385);
#1116=AXIS2_PLACEMENT_3D('',#2029,#1386,#1387);
#1117=AXIS2_PLACEMENT_3D('',#2192,#1389,#1390);
#1118=AXIS2_PLACEMENT_3D('',#2193,#1391,#1392);
#1119=AXIS2_PLACEMENT_3D('',#2196,#1394,#1395);
#1120=AXIS2_PLACEMENT_3D('',#2197,#1396,#1397);
#1121=AXIS2_PLACEMENT_3D('',#2200,#1399,#1400);
#1122=AXIS2_PLACEMENT_3D('',#2361,#1401,#1402);
#1123=AXIS2_PLACEMENT_3D('',#2365,#1405,#1406);
#1124=AXIS2_PLACEMENT_3D('',#2366,#1407,#1408);
#1125=AXIS2_PLACEMENT_3D('',#2367,#1409,#1410);
#1126=DIRECTION('axis',(0.,0.,1.));
#1127=DIRECTION('refdir',(1.,0.,0.));
#1128=DIRECTION('center_axis',(1.19561730947561E-30,-1.,4.93038065763132E-31));
#1129=DIRECTION('ref_axis',(-0.707106781186552,5.49532360539436E-16,0.707106781186543));
#1130=DIRECTION('center_axis',(-1.47495072654096E-31,-1.,2.83276944882399E-16));
#1131=DIRECTION('ref_axis',(-0.707106781186552,5.49532360539436E-16,0.707106781186543));
#1132=DIRECTION('',(-1.19561730947561E-30,1.,-4.93038065763132E-31));
#1133=DIRECTION('center_axis',(1.19561730947561E-30,-1.,4.43734259186819E-31));
#1134=DIRECTION('ref_axis',(-0.707106781186552,5.49532360539436E-16,0.707106781186543));
#1135=DIRECTION('',(1.19561730947561E-30,-1.,4.93038065763132E-31));
#1136=DIRECTION('center_axis',(-4.9960036108132E-16,4.93038065763132E-31,
1.));
#1137=DIRECTION('ref_axis',(-1.,2.43166374034377E-28,-4.9960036108132E-16));
#1138=DIRECTION('',(-1.,5.9698087048361E-33,-4.9960036108132E-16));
#1139=DIRECTION('',(1.19561730947561E-30,-1.,4.93038065763132E-31));
#1140=DIRECTION('',(1.,-2.43166374034377E-28,4.9960036108132E-16));
#1141=DIRECTION('center_axis',(1.19561730947561E-30,-1.,4.93038065763132E-31));
#1142=DIRECTION('ref_axis',(0.707106781186547,-2.35513868802634E-16,0.707106781186548));
#1143=DIRECTION('center_axis',(-1.47495072654096E-31,-1.,2.83276944882399E-16));
#1144=DIRECTION('ref_axis',(0.707106781186547,-2.35513868802634E-16,0.707106781186548));
#1145=DIRECTION('',(-1.19561730947561E-30,1.,-4.93038065763132E-31));
#1146=DIRECTION('center_axis',(1.19561730947561E-30,-1.,4.43734259186819E-31));
#1147=DIRECTION('ref_axis',(0.707106781186547,-2.35513868802634E-16,0.707106781186548));
#1148=DIRECTION('center_axis',(1.19561730947561E-30,-1.,4.93038065763132E-31));
#1149=DIRECTION('ref_axis',(0.707106781186556,-5.49532360539437E-16,-0.707106781186539));
#1150=DIRECTION('center_axis',(-1.47495072654096E-31,-1.,2.83276944882399E-16));
#1151=DIRECTION('ref_axis',(0.707106781186556,-5.49532360539437E-16,-0.707106781186539));
#1152=DIRECTION('',(-1.19561730947561E-30,1.,-4.93038065763132E-31));
#1153=DIRECTION('center_axis',(1.19561730947561E-30,-1.,4.43734259186819E-31));
#1154=DIRECTION('ref_axis',(0.707106781186556,-5.49532360539437E-16,-0.707106781186539));
#1155=DIRECTION('',(1.19561730947561E-30,-1.,4.93038065763132E-31));
#1156=DIRECTION('center_axis',(1.19561730947561E-30,-1.,4.93038065763132E-31));
#1157=DIRECTION('ref_axis',(1.,1.2325951644078E-30,4.9960036108132E-16));
#1158=DIRECTION('center_axis',(-1.19561730947561E-30,1.,-4.43734259186819E-31));
#1159=DIRECTION('ref_axis',(1.,1.2325951644078E-30,4.9960036108132E-16));
#1160=DIRECTION('',(1.19561730947561E-30,-1.,4.93038065763132E-31));
#1161=DIRECTION('center_axis',(1.05409204552635E-30,-1.,2.83276944882399E-16));
#1162=DIRECTION('ref_axis',(1.,1.2325951644078E-30,4.9960036108132E-16));
#1163=DIRECTION('center_axis',(1.19561730947561E-30,-1.,4.93038065763132E-31));
#1164=DIRECTION('ref_axis',(1.,1.23259516440783E-30,4.9960036108132E-16));
#1165=DIRECTION('center_axis',(-1.19561730947561E-30,1.,-4.43734259186819E-31));
#1166=DIRECTION('ref_axis',(1.,1.23259516440783E-30,4.9960036108132E-16));
#1167=DIRECTION('',(1.19561730947561E-30,-1.,4.93038065763132E-31));
#1168=DIRECTION('center_axis',(1.05409204552635E-30,-1.,2.83276944882399E-16));
#1169=DIRECTION('ref_axis',(1.,1.23259516440783E-30,4.9960036108132E-16));
#1170=DIRECTION('center_axis',(1.19561730947561E-30,-1.,4.93038065763132E-31));
#1171=DIRECTION('ref_axis',(1.,1.23259516440783E-30,4.9960036108132E-16));
#1172=DIRECTION('center_axis',(-1.19561730947561E-30,1.,-4.43734259186819E-31));
#1173=DIRECTION('ref_axis',(1.,1.23259516440783E-30,4.9960036108132E-16));
#1174=DIRECTION('',(1.19561730947561E-30,-1.,4.93038065763132E-31));
#1175=DIRECTION('center_axis',(1.05409204552635E-30,-1.,2.83276944882399E-16));
#1176=DIRECTION('ref_axis',(1.,1.23259516440783E-30,4.9960036108132E-16));
#1177=DIRECTION('center_axis',(1.19561730947561E-30,-1.,4.93038065763132E-31));
#1178=DIRECTION('ref_axis',(1.,1.23259516440783E-30,4.9960036108132E-16));
#1179=DIRECTION('center_axis',(-1.19561730947561E-30,1.,-4.43734259186819E-31));
#1180=DIRECTION('ref_axis',(1.,1.23259516440783E-30,4.9960036108132E-16));
#1181=DIRECTION('',(1.19561730947561E-30,-1.,4.93038065763132E-31));
#1182=DIRECTION('center_axis',(1.05409204552635E-30,-1.,2.83276944882399E-16));
#1183=DIRECTION('ref_axis',(1.,1.23259516440783E-30,4.9960036108132E-16));
#1184=DIRECTION('center_axis',(4.74549138297016E-30,-1.,1.92284845647622E-30));
#1185=DIRECTION('ref_axis',(1.97215226305253E-31,-1.92284845647622E-30,
-1.));
#1186=DIRECTION('center_axis',(4.74549138297016E-30,-1.,1.92284845647622E-30));
#1187=DIRECTION('ref_axis',(1.,-5.72833550274184E-16,4.99600361081321E-16));
#1188=DIRECTION('center_axis',(-4.74549138297016E-30,1.,-1.92284845647622E-30));
#1189=DIRECTION('ref_axis',(1.,-5.9211894646675E-16,4.9960036108132E-16));
#1190=DIRECTION('center_axis',(1.19561730947561E-30,-1.,4.93038065763132E-31));
#1191=DIRECTION('ref_axis',(1.,1.15391887731797E-30,4.9960036108132E-16));
#1192=DIRECTION('center_axis',(1.19561730947561E-30,-1.,4.43734259186819E-31));
#1193=DIRECTION('ref_axis',(1.,1.15391887731797E-30,4.9960036108132E-16));
#1194=DIRECTION('',(1.19561730947561E-30,-1.,4.93038065763132E-31));
#1195=DIRECTION('center_axis',(-2.43252655695885E-28,-1.,-3.0371144851009E-29));
#1196=DIRECTION('ref_axis',(1.,-2.43267079681853E-28,4.9960036108132E-16));
#1197=DIRECTION('center_axis',(1.19561730947561E-30,-1.,4.43734259186819E-31));
#1198=DIRECTION('ref_axis',(1.,1.18329135783152E-30,4.9960036108132E-16));
#1199=DIRECTION('center_axis',(1.19561730947561E-30,-1.,4.93038065763132E-31));
#1200=DIRECTION('ref_axis',(1.,1.15391887731796E-30,4.9960036108132E-16));
#1201=DIRECTION('center_axis',(1.19561730947561E-30,-1.,4.43734259186819E-31));
#1202=DIRECTION('ref_axis',(1.,1.15391887731796E-30,4.9960036108132E-16));
#1203=DIRECTION('',(1.19561730947561E-30,-1.,4.93038065763132E-31));
#1204=DIRECTION('center_axis',(-2.43252655695885E-28,-1.,-3.0371144851009E-29));
#1205=DIRECTION('ref_axis',(1.,-2.43896489978568E-28,4.9960036108132E-16));
#1206=DIRECTION('center_axis',(1.19561730947561E-30,-1.,4.43734259186819E-31));
#1207=DIRECTION('ref_axis',(1.,1.18329135783152E-30,4.9960036108132E-16));
#1208=DIRECTION('center_axis',(1.19561730947561E-30,-1.,4.93038065763132E-31));
#1209=DIRECTION('ref_axis',(1.,1.15391887731797E-30,4.9960036108132E-16));
#1210=DIRECTION('center_axis',(1.19561730947561E-30,-1.,4.43734259186819E-31));
#1211=DIRECTION('ref_axis',(1.,1.15391887731797E-30,4.9960036108132E-16));
#1212=DIRECTION('',(1.19561730947561E-30,-1.,4.93038065763132E-31));
#1213=DIRECTION('center_axis',(-2.43252655695885E-28,-1.,-3.0371144851009E-29));
#1214=DIRECTION('ref_axis',(1.,-2.43267079681853E-28,4.9960036108132E-16));
#1215=DIRECTION('center_axis',(1.19561730947561E-30,-1.,4.43734259186819E-31));
#1216=DIRECTION('ref_axis',(1.,1.18329135783152E-30,4.9960036108132E-16));
#1217=DIRECTION('center_axis',(1.19561730947561E-30,-1.,4.93038065763132E-31));
#1218=DIRECTION('ref_axis',(1.,1.15391887731797E-30,4.9960036108132E-16));
#1219=DIRECTION('center_axis',(1.19561730947561E-30,-1.,4.43734259186819E-31));
#1220=DIRECTION('ref_axis',(1.,1.15391887731797E-30,4.9960036108132E-16));
#1221=DIRECTION('',(1.19561730947561E-30,-1.,4.93038065763132E-31));
#1222=DIRECTION('center_axis',(-2.43252655695885E-28,-1.,-3.0371144851009E-29));
#1223=DIRECTION('ref_axis',(1.,-2.43267079681853E-28,4.9960036108132E-16));
#1224=DIRECTION('center_axis',(1.19561730947561E-30,-1.,4.43734259186819E-31));
#1225=DIRECTION('ref_axis',(1.,1.18329135783152E-30,4.9960036108132E-16));
#1226=DIRECTION('center_axis',(1.,1.18329135783152E-30,4.9960036108132E-16));
#1227=DIRECTION('ref_axis',(-4.9960036108132E-16,-3.03218410444326E-29,
1.));
#1228=DIRECTION('center_axis',(-1.,-1.18329135783152E-30,-4.9960036108132E-16));
#1229=DIRECTION('ref_axis',(-1.11331176140063E-30,1.,-2.22044604925063E-16));
#1230=DIRECTION('',(-4.9960036108132E-16,2.83276944882399E-16,1.));
#1231=DIRECTION('',(-4.9960036108132E-16,-3.03218410444326E-29,1.));
#1232=DIRECTION('',(-4.9960036108132E-16,2.83276944882399E-16,1.));
#1233=DIRECTION('center_axis',(1.19561730947561E-30,-1.,4.43734259186819E-31));
#1234=DIRECTION('ref_axis',(1.,1.18329135783152E-30,4.9960036108132E-16));
#1235=DIRECTION('',(1.,-2.43166374034377E-28,4.9960036108132E-16));
#1236=DIRECTION('center_axis',(1.19561730947561E-30,-1.,4.43734259186819E-31));
#1237=DIRECTION('ref_axis',(-0.707106781186555,2.35513868802641E-16,-0.707106781186539));
#1238=DIRECTION('',(4.9960036108132E-16,-9.20009030714005E-29,-1.));
#1239=DIRECTION('center_axis',(1.19561730947561E-30,-1.,4.43734259186819E-31));
#1240=DIRECTION('ref_axis',(1.,-5.9211894646675E-16,4.9960036108132E-16));
#1241=DIRECTION('center_axis',(1.19561730947561E-30,-1.,4.93038065763132E-31));
#1242=DIRECTION('ref_axis',(-0.707106781186555,2.35513868802641E-16,-0.707106781186539));
#1243=DIRECTION('center_axis',(-1.47495072654096E-31,-1.,2.83276944882399E-16));
#1244=DIRECTION('ref_axis',(-0.707106781186555,2.35513868802641E-16,-0.707106781186539));
#1245=DIRECTION('',(-1.19561730947561E-30,1.,-4.93038065763132E-31));
#1246=DIRECTION('',(1.19561730947561E-30,-1.,4.93038065763132E-31));
#1247=DIRECTION('center_axis',(-1.,6.62510709333425E-16,-6.62510709333426E-16));
#1248=DIRECTION('ref_axis',(6.62510709333425E-16,1.,-2.22044604925031E-16));
#1249=DIRECTION('',(-1.,6.62510709333425E-16,-6.62510709333426E-16));
#1250=DIRECTION('',(1.,-6.62510709333425E-16,6.62510709333426E-16));
#1251=DIRECTION('center_axis',(1.,1.17096540618742E-30,9.86076131526265E-32));
#1252=DIRECTION('ref_axis',(-1.11331176140063E-30,1.,-2.22044604925063E-16));
#1253=DIRECTION('',(-1.,-1.17096540618742E-30,-9.86076131526265E-32));
#1254=DIRECTION('',(1.,1.17096540618742E-30,9.86076131526265E-32));
#1255=DIRECTION('center_axis',(-1.,5.55111512312459E-16,-4.99600361081321E-16));
#1256=DIRECTION('ref_axis',(-1.11331176140063E-30,1.,-2.22044604925063E-16));
#1257=DIRECTION('center_axis',(1.,1.17096540618742E-30,9.86076131526265E-32));
#1258=DIRECTION('ref_axis',(-1.21658743499994E-30,1.,-2.22044604925063E-16));
#1259=DIRECTION('',(-1.,-1.17096540618742E-30,-9.86076131526265E-32));
#1260=DIRECTION('center_axis',(-1.,5.55111512312459E-16,-4.99600361081321E-16));
#1261=DIRECTION('ref_axis',(-1.21658743499994E-30,1.,-2.22044604925063E-16));
#1262=DIRECTION('',(1.,1.17096540618742E-30,9.86076131526265E-32));
#1263=DIRECTION('center_axis',(-1.,5.55111512312459E-16,-4.99600361081321E-16));
#1264=DIRECTION('ref_axis',(-1.21658743499994E-30,1.,-2.22044604925063E-16));
#1265=DIRECTION('center_axis',(1.,-5.55111512312459E-16,4.99600361081321E-16));
#1266=DIRECTION('ref_axis',(4.99600361081321E-16,-4.93038065763132E-31,
-1.));
#1267=DIRECTION('',(4.99600361081321E-16,-2.83276944882399E-16,-1.));
#1268=DIRECTION('',(4.99600361081321E-16,-2.83276944882399E-16,-1.));
#1269=DIRECTION('center_axis',(1.05409204552635E-30,-1.,2.83276944882399E-16));
#1270=DIRECTION('ref_axis',(0.,-2.83276944882399E-16,-1.));
#1271=DIRECTION('center_axis',(-1.05409204552635E-30,1.,-2.83276944882399E-16));
#1272=DIRECTION('ref_axis',(1.,0.,4.9960036108132E-16));
#1273=DIRECTION('center_axis',(0.,1.,0.));
#1274=DIRECTION('ref_axis',(1.,0.,4.9960036108132E-16));
#1275=DIRECTION('center_axis',(-1.05409204552635E-30,1.,-2.83276944882399E-16));
#1276=DIRECTION('ref_axis',(1.,0.,4.9960036108132E-16));
#1277=DIRECTION('',(0.,1.,0.));
#1278=DIRECTION('center_axis',(1.05409204552635E-30,-1.,2.83276944882399E-16));
#1279=DIRECTION('ref_axis',(0.,-2.83276944882399E-16,-1.));
#1280=DIRECTION('center_axis',(-1.05409204552635E-30,1.,-2.83276944882399E-16));
#1281=DIRECTION('ref_axis',(1.,0.,4.9960036108132E-16));
#1282=DIRECTION('center_axis',(0.,1.,0.));
#1283=DIRECTION('ref_axis',(1.,0.,4.9960036108132E-16));
#1284=DIRECTION('center_axis',(-1.05409204552635E-30,1.,-2.83276944882399E-16));
#1285=DIRECTION('ref_axis',(1.,0.,4.9960036108132E-16));
#1286=DIRECTION('',(0.,1.,0.));
#1287=DIRECTION('center_axis',(1.05409204552635E-30,-1.,2.83276944882399E-16));
#1288=DIRECTION('ref_axis',(0.,-2.83276944882399E-16,-1.));
#1289=DIRECTION('center_axis',(-1.05409204552635E-30,1.,-2.83276944882399E-16));
#1290=DIRECTION('ref_axis',(1.,0.,4.9960036108132E-16));
#1291=DIRECTION('center_axis',(0.,1.,0.));
#1292=DIRECTION('ref_axis',(1.,0.,4.9960036108132E-16));
#1293=DIRECTION('center_axis',(-1.05409204552635E-30,1.,-2.83276944882399E-16));
#1294=DIRECTION('ref_axis',(1.,0.,4.9960036108132E-16));
#1295=DIRECTION('',(0.,1.,0.));
#1296=DIRECTION('center_axis',(1.05409204552635E-30,-1.,2.83276944882399E-16));
#1297=DIRECTION('ref_axis',(0.,-2.83276944882399E-16,-1.));
#1298=DIRECTION('center_axis',(-1.05409204552635E-30,1.,-2.83276944882399E-16));
#1299=DIRECTION('ref_axis',(1.,0.,4.9960036108132E-16));
#1300=DIRECTION('center_axis',(0.,1.,0.));
#1301=DIRECTION('ref_axis',(1.,0.,4.9960036108132E-16));
#1302=DIRECTION('center_axis',(-1.05409204552635E-30,1.,-2.83276944882399E-16));
#1303=DIRECTION('ref_axis',(1.,0.,4.9960036108132E-16));
#1304=DIRECTION('',(0.,1.,0.));
#1305=DIRECTION('center_axis',(4.9960036108132E-16,-4.93038065763132E-31,
-1.));
#1306=DIRECTION('ref_axis',(1.,-2.43166374034377E-28,4.9960036108132E-16));
#1307=DIRECTION('center_axis',(-4.9960036108132E-16,4.93038065763132E-31,
1.));
#1308=DIRECTION('ref_axis',(-4.44089209849639E-16,1.,2.22044604925274E-16));
#1309=DIRECTION('',(1.,-5.9698087048361E-33,4.9960036108132E-16));
#1310=DIRECTION('',(1.,-5.9698087048361E-33,4.9960036108132E-16));
#1311=DIRECTION('center_axis',(-2.22044604925037E-16,2.22044604925274E-16,
-1.));
#1312=DIRECTION('ref_axis',(-4.44089209849639E-16,1.,2.22044604925274E-16));
#1313=DIRECTION('',(-2.22044604925037E-16,2.22044604925274E-16,-1.));
#1314=DIRECTION('center_axis',(-2.77555756156284E-16,3.33066907387187E-16,
1.));
#1315=DIRECTION('ref_axis',(-4.44089209849639E-16,1.,2.22044604925274E-16));
#1316=DIRECTION('',(2.22044604925037E-16,-2.22044604925274E-16,1.));
#1317=DIRECTION('center_axis',(-2.77555756156284E-16,3.33066907387187E-16,
1.));
#1318=DIRECTION('ref_axis',(-4.44089209849639E-16,1.,2.22044604925274E-16));
#1319=DIRECTION('center_axis',(2.77555756156284E-16,-3.33066907387187E-16,
-1.));
#1320=DIRECTION('ref_axis',(-1.,-2.22044604924576E-16,-2.77555756156284E-16));
#1321=DIRECTION('',(-1.,-1.13271719216483E-30,-2.77555756156284E-16));
#1322=DIRECTION('',(-1.,-1.13271719216483E-30,-2.77555756156284E-16));
#1323=DIRECTION('center_axis',(-2.77555756156284E-16,3.33066907387187E-16,
1.));
#1324=DIRECTION('ref_axis',(-4.44089209849639E-16,1.,2.22044604925274E-16));
#1325=DIRECTION('center_axis',(-2.22044604925037E-16,2.22044604925274E-16,
-1.));
#1326=DIRECTION('ref_axis',(-4.44089209849639E-16,1.,2.22044604925274E-16));
#1327=DIRECTION('',(-2.22044604925037E-16,2.22044604925274E-16,-1.));
#1328=DIRECTION('',(2.22044604925037E-16,-2.22044604925274E-16,1.));
#1329=DIRECTION('center_axis',(5.72833550274184E-16,1.,-9.86076131526265E-31));
#1330=DIRECTION('ref_axis',(1.,-5.72833550274184E-16,4.99600361081321E-16));
#1331=DIRECTION('center_axis',(1.47495072654096E-31,1.,-2.83276944882399E-16));
#1332=DIRECTION('ref_axis',(1.,-5.72833550274184E-16,4.99600361081321E-16));
#1333=DIRECTION('center_axis',(1.47495072654096E-31,1.,-2.83276944882399E-16));
#1334=DIRECTION('ref_axis',(1.,-5.72833550274184E-16,4.99600361081321E-16));
#1335=DIRECTION('',(5.72833550274184E-16,1.,-9.86076131526265E-31));
#1336=DIRECTION('center_axis',(1.47495072654096E-31,1.,-2.83276944882399E-16));
#1337=DIRECTION('ref_axis',(1.,-5.72833550274184E-16,4.99600361081321E-16));
#1338=DIRECTION('center_axis',(5.9211894646675E-16,1.,0.));
#1339=DIRECTION('ref_axis',(1.,-5.9211894646675E-16,4.9960036108132E-16));
#1340=DIRECTION('',(5.9211894646675E-16,1.,0.));
#1341=DIRECTION('center_axis',(1.,-5.55111512312459E-16,4.99600361081321E-16));
#1342=DIRECTION('ref_axis',(4.99600361081321E-16,-4.93038065763132E-31,
-1.));
#1343=DIRECTION('center_axis',(1.,-5.55111512312459E-16,4.99600361081321E-16));
#1344=DIRECTION('ref_axis',(5.55111512312459E-16,1.,-2.22044604925031E-16));
#1345=DIRECTION('',(4.99600361081321E-16,-2.83276944882399E-16,-1.));
#1346=DIRECTION('',(4.99600361081321E-16,-2.83276944882399E-16,-1.));
#1347=DIRECTION('center_axis',(-1.,6.62510709333425E-16,-6.62510709333426E-16));
#1348=DIRECTION('ref_axis',(6.62510709333425E-16,1.,-2.22044604925031E-16));
#1349=DIRECTION('center_axis',(-1.,5.55111512312459E-16,-4.99600361081321E-16));
#1350=DIRECTION('ref_axis',(6.62510709333425E-16,1.,-2.22044604925031E-16));
#1351=DIRECTION('',(1.,-6.62510709333425E-16,6.62510709333426E-16));
#1352=DIRECTION('',(-1.,6.62510709333425E-16,-6.62510709333426E-16));
#1353=DIRECTION('center_axis',(1.,0.,0.));
#1354=DIRECTION('ref_axis',(6.02042253867839E-16,1.,-2.22044604925031E-16));
#1355=DIRECTION('',(-0.707106781186551,0.,-0.707106781186544));
#1356=DIRECTION('',(0.707106781186551,0.,-0.707106781186544));
#1357=DIRECTION('center_axis',(0.,0.,1.));
#1358=DIRECTION('ref_axis',(1.,-5.55111512312706E-16,0.));
#1359=DIRECTION('center_axis',(-2.77555756156284E-16,3.33066907387187E-16,
1.));
#1360=DIRECTION('ref_axis',(1.,-5.55111512312706E-16,0.));
#1361=DIRECTION('',(0.,0.,-1.));
#1362=DIRECTION('',(0.,0.,1.));
#1363=DIRECTION('center_axis',(2.77555756156284E-16,-3.33066907387187E-16,
-1.));
#1364=DIRECTION('ref_axis',(-1.,-2.22044604924576E-16,-2.77555756156284E-16));
#1365=DIRECTION('center_axis',(2.77555756156284E-16,-3.33066907387187E-16,
-1.));
#1366=DIRECTION('ref_axis',(1.,-5.55111512312706E-16,2.77555756156284E-16));
#1367=DIRECTION('',(-1.,-1.13271719216483E-30,-2.77555756156284E-16));
#1368=DIRECTION('',(-1.,-1.13271719216483E-30,-2.77555756156284E-16));
#1369=DIRECTION('center_axis',(1.05409204552635E-30,-1.,2.83276944882399E-16));
#1370=DIRECTION('ref_axis',(1.97215226305253E-31,-2.83276944882399E-16,
-1.));
#1371=DIRECTION('',(-0.707106781186547,0.,0.707106781186547));
#1372=DIRECTION('center_axis',(0.,0.,-1.));
#1373=DIRECTION('ref_axis',(1.,-5.55111512312706E-16,1.56270887919925E-16));
#1374=DIRECTION('',(-0.707106781186547,0.,-0.707106781186547));
#1375=DIRECTION('center_axis',(1.05409204552635E-30,-1.,2.83276944882399E-16));
#1376=DIRECTION('ref_axis',(1.97215226305253E-31,-2.83276944882399E-16,
-1.));
#1377=DIRECTION('',(-1.,2.44448273005361E-28,-4.9960036108132E-16));
#1378=DIRECTION('',(4.9960036108132E-16,-2.83276944882399E-16,-1.));
#1379=DIRECTION('',(4.9960036108132E-16,-2.83276944882399E-16,-1.));
#1380=DIRECTION('',(-1.,2.44448273005361E-28,-4.9960036108132E-16));
#1381=DIRECTION('',(-4.9960036108132E-16,2.83276944882399E-16,1.));
#1382=DIRECTION('center_axis',(-1.,2.44448273005361E-28,-4.9960036108132E-16));
#1383=DIRECTION('ref_axis',(-4.9960036108132E-16,0.,1.));
#1384=DIRECTION('center_axis',(-1.,2.44448273005361E-28,-4.9960036108132E-16));
#1385=DIRECTION('ref_axis',(5.33190949389718E-16,1.03460668166031E-28,-1.));
#1386=DIRECTION('center_axis',(-1.,2.44448273005361E-28,-4.9960036108132E-16));
#1387=DIRECTION('ref_axis',(-4.9960036108132E-16,0.,1.));
#1388=DIRECTION('',(-4.9960036108132E-16,2.83276944882399E-16,1.));
#1389=DIRECTION('center_axis',(-1.,2.44448273005361E-28,-4.9960036108132E-16));
#1390=DIRECTION('ref_axis',(-4.9960036108132E-16,0.,1.));
#1391=DIRECTION('center_axis',(-1.,2.44448273005361E-28,-4.9960036108132E-16));
#1392=DIRECTION('ref_axis',(4.82456216968466E-16,6.72832607253802E-29,-1.));
#1393=DIRECTION('',(1.,-2.44448273005361E-28,4.9960036108132E-16));
#1394=DIRECTION('center_axis',(-1.,2.44448273005361E-28,-4.9960036108132E-16));
#1395=DIRECTION('ref_axis',(-4.9960036108132E-16,0.,1.));
#1396=DIRECTION('center_axis',(1.,-2.44448273005361E-28,4.9960036108132E-16));
#1397=DIRECTION('ref_axis',(4.9960036108132E-16,0.,-1.));
#1398=DIRECTION('',(4.9960036108132E-16,-2.83276944882399E-16,-1.));
#1399=DIRECTION('center_axis',(-1.,2.44448273005361E-28,-4.9960036108132E-16));
#1400=DIRECTION('ref_axis',(-4.9960036108132E-16,0.,1.));
#1401=DIRECTION('center_axis',(1.05409204552635E-30,-1.,2.83276944882399E-16));
#1402=DIRECTION('ref_axis',(1.97215226305253E-31,-2.83276944882399E-16,
-1.));
#1403=DIRECTION('',(1.,-2.44448273005361E-28,4.9960036108132E-16));
#1404=DIRECTION('',(4.9960036108132E-16,-2.83276944882399E-16,-1.));
#1405=DIRECTION('center_axis',(-1.,-1.18329135783152E-30,-4.9960036108132E-16));
#1406=DIRECTION('ref_axis',(4.9960036108132E-16,-9.20009030714005E-29,-1.));
#1407=DIRECTION('center_axis',(1.,1.18329135783152E-30,4.9960036108132E-16));
#1408=DIRECTION('ref_axis',(5.33190949389718E-16,1.03460668166031E-28,-1.));
#1409=DIRECTION('center_axis',(-1.,2.44448273005361E-28,-4.9960036108132E-16));
#1410=DIRECTION('ref_axis',(5.33190949389718E-16,1.03460668166031E-28,-1.));
#1411=CARTESIAN_POINT('',(0.,0.,0.));
#1412=CARTESIAN_POINT('Origin',(6.99999999999903,464.30015232601,650.234981174397));
#1413=CARTESIAN_POINT('',(6.99999999999902,440.298685980162,653.234981174397));
#1414=CARTESIAN_POINT('',(3.99999999999901,440.298685980162,650.234981174397));
#1415=CARTESIAN_POINT('Origin',(6.99999999999903,440.298685980162,650.234981174397));
#1416=CARTESIAN_POINT('',(6.99999999999903,464.30015232601,653.234981174397));
#1417=CARTESIAN_POINT('',(6.99999999999902,451.30015232601,653.234981174397));
#1418=CARTESIAN_POINT('',(3.99999999999903,464.30015232601,650.234981174397));
#1419=CARTESIAN_POINT('Origin',(6.99999999999903,464.30015232601,650.234981174397));
#1420=CARTESIAN_POINT('',(3.99999999999901,451.30015232601,650.234981174397));
#1421=CARTESIAN_POINT('Origin',(114.499999999999,464.30015232601,653.234981174397));
#1422=CARTESIAN_POINT('',(111.499999999999,440.298685980162,653.234981174397));
#1423=CARTESIAN_POINT('',(86.8749999999991,440.298685980162,653.234981174397));
#1424=CARTESIAN_POINT('',(111.499999999999,464.30015232601,653.234981174397));
#1425=CARTESIAN_POINT('',(111.499999999999,464.30015232601,653.234981174397));
#1426=CARTESIAN_POINT('',(3.99999999999903,464.30015232601,653.234981174397));
#1427=CARTESIAN_POINT('Origin',(111.499999999999,464.30015232601,650.234981174397));
#1428=CARTESIAN_POINT('',(114.499999999999,440.298685980162,650.234981174397));
#1429=CARTESIAN_POINT('Origin',(111.499999999999,440.298685980162,650.234981174397));
#1430=CARTESIAN_POINT('',(114.499999999999,464.30015232601,650.234981174397));
#1431=CARTESIAN_POINT('',(114.499999999999,451.30015232601,650.234981174397));
#1432=CARTESIAN_POINT('Origin',(111.499999999999,464.30015232601,650.234981174397));
#1433=CARTESIAN_POINT('Origin',(111.499999999999,464.30015232601,606.542557898416));
#1434=CARTESIAN_POINT('',(111.499999999999,440.298685980162,603.542557898416));
#1435=CARTESIAN_POINT('',(114.499999999999,440.298685980162,606.542557898416));
#1436=CARTESIAN_POINT('Origin',(111.499999999999,440.298685980162,606.542557898416));
#1437=CARTESIAN_POINT('',(111.499999999999,464.30015232601,603.542557898416));
#1438=CARTESIAN_POINT('',(111.499999999999,451.30015232601,603.542557898416));
#1439=CARTESIAN_POINT('',(114.499999999999,464.30015232601,606.542557898416));
#1440=CARTESIAN_POINT('Origin',(111.499999999999,464.30015232601,606.542557898416));
#1441=CARTESIAN_POINT('',(114.499999999999,464.30015232601,606.542557898416));
#1442=CARTESIAN_POINT('Origin',(10.9999999999991,464.30015232601,608.542557898416));
#1443=CARTESIAN_POINT('',(9.39999999999907,459.30015232601,608.542557898416));
#1444=CARTESIAN_POINT('Origin',(10.9999999999991,459.30015232601,608.542557898416));
#1445=CARTESIAN_POINT('',(9.39999999999907,445.298685980162,608.542557898416));
#1446=CARTESIAN_POINT('',(9.39999999999907,464.30015232601,608.542557898416));
#1447=CARTESIAN_POINT('Origin',(10.9999999999991,445.298685980162,608.542557898416));
#1448=CARTESIAN_POINT('Origin',(109.999999999999,464.30015232601,608.542557898416));
#1449=CARTESIAN_POINT('',(108.399999999999,459.30015232601,608.542557898416));
#1450=CARTESIAN_POINT('Origin',(109.999999999999,459.30015232601,608.542557898416));
#1451=CARTESIAN_POINT('',(108.399999999999,445.298685980162,608.542557898416));
#1452=CARTESIAN_POINT('',(108.399999999999,464.30015232601,608.542557898416));
#1453=CARTESIAN_POINT('Origin',(109.999999999999,445.298685980162,608.542557898416));
#1454=CARTESIAN_POINT('Origin',(10.9999999999993,464.30015232601,648.234981174397));
#1455=CARTESIAN_POINT('',(9.39999999999925,459.30015232601,648.234981174397));
#1456=CARTESIAN_POINT('Origin',(10.9999999999993,459.30015232601,648.234981174397));
#1457=CARTESIAN_POINT('',(9.39999999999925,445.298685980162,648.234981174397));
#1458=CARTESIAN_POINT('',(9.39999999999925,464.30015232601,648.234981174397));
#1459=CARTESIAN_POINT('Origin',(10.9999999999993,445.298685980162,648.234981174397));
#1460=CARTESIAN_POINT('Origin',(109.999999999999,464.30015232601,648.234981174397));
#1461=CARTESIAN_POINT('',(108.399999999999,459.30015232601,648.234981174397));
#1462=CARTESIAN_POINT('Origin',(109.999999999999,459.30015232601,648.234981174397));
#1463=CARTESIAN_POINT('',(108.399999999999,445.298685980162,648.234981174397));
#1464=CARTESIAN_POINT('',(108.399999999999,464.30015232601,648.234981174397));
#1465=CARTESIAN_POINT('Origin',(109.999999999999,445.298685980162,648.234981174397));
#1466=CARTESIAN_POINT('Origin',(67.9577370805753,454.40015232601,628.388769536406));
#1467=CARTESIAN_POINT('',(50.3077370805753,454.40015232601,628.388769536406));
#1468=CARTESIAN_POINT('Origin',(67.9577370805753,454.40015232601,628.388769536406));
#1469=CARTESIAN_POINT('',(63.9577370805752,454.40015232601,628.388769536406));
#1470=CARTESIAN_POINT('Origin',(67.9577370805752,454.40015232601,628.388769536406));
#1471=CARTESIAN_POINT('Origin',(109.999999999999,464.30015232601,608.542557898416));
#1472=CARTESIAN_POINT('',(107.649999999999,464.30015232601,608.542557898416));
#1473=CARTESIAN_POINT('Origin',(109.999999999999,464.30015232601,608.542557898416));
#1474=CARTESIAN_POINT('',(107.649999999999,459.30015232601,608.542557898416));
#1475=CARTESIAN_POINT('',(107.649999999999,464.30015232601,608.542557898416));
#1476=CARTESIAN_POINT('Origin',(109.999999999999,459.30015232601,608.542557898416));
#1477=CARTESIAN_POINT('Origin',(20.4286250396172,459.30015232601,652.883998663777));
#1478=CARTESIAN_POINT('Origin',(10.9999999999992,464.30015232601,608.542557898416));
#1479=CARTESIAN_POINT('',(8.64999999999915,464.30015232601,608.542557898416));
#1480=CARTESIAN_POINT('Origin',(10.9999999999992,464.30015232601,608.542557898416));
#1481=CARTESIAN_POINT('',(8.64999999999915,459.30015232601,608.542557898416));
#1482=CARTESIAN_POINT('',(8.64999999999915,464.30015232601,608.542557898416));
#1483=CARTESIAN_POINT('Origin',(10.9999999999992,459.30015232601,608.542557898416));
#1484=CARTESIAN_POINT('Origin',(20.4286250396172,459.30015232601,652.883998663777));
#1485=CARTESIAN_POINT('Origin',(109.999999999999,464.30015232601,648.234981174396));
#1486=CARTESIAN_POINT('',(107.649999999999,464.30015232601,648.234981174396));
#1487=CARTESIAN_POINT('Origin',(109.999999999999,464.30015232601,648.234981174396));
#1488=CARTESIAN_POINT('',(107.649999999999,459.30015232601,648.234981174396));
#1489=CARTESIAN_POINT('',(107.649999999999,464.30015232601,648.234981174396));
#1490=CARTESIAN_POINT('Origin',(109.999999999999,459.30015232601,648.234981174396));
#1491=CARTESIAN_POINT('Origin',(20.4286250396172,459.30015232601,652.883998663777));
#1492=CARTESIAN_POINT('Origin',(10.9999999999994,464.30015232601,648.234981174397));
#1493=CARTESIAN_POINT('',(8.64999999999936,464.30015232601,648.234981174397));
#1494=CARTESIAN_POINT('Origin',(10.9999999999994,464.30015232601,648.234981174397));
#1495=CARTESIAN_POINT('',(8.64999999999936,459.30015232601,648.234981174397));
#1496=CARTESIAN_POINT('',(8.64999999999936,464.30015232601,648.234981174397));
#1497=CARTESIAN_POINT('Origin',(10.9999999999994,459.30015232601,648.234981174397));
#1498=CARTESIAN_POINT('Origin',(20.4286250396172,459.30015232601,652.883998663777));
#1499=CARTESIAN_POINT('Origin',(114.499999999999,464.30015232601,603.542557898416));
#1500=CARTESIAN_POINT('',(114.499999999999,440.298685980162,640.988769536407));
#1501=CARTESIAN_POINT('',(114.499999999999,440.298685980162,615.788769536407));
#1502=CARTESIAN_POINT('Origin',(114.499999999999,440.298685980163,628.388769536406));
#1503=CARTESIAN_POINT('',(114.499999999999,440.298685980162,615.965663717411));
#1504=CARTESIAN_POINT('',(114.499999999999,464.30015232601,603.542557898416));
#1505=CARTESIAN_POINT('',(114.499999999999,440.298685980162,615.965663717411));
#1506=CARTESIAN_POINT('Origin',(59.2499999999991,464.30015232601,628.388769536406));
#1507=CARTESIAN_POINT('',(6.99999999999907,464.30015232601,603.542557898416));
#1508=CARTESIAN_POINT('',(3.99999999999903,464.30015232601,603.542557898416));
#1509=CARTESIAN_POINT('',(3.99999999999904,464.30015232601,606.542557898416));
#1510=CARTESIAN_POINT('Origin',(6.99999999999907,464.30015232601,606.542557898416));
#1511=CARTESIAN_POINT('',(3.99999999999903,464.30015232601,653.234981174397));
#1512=CARTESIAN_POINT('',(63.9577370805752,464.30015232601,628.388769536406));
#1513=CARTESIAN_POINT('Origin',(67.9577370805752,464.30015232601,628.388769536406));
#1514=CARTESIAN_POINT('Origin',(6.99999999999907,464.30015232601,606.542557898416));
#1515=CARTESIAN_POINT('',(3.99999999999903,440.298685980162,606.542557898416));
#1516=CARTESIAN_POINT('',(6.99999999999907,440.298685980162,603.542557898416));
#1517=CARTESIAN_POINT('Origin',(6.99999999999907,440.298685980162,606.542557898416));
#1518=CARTESIAN_POINT('',(3.99999999999903,451.30015232601,606.542557898416));
#1519=CARTESIAN_POINT('',(6.99999999999907,464.30015232601,603.542557898416));
#1520=CARTESIAN_POINT('Origin',(110.499999999999,440.298685980163,628.388769536406));
#1521=CARTESIAN_POINT('',(10.9997639338349,440.298685980162,617.988769536406));
#1522=CARTESIAN_POINT('',(11.0001142332746,440.338826641997,617.98884700173));
#1523=CARTESIAN_POINT('Ctrl Pts',(10.9997639338349,440.298685980162,617.988769536443));
#1524=CARTESIAN_POINT('Ctrl Pts',(10.999880700604,440.312066169,617.988769536458));
#1525=CARTESIAN_POINT('Ctrl Pts',(10.9999974673727,440.325446422802,617.988795357994));
#1526=CARTESIAN_POINT('Ctrl Pts',(11.0001142332706,440.33882664181,617.988847001729));
#1527=CARTESIAN_POINT('',(53.6972146497524,440.298685980162,617.988769536406));
#1528=CARTESIAN_POINT('',(110.499999999999,440.298685980162,617.988769536406));
#1529=CARTESIAN_POINT('',(50.3077370805752,450.698685980163,628.388769536406));
#1530=CARTESIAN_POINT('Ctrl Pts',(53.6972146497525,440.298685980163,617.988769536406));
#1531=CARTESIAN_POINT('Ctrl Pts',(53.6972146497525,440.973355047528,617.988769536406));
#1532=CARTESIAN_POINT('Ctrl Pts',(53.6478855974023,441.662904722236,618.055404525866));
#1533=CARTESIAN_POINT('Ctrl Pts',(53.4552876759207,443.020869378201,618.327495115241));
#1534=CARTESIAN_POINT('Ctrl Pts',(53.3124642964962,443.689375400927,618.532811470207));
#1535=CARTESIAN_POINT('Ctrl Pts',(52.7934551989908,445.599077852566,619.334893198977));
#1536=CARTESIAN_POINT('Ctrl Pts',(52.3287251804232,446.744947071242,620.127209578805));
#1537=CARTESIAN_POINT('Ctrl Pts',(51.499175997546,448.554885997516,621.93714850508));
#1538=CARTESIAN_POINT('Ctrl Pts',(51.0725938350153,449.350960405805,623.084536713555));
#1539=CARTESIAN_POINT('Ctrl Pts',(50.4740353628267,450.42367684736,625.638655961935));
#1540=CARTESIAN_POINT('Ctrl Pts',(50.3077370805752,450.698685980163,627.047399645263));
#1541=CARTESIAN_POINT('Ctrl Pts',(50.3077370805752,450.698685980163,628.388769536406));
#1542=CARTESIAN_POINT('',(53.6972146497525,440.298685980162,638.788769536406));
#1543=CARTESIAN_POINT('Ctrl Pts',(50.3077370805752,450.698685980163,628.388769536406));
#1544=CARTESIAN_POINT('Ctrl Pts',(50.3077370805752,450.698685980163,629.730139427549));
#1545=CARTESIAN_POINT('Ctrl Pts',(50.4740353628267,450.42367684736,631.138883110878));
#1546=CARTESIAN_POINT('Ctrl Pts',(51.0725938350153,449.350960405805,633.693002359258));
#1547=CARTESIAN_POINT('Ctrl Pts',(51.499175997546,448.554885997516,634.840390567733));
#1548=CARTESIAN_POINT('Ctrl Pts',(52.3287251804232,446.744947071242,636.650329494008));
#1549=CARTESIAN_POINT('Ctrl Pts',(52.7934551989908,445.599077852566,637.442645873835));
#1550=CARTESIAN_POINT('Ctrl Pts',(53.3124642964962,443.689375400927,638.244727602605));
#1551=CARTESIAN_POINT('Ctrl Pts',(53.4552876759205,443.020869378201,638.450043957572));
#1552=CARTESIAN_POINT('Ctrl Pts',(53.6478855974022,441.662904722236,638.722134546947));
#1553=CARTESIAN_POINT('Ctrl Pts',(53.6972146497524,440.973355047528,638.788769536406));
#1554=CARTESIAN_POINT('Ctrl Pts',(53.6972146497524,440.298685980163,638.788769536406));
#1555=CARTESIAN_POINT('',(10.9997639338349,440.298685980162,638.788769536406));
#1556=CARTESIAN_POINT('',(110.499999999999,440.298685980162,638.788769536406));
#1557=CARTESIAN_POINT('',(11.000114233267,440.338826641393,638.788692071085));
#1558=CARTESIAN_POINT('Ctrl Pts',(11.000114233267,440.338826641394,638.788692071085));
#1559=CARTESIAN_POINT('Ctrl Pts',(10.9999974673695,440.325446422433,638.788743714819));
#1560=CARTESIAN_POINT('Ctrl Pts',(10.9998807006022,440.312066168801,638.788769536354));
#1561=CARTESIAN_POINT('Ctrl Pts',(10.9997639338349,440.298685980162,638.78876953637));
#1562=CARTESIAN_POINT('Ctrl Pts',(11.0001142332746,440.338826641997,617.98884700173));
#1563=CARTESIAN_POINT('Ctrl Pts',(10.9865483166427,441.893316538449,617.994846878468));
#1564=CARTESIAN_POINT('Ctrl Pts',(10.9594415369502,444.997549420027,618.714913859386));
#1565=CARTESIAN_POINT('Ctrl Pts',(10.9269022661685,448.719855238783,621.703728015501));
#1566=CARTESIAN_POINT('Ctrl Pts',(10.9088313957248,450.785495384442,626.004197464555));
#1567=CARTESIAN_POINT('Ctrl Pts',(10.9088548136127,450.782835180331,630.773460684317));
#1568=CARTESIAN_POINT('Ctrl Pts',(10.9268815950324,448.722218466821,635.075804608729));
#1569=CARTESIAN_POINT('Ctrl Pts',(10.9594536771815,444.996159559739,638.061805957347));
#1570=CARTESIAN_POINT('Ctrl Pts',(10.9865483166305,441.893316538359,638.782692194438));
#1571=CARTESIAN_POINT('Ctrl Pts',(11.0001142332669,440.338826641394,638.788692071085));
#1572=CARTESIAN_POINT('Origin',(112.499999999999,440.298685980163,628.388769536406));
#1573=CARTESIAN_POINT('',(112.599999999999,440.298685980162,615.788769536407));
#1574=CARTESIAN_POINT('',(112.499999999999,440.298685980162,615.788769536407));
#1575=CARTESIAN_POINT('',(112.599999999999,440.298685980162,640.988769536407));
#1576=CARTESIAN_POINT('',(112.499999999999,440.298685980162,640.988769536407));
#1577=CARTESIAN_POINT('Origin',(112.599999999999,440.298685980163,628.388769536406));
#1578=CARTESIAN_POINT('Origin',(110.499999999999,440.298685980163,628.388769536406));
#1579=CARTESIAN_POINT('',(112.599999999999,440.298685980162,612.788769536406));
#1580=CARTESIAN_POINT('',(110.399999999999,440.298685980162,612.788769536406));
#1581=CARTESIAN_POINT('',(110.499999999999,440.298685980162,612.788769536406));
#1582=CARTESIAN_POINT('',(112.599999999999,440.298685980162,643.988769536406));
#1583=CARTESIAN_POINT('Origin',(112.599999999999,440.298685980163,628.388769536406));
#1584=CARTESIAN_POINT('',(110.399999999999,440.298685980162,643.988769536406));
#1585=CARTESIAN_POINT('',(110.499999999999,440.298685980162,643.988769536406));
#1586=CARTESIAN_POINT('Origin',(110.399999999999,440.298685980163,628.388769536406));
#1587=CARTESIAN_POINT('Origin',(112.599999999999,440.298685980163,628.388769536406));
#1588=CARTESIAN_POINT('',(112.599999999999,440.298685980162,628.388769536407));
#1589=CARTESIAN_POINT('',(112.599999999999,440.298685980162,628.388769536407));
#1590=CARTESIAN_POINT('Origin',(60.4999999999992,445.298685980162,628.388769536407));
#1591=CARTESIAN_POINT('',(107.649999999999,445.298685980162,648.234981174397));
#1592=CARTESIAN_POINT('Origin',(109.999999999999,445.298685980162,648.234981174397));
#1593=CARTESIAN_POINT('Origin',(109.999999999999,440.298685980162,648.234981174397));
#1594=CARTESIAN_POINT('',(107.649999999999,440.298685980162,648.234981174397));
#1595=CARTESIAN_POINT('Origin',(109.999999999999,440.298685980162,648.234981174397));
#1596=CARTESIAN_POINT('',(107.649999999999,440.298685980162,648.234981174397));
#1597=CARTESIAN_POINT('Origin',(60.4999999999992,445.298685980162,628.388769536407));
#1598=CARTESIAN_POINT('',(8.64999999999929,445.298685980162,648.234981174397));
#1599=CARTESIAN_POINT('Origin',(10.9999999999993,445.298685980162,648.234981174397));
#1600=CARTESIAN_POINT('Origin',(10.9999999999993,440.298685980162,648.234981174397));
#1601=CARTESIAN_POINT('',(8.64999999999929,440.298685980162,648.234981174397));
#1602=CARTESIAN_POINT('Origin',(10.9999999999993,440.298685980162,648.234981174397));
#1603=CARTESIAN_POINT('',(8.64999999999929,440.298685980162,648.234981174397));
#1604=CARTESIAN_POINT('Origin',(60.4999999999992,445.298685980162,628.388769536407));
#1605=CARTESIAN_POINT('',(107.649999999999,445.298685980162,608.542557898416));
#1606=CARTESIAN_POINT('Origin',(109.999999999999,445.298685980162,608.542557898416));
#1607=CARTESIAN_POINT('Origin',(109.999999999999,440.298685980162,608.542557898416));
#1608=CARTESIAN_POINT('',(107.649999999999,440.298685980162,608.542557898416));
#1609=CARTESIAN_POINT('Origin',(109.999999999999,440.298685980162,608.542557898416));
#1610=CARTESIAN_POINT('',(107.649999999999,440.298685980162,608.542557898416));
#1611=CARTESIAN_POINT('Origin',(60.4999999999992,445.298685980162,628.388769536407));
#1612=CARTESIAN_POINT('',(8.64999999999911,445.298685980162,608.542557898416));
#1613=CARTESIAN_POINT('Origin',(10.9999999999991,445.298685980162,608.542557898416));
#1614=CARTESIAN_POINT('Origin',(10.9999999999991,440.298685980162,608.542557898416));
#1615=CARTESIAN_POINT('',(8.64999999999911,440.298685980162,608.542557898416));
#1616=CARTESIAN_POINT('Origin',(10.9999999999991,440.298685980162,608.542557898416));
#1617=CARTESIAN_POINT('',(8.64999999999911,440.298685980162,608.542557898416));
#1618=CARTESIAN_POINT('Origin',(3.99999999999903,464.30015232601,603.542557898416));
#1619=CARTESIAN_POINT('',(80.5577370805752,440.298685980162,603.542557898416));
#1620=CARTESIAN_POINT('',(55.3577370805752,440.298685980162,603.542557898416));
#1621=CARTESIAN_POINT('Origin',(67.9577370805752,440.298685980162,603.542557898416));
#1622=CARTESIAN_POINT('',(31.6249999999991,440.298685980162,603.542557898416));
#1623=CARTESIAN_POINT('',(31.6249999999991,440.298685980162,603.542557898416));
#1624=CARTESIAN_POINT('Origin',(67.9577370805752,440.298685980162,607.542557898415));
#1625=CARTESIAN_POINT('',(83.5577370805752,440.298685980162,607.642557898415));
#1626=CARTESIAN_POINT('',(83.5577370805752,440.298685980162,605.442557898415));
#1627=CARTESIAN_POINT('',(83.5577370805752,440.298685980162,607.542557898415));
#1628=CARTESIAN_POINT('',(52.3577370805751,440.298685980162,607.642557898415));
#1629=CARTESIAN_POINT('Origin',(67.9577370805752,440.298685980162,607.642557898415));
#1630=CARTESIAN_POINT('',(52.3577370805751,440.298685980162,605.442557898415));
#1631=CARTESIAN_POINT('',(52.3577370805751,440.298685980162,607.542557898415));
#1632=CARTESIAN_POINT('Origin',(67.9577370805752,440.298685980162,605.442557898416));
#1633=CARTESIAN_POINT('Origin',(67.9577370805752,440.298685980162,605.442557898416));
#1634=CARTESIAN_POINT('',(80.5577370805752,440.298685980162,605.442557898415));
#1635=CARTESIAN_POINT('',(63.6038685402871,440.298685980162,605.442557898415));
#1636=CARTESIAN_POINT('',(55.3577370805752,440.298685980162,605.442557898415));
#1637=CARTESIAN_POINT('',(63.6038685402871,440.298685980162,605.442557898415));
#1638=CARTESIAN_POINT('Origin',(67.9577370805752,440.298685980162,605.442557898416));
#1639=CARTESIAN_POINT('Origin',(67.9577370805752,440.298685980162,605.542557898415));
#1640=CARTESIAN_POINT('',(80.5577370805752,440.298685980162,605.542557898415));
#1641=CARTESIAN_POINT('',(55.3577370805752,440.298685980162,605.542557898415));
#1642=CARTESIAN_POINT('Origin',(67.9577370805753,426.20015232601,628.388769536406));
#1643=CARTESIAN_POINT('',(57.5577370805752,440.298685980162,614.128247105584));
#1644=CARTESIAN_POINT('',(78.3577370805752,440.298685980162,614.128247105583));
#1645=CARTESIAN_POINT('Ctrl Pts',(57.5577370805752,440.298685980161,614.128247105584));
#1646=CARTESIAN_POINT('Ctrl Pts',(57.5577370805752,440.973355047527,614.128247105584));
#1647=CARTESIAN_POINT('Ctrl Pts',(57.6243720700345,441.662904722235,614.078918053233));
#1648=CARTESIAN_POINT('Ctrl Pts',(57.89646265941,443.0208693782,613.886320131752));
#1649=CARTESIAN_POINT('Ctrl Pts',(58.1017790143763,443.689375400926,613.743496752327));
#1650=CARTESIAN_POINT('Ctrl Pts',(58.9038607431462,445.599077852565,613.224487654822));
#1651=CARTESIAN_POINT('Ctrl Pts',(59.6961771229736,446.74494707124,612.759757636254));
#1652=CARTESIAN_POINT('Ctrl Pts',(61.5061160492484,448.554885997515,611.930208453377));
#1653=CARTESIAN_POINT('Ctrl Pts',(62.6535042577239,449.350960405803,611.503626290846));
#1654=CARTESIAN_POINT('Ctrl Pts',(65.2076235061034,450.423676847359,610.905067818658));
#1655=CARTESIAN_POINT('Ctrl Pts',(66.6163671894323,450.698685980161,610.738769536406));
#1656=CARTESIAN_POINT('Ctrl Pts',(69.2991069717181,450.698685980161,610.738769536406));
#1657=CARTESIAN_POINT('Ctrl Pts',(70.707850655047,450.423676847359,610.905067818658));
#1658=CARTESIAN_POINT('Ctrl Pts',(73.2619699034264,449.350960405803,611.503626290846));
#1659=CARTESIAN_POINT('Ctrl Pts',(74.4093581119019,448.554885997515,611.930208453377));
#1660=CARTESIAN_POINT('Ctrl Pts',(76.2192970381767,446.74494707124,612.759757636254));
#1661=CARTESIAN_POINT('Ctrl Pts',(77.0116134180042,445.599077852565,613.224487654822));
#1662=CARTESIAN_POINT('Ctrl Pts',(77.813695146774,443.689375400926,613.743496752327));
#1663=CARTESIAN_POINT('Ctrl Pts',(78.0190115017404,443.0208693782,613.886320131752));
#1664=CARTESIAN_POINT('Ctrl Pts',(78.2911020911158,441.662904722235,614.078918053233));
#1665=CARTESIAN_POINT('Ctrl Pts',(78.3577370805752,440.973355047527,614.128247105583));
#1666=CARTESIAN_POINT('Ctrl Pts',(78.3577370805752,440.298685980161,614.128247105583));
#1667=CARTESIAN_POINT('',(82.2182595113981,440.298685980162,617.988769536406));
#1668=CARTESIAN_POINT('Origin',(67.9577370805753,440.298685980162,628.388769536406));
#1669=CARTESIAN_POINT('',(82.218259511398,440.298685980162,638.788769536406));
#1670=CARTESIAN_POINT('Ctrl Pts',(82.218259511398,440.298685980163,638.788769536406));
#1671=CARTESIAN_POINT('Ctrl Pts',(82.218259511398,440.973355047528,638.788769536406));
#1672=CARTESIAN_POINT('Ctrl Pts',(82.2675885637482,441.662904722236,638.722134546947));
#1673=CARTESIAN_POINT('Ctrl Pts',(82.4601864852298,443.020869378201,638.450043957572));
#1674=CARTESIAN_POINT('Ctrl Pts',(82.6030098646543,443.689375400927,638.244727602605));
#1675=CARTESIAN_POINT('Ctrl Pts',(83.1220189621597,445.599077852566,637.442645873835));
#1676=CARTESIAN_POINT('Ctrl Pts',(83.5867489807273,446.744947071242,636.650329494008));
#1677=CARTESIAN_POINT('Ctrl Pts',(84.4162981636045,448.554885997516,634.840390567733));
#1678=CARTESIAN_POINT('Ctrl Pts',(84.8428803261352,449.350960405805,633.693002359258));
#1679=CARTESIAN_POINT('Ctrl Pts',(85.4414387983237,450.42367684736,631.138883110878));
#1680=CARTESIAN_POINT('Ctrl Pts',(85.6077370805752,450.698685980163,629.730139427549));
#1681=CARTESIAN_POINT('Ctrl Pts',(85.6077370805752,450.698685980163,627.047399645263));
#1682=CARTESIAN_POINT('Ctrl Pts',(85.4414387983237,450.42367684736,625.638655961935));
#1683=CARTESIAN_POINT('Ctrl Pts',(84.8428803261351,449.350960405805,623.084536713555));
#1684=CARTESIAN_POINT('Ctrl Pts',(84.4162981636045,448.554885997516,621.93714850508));
#1685=CARTESIAN_POINT('Ctrl Pts',(83.5867489807273,446.744947071242,620.127209578805));
#1686=CARTESIAN_POINT('Ctrl Pts',(83.1220189621597,445.599077852566,619.334893198977));
#1687=CARTESIAN_POINT('Ctrl Pts',(82.6030098646543,443.689375400927,618.532811470208));
#1688=CARTESIAN_POINT('Ctrl Pts',(82.4601864852298,443.020869378201,618.327495115241));
#1689=CARTESIAN_POINT('Ctrl Pts',(82.2675885637482,441.662904722236,618.055404525866));
#1690=CARTESIAN_POINT('Ctrl Pts',(82.218259511398,440.973355047528,617.988769536406));
#1691=CARTESIAN_POINT('Ctrl Pts',(82.218259511398,440.298685980163,617.988769536406));
#1692=CARTESIAN_POINT('Origin',(67.9577370805753,440.298685980162,628.388769536406));
#1693=CARTESIAN_POINT('',(50.3077370805753,426.20015232601,628.388769536406));
#1694=CARTESIAN_POINT('Origin',(67.9577370805753,440.298685980162,628.388769536406));
#1695=CARTESIAN_POINT('Origin',(67.9577370805752,421.800152326009,628.388769536406));
#1696=CARTESIAN_POINT('',(63.9577370805752,421.800152326009,628.388769536406));
#1697=CARTESIAN_POINT('Origin',(110.399999999999,440.298685980163,628.388769536406));
#1698=CARTESIAN_POINT('',(110.399999999999,440.298685980162,614.988769536406));
#1699=CARTESIAN_POINT('',(110.399999999999,440.298685980162,641.788769536406));
#1700=CARTESIAN_POINT('Origin',(110.399999999999,440.298685980163,628.388769536406));
#1701=CARTESIAN_POINT('',(110.399999999999,440.298685980162,628.388769536407));
#1702=CARTESIAN_POINT('',(110.399999999999,440.298685980162,628.388769536407));
#1703=CARTESIAN_POINT('Origin',(110.499999999999,440.298685980163,628.388769536406));
#1704=CARTESIAN_POINT('',(107.399999999999,440.298685980162,638.788769536406));
#1705=CARTESIAN_POINT('',(107.399999999999,440.298685980162,617.988769536406));
#1706=CARTESIAN_POINT('Origin',(107.399999999999,440.298685980163,628.388769536406));
#1707=CARTESIAN_POINT('',(110.499999999999,440.298685980162,638.788769536406));
#1708=CARTESIAN_POINT('',(110.499999999999,440.298685980162,617.988769536406));
#1709=CARTESIAN_POINT('Origin',(108.899999999999,440.298685980163,628.388769536406));
#1710=CARTESIAN_POINT('',(108.899999999999,440.298685980162,640.288769536406));
#1711=CARTESIAN_POINT('',(108.899999999999,440.298685980162,616.488769536406));
#1712=CARTESIAN_POINT('Origin',(67.9577370805752,440.298685980161,603.542557898416));
#1713=CARTESIAN_POINT('',(78.3577370805752,440.298685980162,610.642557898415));
#1714=CARTESIAN_POINT('',(57.5577370805752,440.298685980162,610.642557898415));
#1715=CARTESIAN_POINT('Origin',(67.9577370805752,440.298685980161,610.642557898415));
#1716=CARTESIAN_POINT('',(78.3577370805752,440.298685980162,603.542557898416));
#1717=CARTESIAN_POINT('',(57.5577370805752,440.298685980162,603.542557898416));
#1718=CARTESIAN_POINT('Origin',(67.9577370805752,440.298685980162,607.642557898415));
#1719=CARTESIAN_POINT('',(54.5577370805752,440.298685980162,607.642557898415));
#1720=CARTESIAN_POINT('',(81.3577370805751,440.298685980162,607.642557898415));
#1721=CARTESIAN_POINT('Origin',(67.9577370805752,440.298685980161,607.642557898415));
#1722=CARTESIAN_POINT('',(63.6038685402871,440.298685980162,607.642557898415));
#1723=CARTESIAN_POINT('',(63.6038685402871,440.298685980162,607.642557898415));
#1724=CARTESIAN_POINT('Origin',(59.249999999999,440.298685980162,628.388769536407));
#1725=CARTESIAN_POINT('',(79.8577370805752,440.298685980162,609.142557898415));
#1726=CARTESIAN_POINT('Origin',(67.9577370805752,440.298685980161,609.142557898415));
#1727=CARTESIAN_POINT('',(56.0577370805752,440.298685980162,609.142557898415));
#1728=CARTESIAN_POINT('Origin',(59.249999999999,440.298685980162,628.388769536407));
#1729=CARTESIAN_POINT('',(5.80035030189192,440.298685980162,615.895425162547));
#1730=CARTESIAN_POINT('',(3.99999999976606,440.298685980161,615.895425162547));
#1731=CARTESIAN_POINT('',(5.04999823297716,440.298685980162,615.895425162547));
#1732=CARTESIAN_POINT('',(3.99999999999903,440.298685980162,640.811875355402));
#1733=CARTESIAN_POINT('',(8.19964969829955,440.298685980162,615.188764001716));
#1734=CARTESIAN_POINT('Ctrl Pts',(8.19964969832318,440.298685982582,615.188764001721));
#1735=CARTESIAN_POINT('Ctrl Pts',(8.63225144490715,440.298685996718,615.621353524469));
#1736=CARTESIAN_POINT('Ctrl Pts',(9.06797338626498,440.298685980162,616.057061484774));
#1737=CARTESIAN_POINT('Ctrl Pts',(9.4997047931435,440.298685980162,616.48877678914));
#1738=CARTESIAN_POINT('Ctrl Pts',(9.99714474700201,440.298685980162,616.98619818972));
#1739=CARTESIAN_POINT('Ctrl Pts',(10.5018838730378,440.298685980162,617.490915478704));
#1740=CARTESIAN_POINT('Ctrl Pts',(10.9997639338349,440.298685980162,617.988769536443));
#1741=CARTESIAN_POINT('',(8.19964969830222,440.298685980161,613.496046989832));
#1742=CARTESIAN_POINT('',(8.19964969830222,440.298685980162,620.942408263119));
#1743=CARTESIAN_POINT('',(7.49963629025228,440.298685980161,612.796102587781));
#1744=CARTESIAN_POINT('Ctrl Pts',(8.19964969830221,440.298685980162,613.496046989833));
#1745=CARTESIAN_POINT('Ctrl Pts',(8.19964621512636,440.298685980162,613.465145781124));
#1746=CARTESIAN_POINT('Ctrl Pts',(8.19963401164762,440.298685980161,613.355577710688));
#1747=CARTESIAN_POINT('Ctrl Pts',(8.11039694029693,440.298685980161,613.142207159286));
#1748=CARTESIAN_POINT('Ctrl Pts',(8.05936444518117,440.298685980161,613.066018484308));
#1749=CARTESIAN_POINT('Ctrl Pts',(7.93099421736042,440.298685980161,612.937348485308));
#1750=CARTESIAN_POINT('Ctrl Pts',(7.85485409448552,440.298685980161,612.886108321704));
#1751=CARTESIAN_POINT('Ctrl Pts',(7.6851295599453,440.298685980161,612.8147195918));
#1752=CARTESIAN_POINT('Ctrl Pts',(7.59284898915164,440.298685980162,612.796102386637));
#1753=CARTESIAN_POINT('Ctrl Pts',(7.4996362902525,440.298685980162,612.796102587781));
#1754=CARTESIAN_POINT('',(6.50036301922759,440.298685980161,612.796103291315));
#1755=CARTESIAN_POINT('',(6.99999965474014,440.298685980162,612.796102939548));
#1756=CARTESIAN_POINT('',(5.8003503020794,440.298685980161,613.496047120593));
#1757=CARTESIAN_POINT('Ctrl Pts',(6.5003630192273,440.298685980162,612.796103291315));
#1758=CARTESIAN_POINT('Ctrl Pts',(6.40950749557818,440.298685980162,612.79610318418));
#1759=CARTESIAN_POINT('Ctrl Pts',(6.31951519659371,440.298685980162,612.813790788269));
#1760=CARTESIAN_POINT('Ctrl Pts',(6.15130632467322,440.298685980162,612.882569528072));
#1761=CARTESIAN_POINT('Ctrl Pts',(6.07468993397923,440.298685980162,612.933014101681));
#1762=CARTESIAN_POINT('Ctrl Pts',(5.94497002678427,440.298685980162,613.060414011048));
#1763=CARTESIAN_POINT('Ctrl Pts',(5.89311913148019,440.298685980162,613.136181492696));
#1764=CARTESIAN_POINT('Ctrl Pts',(5.83850265662465,440.298685980162,613.263281815));
#1765=CARTESIAN_POINT('Ctrl Pts',(5.82426311694474,440.298685980162,613.308609790169));
#1766=CARTESIAN_POINT('Ctrl Pts',(5.80035837752126,440.298685980162,613.424791703307));
#1767=CARTESIAN_POINT('Ctrl Pts',(5.80035232858803,440.298685980162,613.478270486455));
#1768=CARTESIAN_POINT('Ctrl Pts',(5.80035030207939,440.298685980162,613.496047120593));
#1769=CARTESIAN_POINT('',(5.80035030189192,440.298685980162,622.192097349372));
#1770=CARTESIAN_POINT('Ctrl Pts',(11.0001142332734,440.338826642134,617.988847001731));
#1771=CARTESIAN_POINT('Ctrl Pts',(10.9999253125101,440.317178187968,617.988763445023));
#1772=CARTESIAN_POINT('Ctrl Pts',(10.9997363894699,440.295529643042,617.988747484249));
#1773=CARTESIAN_POINT('Ctrl Pts',(10.9995474678365,440.273881429472,617.988799116532));
#1774=CARTESIAN_POINT('Ctrl Pts',(10.0667490830953,440.352924233595,617.055455036765));
#1775=CARTESIAN_POINT('Ctrl Pts',(10.0665432082442,440.329333120183,617.055342135433));
#1776=CARTESIAN_POINT('Ctrl Pts',(10.0663373303168,440.305741771458,617.055302895167));
#1777=CARTESIAN_POINT('Ctrl Pts',(10.0661314533271,440.282150647405,617.055337314536));
#1778=CARTESIAN_POINT('Ctrl Pts',(9.13338393291717,440.367021825056,616.1220630718));
#1779=CARTESIAN_POINT('Ctrl Pts',(9.13316110397833,440.341488052398,616.121920825843));
#1780=CARTESIAN_POINT('Ctrl Pts',(9.13293827116363,440.315953899875,616.121858306085));
#1781=CARTESIAN_POINT('Ctrl Pts',(9.13271543881774,440.290419865338,616.121875512541));
#1782=CARTESIAN_POINT('Ctrl Pts',(8.20001878273905,440.381119416517,615.188671106835));
#1783=CARTESIAN_POINT('Ctrl Pts',(8.19977899971244,440.353642984613,615.188499516253));
#1784=CARTESIAN_POINT('Ctrl Pts',(8.19953921201049,440.326166028291,615.188413717003));
#1785=CARTESIAN_POINT('Ctrl Pts',(8.19929942430836,440.298689083271,615.188413710545));
#1786=CARTESIAN_POINT('',(8.1996496982996,440.338826508897,615.188474742659));
#1787=CARTESIAN_POINT('Ctrl Pts',(8.1996496982996,440.338826508897,615.188474742659));
#1788=CARTESIAN_POINT('Ctrl Pts',(8.1996496982996,440.325446193494,615.18855081952));
#1789=CARTESIAN_POINT('Ctrl Pts',(8.19964969829934,440.312066001783,615.188647239317));
#1790=CARTESIAN_POINT('Ctrl Pts',(8.19964969829955,440.298685980162,615.188764001716));
#1791=CARTESIAN_POINT('Ctrl Pts',(11.0001142332722,440.338826641997,617.98884700173));
#1792=CARTESIAN_POINT('Ctrl Pts',(10.502236943254,440.338826544749,617.490992005669));
#1793=CARTESIAN_POINT('Ctrl Pts',(9.99749543628231,440.338826512019,616.986269109372));
#1794=CARTESIAN_POINT('Ctrl Pts',(9.50005346622046,440.33882650012,616.488842862633));
#1795=CARTESIAN_POINT('Ctrl Pts',(9.06820660864055,440.338826489791,616.057009655023));
#1796=CARTESIAN_POINT('Ctrl Pts',(8.63236649557277,440.338826518733,615.621181314384));
#1797=CARTESIAN_POINT('Ctrl Pts',(8.19964969833041,440.338826512248,615.188474742725));
#1798=CARTESIAN_POINT('Ctrl Pts',(11.0001142332669,440.338826641394,638.788692071085));
#1799=CARTESIAN_POINT('Ctrl Pts',(10.9865483166305,441.893316538359,638.782692194438));
#1800=CARTESIAN_POINT('Ctrl Pts',(10.9594536771815,444.996159559739,638.061805957347));
#1801=CARTESIAN_POINT('Ctrl Pts',(10.9268815950324,448.722218466821,635.075804608729));
#1802=CARTESIAN_POINT('Ctrl Pts',(10.9088548136127,450.782835180331,630.773460684317));
#1803=CARTESIAN_POINT('Ctrl Pts',(10.9088313957248,450.785495384442,626.004197464555));
#1804=CARTESIAN_POINT('Ctrl Pts',(10.9269022661685,448.719855238783,621.703728015501));
#1805=CARTESIAN_POINT('Ctrl Pts',(10.9594415369538,444.997549419618,618.714913859058));
#1806=CARTESIAN_POINT('Ctrl Pts',(10.9865483166516,441.893316537426,617.994846878231));
#1807=CARTESIAN_POINT('Ctrl Pts',(11.000114233288,440.33882664046,617.988847001724));
#1808=CARTESIAN_POINT('Ctrl Pts',(10.0666862070555,440.331933850384,639.72216505228));
#1809=CARTESIAN_POINT('Ctrl Pts',(10.0519027550904,442.025942644087,639.71719544721));
#1810=CARTESIAN_POINT('Ctrl Pts',(10.0223698211507,445.408776213907,638.934722084993));
#1811=CARTESIAN_POINT('Ctrl Pts',(9.98685215045605,449.474336349392,635.681885985982));
#1812=CARTESIAN_POINT('Ctrl Pts',(9.96718962110911,451.723961848427,630.990109549718));
#1813=CARTESIAN_POINT('Ctrl Pts',(9.96716401873337,451.726879595127,625.787556784243));
#1814=CARTESIAN_POINT('Ctrl Pts',(9.98687469453806,449.471756807765,621.0978494339));
#1815=CARTESIAN_POINT('Ctrl Pts',(10.022356587931,445.410291714735,617.841914092121));
#1816=CARTESIAN_POINT('Ctrl Pts',(10.0519027551134,442.02594264307,617.060343625447));
#1817=CARTESIAN_POINT('Ctrl Pts',(10.0666862070784,440.331933849366,617.05537402053));
#1818=CARTESIAN_POINT('Ctrl Pts',(9.133258180844,440.325041059374,640.655638033475));
#1819=CARTESIAN_POINT('Ctrl Pts',(9.11725719355034,442.158568749815,640.651698699982));
#1820=CARTESIAN_POINT('Ctrl Pts',(9.08528596511985,445.821392868074,639.80763821264));
#1821=CARTESIAN_POINT('Ctrl Pts',(9.0468227058797,450.226454231963,636.287967363236));
#1822=CARTESIAN_POINT('Ctrl Pts',(9.02552442860548,452.665088516523,631.206758415119));
#1823=CARTESIAN_POINT('Ctrl Pts',(9.02549664174189,452.668263805813,625.57091610393));
#1824=CARTESIAN_POINT('Ctrl Pts',(9.04684712290758,450.223658376748,620.491970852298));
#1825=CARTESIAN_POINT('Ctrl Pts',(9.08527163890811,445.823034009853,616.968914325183));
#1826=CARTESIAN_POINT('Ctrl Pts',(9.11725719357519,442.158568748714,616.125840372664));
#1827=CARTESIAN_POINT('Ctrl Pts',(9.13325818086886,440.325041058273,616.121901039335));
#1828=CARTESIAN_POINT('Ctrl Pts',(8.19983015463252,440.318148268364,641.58911101467));
#1829=CARTESIAN_POINT('Ctrl Pts',(8.18261163201024,442.291194855542,641.586201952753));
#1830=CARTESIAN_POINT('Ctrl Pts',(8.14820210908903,446.234009522242,640.680554340286));
#1831=CARTESIAN_POINT('Ctrl Pts',(8.10679326130335,450.978572114534,636.89404874049));
#1832=CARTESIAN_POINT('Ctrl Pts',(8.08385923610185,453.606215184619,631.423407280521));
#1833=CARTESIAN_POINT('Ctrl Pts',(8.08382926475042,453.609648016498,625.354275423618));
#1834=CARTESIAN_POINT('Ctrl Pts',(8.10681955127711,450.97555994573,619.886092270697));
#1835=CARTESIAN_POINT('Ctrl Pts',(8.14818668988527,446.23577630497,616.095914558245));
#1836=CARTESIAN_POINT('Ctrl Pts',(8.18261163203698,442.291194854358,615.19133711988));
#1837=CARTESIAN_POINT('Ctrl Pts',(8.19983015465927,440.318148267179,615.188428058141));
#1838=CARTESIAN_POINT('',(8.19964969829816,440.338826507964,641.589064330151));
#1839=CARTESIAN_POINT('Ctrl Pts',(8.19964969858965,440.338826474178,641.589064055896));
#1840=CARTESIAN_POINT('Ctrl Pts',(8.19964970405108,440.641813301361,641.585490612286));
#1841=CARTESIAN_POINT('Ctrl Pts',(8.19964983708294,440.944148212386,641.571322241086));
#1842=CARTESIAN_POINT('Ctrl Pts',(8.19965003001088,441.245315533747,641.546806736956));
#1843=CARTESIAN_POINT('Ctrl Pts',(8.19965022518271,441.549985645167,641.522006100085));
#1844=CARTESIAN_POINT('Ctrl Pts',(8.19965047678872,441.853461406353,641.486616201705));
#1845=CARTESIAN_POINT('Ctrl Pts',(8.19965066469196,442.155214689076,641.440840532427));
#1846=CARTESIAN_POINT('Ctrl Pts',(8.19965085391997,442.459095427632,641.394742130242));
#1847=CARTESIAN_POINT('Ctrl Pts',(8.19965097336801,442.761229907055,641.33811092014));
#1848=CARTESIAN_POINT('Ctrl Pts',(8.19965092595635,443.061075826545,641.271102164956));
#1849=CARTESIAN_POINT('Ctrl Pts',(8.19965087866201,443.360179747905,641.204259229508));
#1850=CARTESIAN_POINT('Ctrl Pts',(8.1996506602014,443.657007009758,641.127089899208));
#1851=CARTESIAN_POINT('Ctrl Pts',(8.19965027690433,443.951007573527,641.039697956746));
#1852=CARTESIAN_POINT('Ctrl Pts',(8.19964989846101,444.241285163563,640.953412671708));
#1853=CARTESIAN_POINT('Ctrl Pts',(8.19964935470769,444.528807721596,640.857161826244));
#1854=CARTESIAN_POINT('Ctrl Pts',(8.19964882395592,444.813026121064,640.750998959619));
#1855=CARTESIAN_POINT('Ctrl Pts',(8.19964845747118,445.009279270473,640.677693371507));
#1856=CARTESIAN_POINT('Ctrl Pts',(8.19964810071013,445.203956620168,640.59966085499));
#1857=CARTESIAN_POINT('Ctrl Pts',(8.19964787876389,445.396869780888,640.516906620806));
#1858=CARTESIAN_POINT('Ctrl Pts',(8.1996476375221,445.60655441673,640.426957902977));
#1859=CARTESIAN_POINT('Ctrl Pts',(8.19964748848702,445.813625962385,640.331657824411));
#1860=CARTESIAN_POINT('Ctrl Pts',(8.19964763827305,446.017872138307,640.231081460662));
#1861=CARTESIAN_POINT('Ctrl Pts',(8.19964783788186,446.290055979185,640.097050745701));
#1862=CARTESIAN_POINT('Ctrl Pts',(8.19964856012244,446.557223185414,639.953651790018));
#1863=CARTESIAN_POINT('Ctrl Pts',(8.1996492628974,446.81898968026,639.801307083487));
#1864=CARTESIAN_POINT('Ctrl Pts',(8.19964997393808,447.083834955746,639.647170566538));
#1865=CARTESIAN_POINT('Ctrl Pts',(8.19965066058053,447.343152243592,639.48387635093));
#1866=CARTESIAN_POINT('Ctrl Pts',(8.19965094733661,447.596522477305,639.311813152818));
#1867=CARTESIAN_POINT('Ctrl Pts',(8.19965123414529,447.849939175904,639.139718400499));
#1868=CARTESIAN_POINT('Ctrl Pts',(8.19965111668208,448.097407124632,638.958851080648));
#1869=CARTESIAN_POINT('Ctrl Pts',(8.19965046930689,448.338478405141,638.769556549825));
#1870=CARTESIAN_POINT('Ctrl Pts',(8.19964982818233,448.577222057638,638.582089724284));
#1871=CARTESIAN_POINT('Ctrl Pts',(8.19964866365258,448.809692391081,638.38635722687));
#1872=CARTESIAN_POINT('Ctrl Pts',(8.19964715715133,449.03541959411,638.182657678002));
#1873=CARTESIAN_POINT('Ctrl Pts',(8.19964583886965,449.232944845863,638.004407984867));
#1874=CARTESIAN_POINT('Ctrl Pts',(8.19964426148329,449.425306343994,637.820056967023));
#1875=CARTESIAN_POINT('Ctrl Pts',(8.19964277412953,449.612163228586,637.629784822681));
#1876=CARTESIAN_POINT('Ctrl Pts',(8.19964106239916,449.827208642311,637.410808935925));
#1877=CARTESIAN_POINT('Ctrl Pts',(8.19963938321756,450.034239723541,637.184728911171));
#1878=CARTESIAN_POINT('Ctrl Pts',(8.19963856258957,450.232856735991,636.951935382506));
#1879=CARTESIAN_POINT('Ctrl Pts',(8.19963810626635,450.343300880491,636.822486843323));
#1880=CARTESIAN_POINT('Ctrl Pts',(8.19963791974969,450.451142820679,636.69096163476));
#1881=CARTESIAN_POINT('Ctrl Pts',(8.19963818210708,450.556309583273,636.5574213946));
#1882=CARTESIAN_POINT('Ctrl Pts',(8.19963865903393,450.747487174139,636.314665025878));
#1883=CARTESIAN_POINT('Ctrl Pts',(8.19964059670562,450.929827001356,636.065251913469));
#1884=CARTESIAN_POINT('Ctrl Pts',(8.19964284720661,451.103145444834,635.809744025113));
#1885=CARTESIAN_POINT('Ctrl Pts',(8.19964507600827,451.27479275144,635.556699744466));
#1886=CARTESIAN_POINT('Ctrl Pts',(8.19964760995808,451.437591996327,635.297677048889));
#1887=CARTESIAN_POINT('Ctrl Pts',(8.1996497098068,451.591321772469,635.033190618223));
#1888=CARTESIAN_POINT('Ctrl Pts',(8.19965184032131,451.747296589639,634.764841676966));
#1889=CARTESIAN_POINT('Ctrl Pts',(8.19965352046031,451.89393550755,634.490867740856));
#1890=CARTESIAN_POINT('Ctrl Pts',(8.19965440811353,452.030958015971,634.211782347203));
#1891=CARTESIAN_POINT('Ctrl Pts',(8.19965529576675,452.167980524392,633.932696953549));
#1892=CARTESIAN_POINT('Ctrl Pts',(8.19965538828442,452.295386927033,633.648499519859));
#1893=CARTESIAN_POINT('Ctrl Pts',(8.19965481530033,452.412842668815,633.359688076963));
#1894=CARTESIAN_POINT('Ctrl Pts',(8.19965425309077,452.528089744583,633.07630751389));
#1895=CARTESIAN_POINT('Ctrl Pts',(8.19965300796991,452.633369673268,632.789436348267));
#1896=CARTESIAN_POINT('Ctrl Pts',(8.19965163274702,452.728514553602,632.499605208076));
#1897=CARTESIAN_POINT('Ctrl Pts',(8.1996502531906,452.823959250097,632.208860765354));
#1898=CARTESIAN_POINT('Ctrl Pts',(8.19964874041699,452.909205186344,631.915137125105));
#1899=CARTESIAN_POINT('Ctrl Pts',(8.19964805196101,452.984037087208,631.618944826472));
#1900=CARTESIAN_POINT('Ctrl Pts',(8.19964780460961,453.010923010827,631.512527597644));
#1901=CARTESIAN_POINT('Ctrl Pts',(8.19964766756707,453.036464189728,631.405791506212));
#1902=CARTESIAN_POINT('Ctrl Pts',(8.19964769866313,453.060649101732,631.298759647322));
#1903=CARTESIAN_POINT('Ctrl Pts',(8.19964778512964,453.127898278291,631.001144159825));
#1904=CARTESIAN_POINT('Ctrl Pts',(8.19964913881497,453.18466472682,630.7012425504));
#1905=CARTESIAN_POINT('Ctrl Pts',(8.19965060185313,453.230975626729,630.399614281248));
#1906=CARTESIAN_POINT('Ctrl Pts',(8.1996520667985,453.277346896864,630.097592813804));
#1907=CARTESIAN_POINT('Ctrl Pts',(8.19965364115786,453.313235366903,629.79383958254));
#1908=CARTESIAN_POINT('Ctrl Pts',(8.1996546157809,453.338616373325,629.488911062381));
#1909=CARTESIAN_POINT('Ctrl Pts',(8.19965558444799,453.363842275544,629.185845970897));
#1910=CARTESIAN_POINT('Ctrl Pts',(8.1996559609208,453.378688717843,628.881619322371));
#1911=CARTESIAN_POINT('Ctrl Pts',(8.19965549548255,453.383080308772,628.576781217564));
#1912=CARTESIAN_POINT('Ctrl Pts',(8.19965537750175,453.384193503518,628.499509863695));
#1913=CARTESIAN_POINT('Ctrl Pts',(8.19965520766558,453.384634677961,628.422199265362));
#1914=CARTESIAN_POINT('Ctrl Pts',(8.19965498648117,453.384402079886,628.344858490745));
#1915=CARTESIAN_POINT('Ctrl Pts',(8.19965411158214,453.383482033869,628.038935615313));
#1916=CARTESIAN_POINT('Ctrl Pts',(8.19965240152267,453.372027171229,627.73356733051));
#1917=CARTESIAN_POINT('Ctrl Pts',(8.19965018203608,453.350108656771,627.42930988033));
#1918=CARTESIAN_POINT('Ctrl Pts',(8.19964795506526,453.328116231914,627.124026457803));
#1919=CARTESIAN_POINT('Ctrl Pts',(8.19964521510595,453.295589482002,626.819860773705));
#1920=CARTESIAN_POINT('Ctrl Pts',(8.19964274609328,453.252548155607,626.517369010163));
#1921=CARTESIAN_POINT('Ctrl Pts',(8.19964028456403,453.209637284689,626.215794079593));
#1922=CARTESIAN_POINT('Ctrl Pts',(8.19963809260325,453.156275448684,625.915882344138));
#1923=CARTESIAN_POINT('Ctrl Pts',(8.19963739662772,453.092430687139,625.618188231946));
#1924=CARTESIAN_POINT('Ctrl Pts',(8.19963728828713,453.082492149055,625.571847009898));
#1925=CARTESIAN_POINT('Ctrl Pts',(8.199637217082,453.072299484314,625.52555954273));
#1926=CARTESIAN_POINT('Ctrl Pts',(8.19963718861701,453.061852460211,625.479327943477));
#1927=CARTESIAN_POINT('Ctrl Pts',(8.19963700537805,452.994601352277,625.181719146849));
#1928=CARTESIAN_POINT('Ctrl Pts',(8.19963855812702,452.916813766369,624.886424116298));
#1929=CARTESIAN_POINT('Ctrl Pts',(8.19964060821778,452.82874062179,624.59393878205));
#1930=CARTESIAN_POINT('Ctrl Pts',(8.19964265602541,452.74076556223,624.301779181933));
#1931=CARTESIAN_POINT('Ctrl Pts',(8.19964520236402,452.642527577597,624.012422485514));
#1932=CARTESIAN_POINT('Ctrl Pts',(8.19964742350798,452.53422967276,623.726384494798));
#1933=CARTESIAN_POINT('Ctrl Pts',(8.1996484395711,452.484688756515,623.595536311149));
#1934=CARTESIAN_POINT('Ctrl Pts',(8.19964939304066,452.433042067567,623.465382949189));
#1935=CARTESIAN_POINT('Ctrl Pts',(8.19965023178527,452.379305976622,623.335975763021));
#1936=CARTESIAN_POINT('Ctrl Pts',(8.19965206121584,452.262099325078,623.053718853191));
#1937=CARTESIAN_POINT('Ctrl Pts',(8.19965336014324,452.135348740971,622.775957149277));
#1938=CARTESIAN_POINT('Ctrl Pts',(8.19965390801046,451.999383807307,622.50315441443));
#1939=CARTESIAN_POINT('Ctrl Pts',(8.19965445858419,451.862747195038,622.229004010331));
#1940=CARTESIAN_POINT('Ctrl Pts',(8.19965425284599,451.716804718255,621.959861147726));
#1941=CARTESIAN_POINT('Ctrl Pts',(8.19965351131876,451.561839961194,621.696211263629));
#1942=CARTESIAN_POINT('Ctrl Pts',(8.19965277135484,451.407201905973,621.43311721496));
#1943=CARTESIAN_POINT('Ctrl Pts',(8.19965150043788,451.243579276905,621.175492484846));
#1944=CARTESIAN_POINT('Ctrl Pts',(8.19965032257085,451.071207487343,620.923842094598));
#1945=CARTESIAN_POINT('Ctrl Pts',(8.19964920100104,450.907074363265,620.684219562213));
#1946=CARTESIAN_POINT('Ctrl Pts',(8.19964816837266,450.735007915705,620.45001368476));
#1947=CARTESIAN_POINT('Ctrl Pts',(8.19964807455974,450.555175748873,620.221686166567));
#1948=CARTESIAN_POINT('Ctrl Pts',(8.19964797587764,450.366009745388,619.981507755424));
#1949=CARTESIAN_POINT('Ctrl Pts',(8.19964891763422,450.168250785134,619.747833141521));
#1950=CARTESIAN_POINT('Ctrl Pts',(8.19965002833618,449.962307123655,619.521034083615));
#1951=CARTESIAN_POINT('Ctrl Pts',(8.19965075746204,449.827114376761,619.372150707398));
#1952=CARTESIAN_POINT('Ctrl Pts',(8.19965156584426,449.68839383163,619.226231002672));
#1953=CARTESIAN_POINT('Ctrl Pts',(8.19965226967808,449.546253795115,619.083390024822));
#1954=CARTESIAN_POINT('Ctrl Pts',(8.19965333155431,449.331806688858,618.867885406238));
#1955=CARTESIAN_POINT('Ctrl Pts',(8.19965422451657,449.110293152284,618.660105630912));
#1956=CARTESIAN_POINT('Ctrl Pts',(8.19965458628416,448.882202471691,618.46032710586));
#1957=CARTESIAN_POINT('Ctrl Pts',(8.19965495241563,448.651360401594,618.25813871235));
#1958=CARTESIAN_POINT('Ctrl Pts',(8.19965477798602,448.413781150123,618.064145342347));
#1959=CARTESIAN_POINT('Ctrl Pts',(8.19965405101095,448.169930296763,617.878666798107));
#1960=CARTESIAN_POINT('Ctrl Pts',(8.19965332371488,447.925971770048,617.693106355047));
#1961=CARTESIAN_POINT('Ctrl Pts',(8.19965204758255,447.675735620794,617.516067886454));
#1962=CARTESIAN_POINT('Ctrl Pts',(8.19965051304577,447.41965342276,617.347910631106));
#1963=CARTESIAN_POINT('Ctrl Pts',(8.19964899194739,447.165813813038,617.18122597908));
#1964=CARTESIAN_POINT('Ctrl Pts',(8.19964722131414,446.906229597458,617.02326736835));
#1965=CARTESIAN_POINT('Ctrl Pts',(8.19964571668261,446.641294480409,616.87442793661));
#1966=CARTESIAN_POINT('Ctrl Pts',(8.19964455527247,446.436793693326,616.759540256642));
#1967=CARTESIAN_POINT('Ctrl Pts',(8.19964355751729,446.229104171209,616.650086727365));
#1968=CARTESIAN_POINT('Ctrl Pts',(8.19964303235217,446.018398760512,616.54626778672));
#1969=CARTESIAN_POINT('Ctrl Pts',(8.19964245629988,445.787276525235,616.432389051729));
#1970=CARTESIAN_POINT('Ctrl Pts',(8.19964245038866,445.552525446053,616.325289457369));
#1971=CARTESIAN_POINT('Ctrl Pts',(8.19964268240632,445.314458520479,616.225074140048));
#1972=CARTESIAN_POINT('Ctrl Pts',(8.19964295483741,445.034924485202,616.107403060877));
#1973=CARTESIAN_POINT('Ctrl Pts',(8.19964366096005,444.751748943752,615.999613464707));
#1974=CARTESIAN_POINT('Ctrl Pts',(8.19964441324822,444.465501787665,615.901725267836));
#1975=CARTESIAN_POINT('Ctrl Pts',(8.19964517406888,444.176007998416,615.802726816908));
#1976=CARTESIAN_POINT('Ctrl Pts',(8.19964598683948,443.883371980421,615.713855454159));
#1977=CARTESIAN_POINT('Ctrl Pts',(8.19964667629827,443.588157401472,615.63517837907));
#1978=CARTESIAN_POINT('Ctrl Pts',(8.19964736989924,443.291169213556,615.556028622834));
#1979=CARTESIAN_POINT('Ctrl Pts',(8.19964794381056,442.991570803057,615.487195849482));
#1980=CARTESIAN_POINT('Ctrl Pts',(8.19964837185612,442.689918625,615.428797988592));
#1981=CARTESIAN_POINT('Ctrl Pts',(8.19964879856632,442.38920749993,615.370582309319));
#1982=CARTESIAN_POINT('Ctrl Pts',(8.19964908556028,442.086454800994,615.322736438897));
#1983=CARTESIAN_POINT('Ctrl Pts',(8.19964927982939,441.782203448294,615.285428120124));
#1984=CARTESIAN_POINT('Ctrl Pts',(8.1996494715545,441.481936358004,615.248608364937));
#1985=CARTESIAN_POINT('Ctrl Pts',(8.19964957790112,441.180209042346,615.222051966138));
#1986=CARTESIAN_POINT('Ctrl Pts',(8.19964963966659,440.877543882368,615.205970556729));
#1987=CARTESIAN_POINT('Ctrl Pts',(8.19964967625262,440.698263806679,615.196444926834));
#1988=CARTESIAN_POINT('Ctrl Pts',(8.1996496967582,440.518654725343,615.190595555806));
#1989=CARTESIAN_POINT('Ctrl Pts',(8.19964969831035,440.338826507364,615.188474997383));
#1990=CARTESIAN_POINT('Ctrl Pts',(8.19964969859289,440.338826473468,641.589064055901));
#1991=CARTESIAN_POINT('Ctrl Pts',(8.63236785981466,440.338826459724,641.156356195892));
#1992=CARTESIAN_POINT('Ctrl Pts',(9.06821317882842,440.338826471527,640.720522713463));
#1993=CARTESIAN_POINT('Ctrl Pts',(9.5000649106864,440.33882648781,640.288684678811));
#1994=CARTESIAN_POINT('Ctrl Pts',(9.99750378083382,440.338826506565,639.791261586122));
#1995=CARTESIAN_POINT('Ctrl Pts',(10.5022409998268,440.338826544113,639.286543010749));
#1996=CARTESIAN_POINT('Ctrl Pts',(11.0001142332669,440.338826641394,638.788692071085));
#1997=CARTESIAN_POINT('Ctrl Pts',(10.9995474678365,440.273881429472,638.788739956281));
#1998=CARTESIAN_POINT('Ctrl Pts',(10.9997363894677,440.295529642796,638.788791588563));
#1999=CARTESIAN_POINT('Ctrl Pts',(10.9999253125058,440.317178187475,638.78877562779));
#2000=CARTESIAN_POINT('Ctrl Pts',(11.000114233267,440.338826641394,638.788692071085));
#2001=CARTESIAN_POINT('Ctrl Pts',(10.0661314533286,440.282150647405,639.722201758275));
#2002=CARTESIAN_POINT('Ctrl Pts',(10.0663373303159,440.30574177119,639.722236177643));
#2003=CARTESIAN_POINT('Ctrl Pts',(10.066543208241,440.329333119646,639.722196937379));
#2004=CARTESIAN_POINT('Ctrl Pts',(10.0667490830897,440.352924232789,639.72208403605));
#2005=CARTESIAN_POINT('Ctrl Pts',(9.13271543882067,440.290419865338,640.655663560269));
#2006=CARTESIAN_POINT('Ctrl Pts',(9.13293827116403,440.315953899584,640.655680766724));
#2007=CARTESIAN_POINT('Ctrl Pts',(9.1331611039762,440.341488051816,640.655618246968));
#2008=CARTESIAN_POINT('Ctrl Pts',(9.1333839329125,440.367021824184,640.655476001015));
#2009=CARTESIAN_POINT('Ctrl Pts',(8.19929942431277,440.298689083271,641.589125362263));
#2010=CARTESIAN_POINT('Ctrl Pts',(8.19953921201217,440.326166027978,641.589125355805));
#2011=CARTESIAN_POINT('Ctrl Pts',(8.19977899971139,440.353642983987,641.589039556557));
#2012=CARTESIAN_POINT('Ctrl Pts',(8.20001878273527,440.381119415579,641.588867965979));
#2013=CARTESIAN_POINT('',(8.19964969829947,440.298685980162,641.588775071097));
#2014=CARTESIAN_POINT('Ctrl Pts',(8.19964969829947,440.298685980162,641.588775071097));
#2015=CARTESIAN_POINT('Ctrl Pts',(8.19964969829947,440.312066001481,641.588891833493));
#2016=CARTESIAN_POINT('Ctrl Pts',(8.19964969829813,440.325446192888,641.588988253292));
#2017=CARTESIAN_POINT('Ctrl Pts',(8.19964969829816,440.338826507964,641.589064330151));
#2018=CARTESIAN_POINT('Ctrl Pts',(10.9997639338349,440.298685980162,638.78876953637));
#2019=CARTESIAN_POINT('Ctrl Pts',(10.5018859655792,440.298685980162,639.286621501677));
#2020=CARTESIAN_POINT('Ctrl Pts',(9.99714901916878,440.298685980162,639.79133661111));
#2021=CARTESIAN_POINT('Ctrl Pts',(9.49971113601104,440.298685980162,640.288755941041));
#2022=CARTESIAN_POINT('Ctrl Pts',(9.06797763371471,440.298685980162,640.720473340725));
#2023=CARTESIAN_POINT('Ctrl Pts',(8.63225353696368,440.298685996721,641.156183456346));
#2024=CARTESIAN_POINT('Ctrl Pts',(8.19964969832306,440.298685982583,641.588775071092));
#2025=CARTESIAN_POINT('Origin',(5.80035030189192,440.298685980161,615.995425162339));
#2026=CARTESIAN_POINT('',(5.80035030189191,440.298685980162,640.882113910266));
#2027=CARTESIAN_POINT('Origin',(5.80035030189191,440.298685980161,628.388769536406));
#2028=CARTESIAN_POINT('',(5.80035030207938,440.298685980162,643.281491952219));
#2029=CARTESIAN_POINT('Origin',(5.80035030207939,440.298685980161,628.388769536406));
#2030=CARTESIAN_POINT('',(5.80035030189192,440.298685980162,622.192097349372));
#2031=CARTESIAN_POINT('Ctrl Pts',(5.80035030207939,440.298685980161,613.496047120593));
#2032=CARTESIAN_POINT('Ctrl Pts',(5.80035030207939,425.405963564349,613.496047120593));
#2033=CARTESIAN_POINT('Ctrl Pts',(5.80035030207939,425.405963564349,628.388769536406));
#2034=CARTESIAN_POINT('Ctrl Pts',(5.80035030207938,425.405963564349,643.281491952219));
#2035=CARTESIAN_POINT('Ctrl Pts',(5.80035030207938,440.298685980161,643.281491952219));
#2036=CARTESIAN_POINT('Ctrl Pts',(5.80035030207938,455.191408395974,643.281491952219));
#2037=CARTESIAN_POINT('Ctrl Pts',(5.80035030207939,455.191408395974,628.388769536406));
#2038=CARTESIAN_POINT('Ctrl Pts',(5.80035030207939,455.191408395974,613.496047120593));
#2039=CARTESIAN_POINT('Ctrl Pts',(5.80035030207939,440.298685980161,613.496047120593));
#2040=CARTESIAN_POINT('Ctrl Pts',(5.80035030331701,440.298685980161,613.496036264163));
#2041=CARTESIAN_POINT('Ctrl Pts',(5.80035030331701,425.405952707918,613.496036264163));
#2042=CARTESIAN_POINT('Ctrl Pts',(5.800350303317,425.405952707918,628.388769536406));
#2043=CARTESIAN_POINT('Ctrl Pts',(5.80035030331699,425.405952707918,643.28150280865));
#2044=CARTESIAN_POINT('Ctrl Pts',(5.80035030331699,440.298685980161,643.28150280865));
#2045=CARTESIAN_POINT('Ctrl Pts',(5.80035030331699,455.191419252405,643.28150280865));
#2046=CARTESIAN_POINT('Ctrl Pts',(5.800350303317,455.191419252405,628.388769536406));
#2047=CARTESIAN_POINT('Ctrl Pts',(5.80035030331701,455.191419252405,613.496036264163));
#2048=CARTESIAN_POINT('Ctrl Pts',(5.80035030331701,440.298685980161,613.496036264163));
#2049=CARTESIAN_POINT('Ctrl Pts',(5.80035030455464,440.298685980161,613.496025407513));
#2050=CARTESIAN_POINT('Ctrl Pts',(5.80035030455464,425.405941851269,613.496025407513));
#2051=CARTESIAN_POINT('Ctrl Pts',(5.80035030455464,425.405941851269,628.388769536406));
#2052=CARTESIAN_POINT('Ctrl Pts',(5.80035030455463,425.405941851269,643.281513665299));
#2053=CARTESIAN_POINT('Ctrl Pts',(5.80035030455463,440.298685980161,643.281513665299));
#2054=CARTESIAN_POINT('Ctrl Pts',(5.80035030455463,455.191430109054,643.281513665299));
#2055=CARTESIAN_POINT('Ctrl Pts',(5.80035030455464,455.191430109054,628.388769536406));
#2056=CARTESIAN_POINT('Ctrl Pts',(5.80035030455464,455.191430109054,613.496025407513));
#2057=CARTESIAN_POINT('Ctrl Pts',(5.80035030455464,440.298685980161,613.496025407513));
#2058=CARTESIAN_POINT('Ctrl Pts',(5.80035030579229,440.298685980161,613.496014550746));
#2059=CARTESIAN_POINT('Ctrl Pts',(5.80035030579229,425.405930994501,613.496014550746));
#2060=CARTESIAN_POINT('Ctrl Pts',(5.80035030579228,425.405930994501,628.388769536406));
#2061=CARTESIAN_POINT('Ctrl Pts',(5.80035030579227,425.405930994501,643.281524522067));
#2062=CARTESIAN_POINT('Ctrl Pts',(5.80035030579227,440.298685980161,643.281524522067));
#2063=CARTESIAN_POINT('Ctrl Pts',(5.80035030579227,455.191440965822,643.281524522067));
#2064=CARTESIAN_POINT('Ctrl Pts',(5.80035030579228,455.191440965822,628.388769536406));
#2065=CARTESIAN_POINT('Ctrl Pts',(5.80035030579229,455.191440965822,613.496014550746));
#2066=CARTESIAN_POINT('Ctrl Pts',(5.80035030579229,440.298685980161,613.496014550746));
#2067=CARTESIAN_POINT('Ctrl Pts',(5.80036076422092,440.298685980161,613.404272297186));
#2068=CARTESIAN_POINT('Ctrl Pts',(5.80036076422092,425.314188740942,613.404272297186));
#2069=CARTESIAN_POINT('Ctrl Pts',(5.80036076422091,425.314188740942,628.388769536406));
#2070=CARTESIAN_POINT('Ctrl Pts',(5.8003607642209,425.314188740942,643.373266775626));
#2071=CARTESIAN_POINT('Ctrl Pts',(5.8003607642209,440.298685980161,643.373266775626));
#2072=CARTESIAN_POINT('Ctrl Pts',(5.8003607642209,455.283183219381,643.373266775626));
#2073=CARTESIAN_POINT('Ctrl Pts',(5.80036076422091,455.283183219381,628.388769536406));
#2074=CARTESIAN_POINT('Ctrl Pts',(5.80036076422092,455.283183219381,613.404272297186));
#2075=CARTESIAN_POINT('Ctrl Pts',(5.80036076422092,440.298685980161,613.404272297186));
#2076=CARTESIAN_POINT('Ctrl Pts',(5.81840744645245,440.298685980161,613.313420512728));
#2077=CARTESIAN_POINT('Ctrl Pts',(5.81840744645245,425.223336956483,613.313420512728));
#2078=CARTESIAN_POINT('Ctrl Pts',(5.81840744645244,425.223336956483,628.388769536406));
#2079=CARTESIAN_POINT('Ctrl Pts',(5.81840744645243,425.223336956483,643.464118560085));
#2080=CARTESIAN_POINT('Ctrl Pts',(5.81840744645243,440.298685980161,643.464118560085));
#2081=CARTESIAN_POINT('Ctrl Pts',(5.81840744645243,455.37403500384,643.464118560085));
#2082=CARTESIAN_POINT('Ctrl Pts',(5.81840744645244,455.37403500384,628.388769536406));
#2083=CARTESIAN_POINT('Ctrl Pts',(5.81840744645245,455.37403500384,613.313420512728));
#2084=CARTESIAN_POINT('Ctrl Pts',(5.81840744645245,440.298685980161,613.313420512728));
#2085=CARTESIAN_POINT('Ctrl Pts',(5.85346159236993,440.298685980161,613.228638942677));
#2086=CARTESIAN_POINT('Ctrl Pts',(5.85346159236993,425.138555386432,613.228638942677));
#2087=CARTESIAN_POINT('Ctrl Pts',(5.85346159236992,425.138555386432,628.388769536406));
#2088=CARTESIAN_POINT('Ctrl Pts',(5.85346159236991,425.138555386432,643.548900130136));
#2089=CARTESIAN_POINT('Ctrl Pts',(5.85346159236991,440.298685980161,643.548900130136));
#2090=CARTESIAN_POINT('Ctrl Pts',(5.85346159236991,455.458816573891,643.548900130136));
#2091=CARTESIAN_POINT('Ctrl Pts',(5.85346159236992,455.458816573891,628.388769536406));
#2092=CARTESIAN_POINT('Ctrl Pts',(5.85346159236993,455.458816573891,613.228638942677));
#2093=CARTESIAN_POINT('Ctrl Pts',(5.85346159236993,440.298685980161,613.228638942677));
#2094=CARTESIAN_POINT('Ctrl Pts',(5.88782667032232,440.298685980161,613.145523944794));
#2095=CARTESIAN_POINT('Ctrl Pts',(5.88782667032232,425.05544038855,613.145523944794));
#2096=CARTESIAN_POINT('Ctrl Pts',(5.88782667032231,425.05544038855,628.388769536406));
#2097=CARTESIAN_POINT('Ctrl Pts',(5.88782667032231,425.05544038855,643.632015128018));
#2098=CARTESIAN_POINT('Ctrl Pts',(5.88782667032231,440.298685980161,643.632015128018));
#2099=CARTESIAN_POINT('Ctrl Pts',(5.88782667032231,455.541931571773,643.632015128018));
#2100=CARTESIAN_POINT('Ctrl Pts',(5.88782667032231,455.541931571773,628.388769536406));
#2101=CARTESIAN_POINT('Ctrl Pts',(5.88782667032232,455.541931571773,613.145523944794));
#2102=CARTESIAN_POINT('Ctrl Pts',(5.88782667032232,440.298685980161,613.145523944794));
#2103=CARTESIAN_POINT('Ctrl Pts',(5.9378906822403,440.298685980161,613.069806315075));
#2104=CARTESIAN_POINT('Ctrl Pts',(5.9378906822403,424.979722758831,613.069806315075));
#2105=CARTESIAN_POINT('Ctrl Pts',(5.93789068224029,424.979722758831,628.388769536406));
#2106=CARTESIAN_POINT('Ctrl Pts',(5.93789068224029,424.979722758831,643.707732757737));
#2107=CARTESIAN_POINT('Ctrl Pts',(5.93789068224029,440.298685980161,643.707732757737));
#2108=CARTESIAN_POINT('Ctrl Pts',(5.93789068224029,455.617649201492,643.707732757737));
#2109=CARTESIAN_POINT('Ctrl Pts',(5.93789068224029,455.617649201492,628.388769536406));
#2110=CARTESIAN_POINT('Ctrl Pts',(5.9378906822403,455.617649201492,613.069806315075));
#2111=CARTESIAN_POINT('Ctrl Pts',(5.9378906822403,440.298685980161,613.069806315075));
#2112=CARTESIAN_POINT('Ctrl Pts',(6.00090798070118,440.298685980161,613.005636865217));
#2113=CARTESIAN_POINT('Ctrl Pts',(6.00090798070118,424.915553308972,613.005636865217));
#2114=CARTESIAN_POINT('Ctrl Pts',(6.00090798070117,424.915553308972,628.388769536406));
#2115=CARTESIAN_POINT('Ctrl Pts',(6.00090798070117,424.915553308972,643.771902207595));
#2116=CARTESIAN_POINT('Ctrl Pts',(6.00090798070117,440.298685980161,643.771902207595));
#2117=CARTESIAN_POINT('Ctrl Pts',(6.00090798070117,455.681818651351,643.771902207595));
#2118=CARTESIAN_POINT('Ctrl Pts',(6.00090798070117,455.681818651351,628.388769536406));
#2119=CARTESIAN_POINT('Ctrl Pts',(6.00090798070118,455.681818651351,613.005636865217));
#2120=CARTESIAN_POINT('Ctrl Pts',(6.00090798070118,440.298685980161,613.005636865217));
#2121=CARTESIAN_POINT('Ctrl Pts',(6.06645979185238,440.298685980161,612.938886563926));
#2122=CARTESIAN_POINT('Ctrl Pts',(6.06645979185238,424.848803007681,612.938886563926));
#2123=CARTESIAN_POINT('Ctrl Pts',(6.06645979185237,424.848803007681,628.388769536406));
#2124=CARTESIAN_POINT('Ctrl Pts',(6.06645979185237,424.848803007681,643.838652508886));
#2125=CARTESIAN_POINT('Ctrl Pts',(6.06645979185237,440.298685980161,643.838652508886));
#2126=CARTESIAN_POINT('Ctrl Pts',(6.06645979185237,455.748568952641,643.838652508886));
#2127=CARTESIAN_POINT('Ctrl Pts',(6.06645979185237,455.748568952641,628.388769536406));
#2128=CARTESIAN_POINT('Ctrl Pts',(6.06645979185238,455.748568952641,612.938886563926));
#2129=CARTESIAN_POINT('Ctrl Pts',(6.06645979185238,440.298685980161,612.938886563926));
#2130=CARTESIAN_POINT('Ctrl Pts',(6.1447326894732,440.298685980161,612.885950734733));
#2131=CARTESIAN_POINT('Ctrl Pts',(6.1447326894732,424.795867178488,612.885950734733));
#2132=CARTESIAN_POINT('Ctrl Pts',(6.14473268947319,424.795867178488,628.388769536406));
#2133=CARTESIAN_POINT('Ctrl Pts',(6.14473268947318,424.795867178488,643.89158833808));
#2134=CARTESIAN_POINT('Ctrl Pts',(6.14473268947318,440.298685980161,643.89158833808));
#2135=CARTESIAN_POINT('Ctrl Pts',(6.14473268947318,455.801504781835,643.89158833808));
#2136=CARTESIAN_POINT('Ctrl Pts',(6.14473268947319,455.801504781835,628.388769536406));
#2137=CARTESIAN_POINT('Ctrl Pts',(6.1447326894732,455.801504781835,612.885950734733));
#2138=CARTESIAN_POINT('Ctrl Pts',(6.1447326894732,440.298685980161,612.885950734733));
#2139=CARTESIAN_POINT('Ctrl Pts',(6.23108884503708,440.298685980161,612.849964276094));
#2140=CARTESIAN_POINT('Ctrl Pts',(6.23108884503708,424.759880719849,612.849964276094));
#2141=CARTESIAN_POINT('Ctrl Pts',(6.23108884503707,424.759880719849,628.388769536406));
#2142=CARTESIAN_POINT('Ctrl Pts',(6.23108884503706,424.759880719849,643.927574796719));
#2143=CARTESIAN_POINT('Ctrl Pts',(6.23108884503706,440.298685980161,643.927574796719));
#2144=CARTESIAN_POINT('Ctrl Pts',(6.23108884503706,455.837491240474,643.927574796719));
#2145=CARTESIAN_POINT('Ctrl Pts',(6.23108884503707,455.837491240474,628.388769536406));
#2146=CARTESIAN_POINT('Ctrl Pts',(6.23108884503708,455.837491240474,612.849964276094));
#2147=CARTESIAN_POINT('Ctrl Pts',(6.23108884503708,440.298685980161,612.849964276094));
#2148=CARTESIAN_POINT('Ctrl Pts',(6.31640918256412,440.298685980161,612.814409465005));
#2149=CARTESIAN_POINT('Ctrl Pts',(6.31640918256412,424.72432590876,612.814409465005));
#2150=CARTESIAN_POINT('Ctrl Pts',(6.31640918256411,424.72432590876,628.388769536406));
#2151=CARTESIAN_POINT('Ctrl Pts',(6.31640918256411,424.72432590876,643.963129607808));
#2152=CARTESIAN_POINT('Ctrl Pts',(6.31640918256411,440.298685980161,643.963129607808));
#2153=CARTESIAN_POINT('Ctrl Pts',(6.31640918256411,455.873046051563,643.963129607808));
#2154=CARTESIAN_POINT('Ctrl Pts',(6.31640918256411,455.873046051563,628.388769536406));
#2155=CARTESIAN_POINT('Ctrl Pts',(6.31640918256412,455.873046051563,612.814409465005));
#2156=CARTESIAN_POINT('Ctrl Pts',(6.31640918256412,440.298685980161,612.814409465005));
#2157=CARTESIAN_POINT('Ctrl Pts',(6.40793165151583,440.298685980161,612.796103182322));
#2158=CARTESIAN_POINT('Ctrl Pts',(6.40793165151583,424.706019626077,612.796103182322));
#2159=CARTESIAN_POINT('Ctrl Pts',(6.40793165151583,424.706019626077,628.388769536406));
#2160=CARTESIAN_POINT('Ctrl Pts',(6.40793165151582,424.706019626077,643.981435890491));
#2161=CARTESIAN_POINT('Ctrl Pts',(6.40793165151582,440.298685980161,643.981435890491));
#2162=CARTESIAN_POINT('Ctrl Pts',(6.40793165151582,455.891352334246,643.981435890491));
#2163=CARTESIAN_POINT('Ctrl Pts',(6.40793165151583,455.891352334246,628.388769536406));
#2164=CARTESIAN_POINT('Ctrl Pts',(6.40793165151583,455.891352334246,612.796103182322));
#2165=CARTESIAN_POINT('Ctrl Pts',(6.40793165151583,440.298685980161,612.796103182322));
#2166=CARTESIAN_POINT('Ctrl Pts',(6.5003630192273,440.298685980161,612.796103291315));
#2167=CARTESIAN_POINT('Ctrl Pts',(6.5003630192273,424.70601973507,612.796103291315));
#2168=CARTESIAN_POINT('Ctrl Pts',(6.50036301922729,424.70601973507,628.388769536406));
#2169=CARTESIAN_POINT('Ctrl Pts',(6.50036301922728,424.70601973507,643.981435781498));
#2170=CARTESIAN_POINT('Ctrl Pts',(6.50036301922728,440.298685980161,643.981435781498));
#2171=CARTESIAN_POINT('Ctrl Pts',(6.50036301922728,455.891352225253,643.981435781498));
#2172=CARTESIAN_POINT('Ctrl Pts',(6.50036301922729,455.891352225253,628.388769536406));
#2173=CARTESIAN_POINT('Ctrl Pts',(6.5003630192273,455.891352225253,612.796103291315));
#2174=CARTESIAN_POINT('Ctrl Pts',(6.5003630192273,440.298685980161,612.796103291315));
#2175=CARTESIAN_POINT('',(6.50036301922757,440.298685980162,643.981435781498));
#2176=CARTESIAN_POINT('Ctrl Pts',(5.80035030207938,440.298685980162,643.281491952219));
#2177=CARTESIAN_POINT('Ctrl Pts',(5.80035030331699,440.298685980162,643.28150280865));
#2178=CARTESIAN_POINT('Ctrl Pts',(5.80035030455463,440.298685980162,643.281513665299));
#2179=CARTESIAN_POINT('Ctrl Pts',(5.80035030579227,440.298685980162,643.281524522067));
#2180=CARTESIAN_POINT('Ctrl Pts',(5.8003607642209,440.298685980162,643.373266775626));
#2181=CARTESIAN_POINT('Ctrl Pts',(5.81840744645243,440.298685980162,643.464118560085));
#2182=CARTESIAN_POINT('Ctrl Pts',(5.85346159236991,440.298685980162,643.548900130136));
#2183=CARTESIAN_POINT('Ctrl Pts',(5.88782667032231,440.298685980162,643.632015128018));
#2184=CARTESIAN_POINT('Ctrl Pts',(5.93789068224029,440.298685980162,643.707732757737));
#2185=CARTESIAN_POINT('Ctrl Pts',(6.00090798070117,440.298685980162,643.771902207595));
#2186=CARTESIAN_POINT('Ctrl Pts',(6.06645979185237,440.298685980162,643.838652508886));
#2187=CARTESIAN_POINT('Ctrl Pts',(6.14473268947318,440.298685980162,643.89158833808));
#2188=CARTESIAN_POINT('Ctrl Pts',(6.23108884503706,440.298685980162,643.927574796719));
#2189=CARTESIAN_POINT('Ctrl Pts',(6.31640918256411,440.298685980162,643.963129607808));
#2190=CARTESIAN_POINT('Ctrl Pts',(6.40793165151582,440.298685980162,643.981435890491));
#2191=CARTESIAN_POINT('Ctrl Pts',(6.50036301922728,440.298685980162,643.981435781498));
#2192=CARTESIAN_POINT('Origin',(6.50036301922758,440.298685980161,628.388769536406));
#2193=CARTESIAN_POINT('Origin',(6.99999965474014,440.298685980161,628.388769536406));
#2194=CARTESIAN_POINT('',(7.49963629025226,440.298685980162,643.981436485032));
#2195=CARTESIAN_POINT('',(6.99999965474013,440.298685980162,643.981436133264));
#2196=CARTESIAN_POINT('Origin',(7.49963629025227,440.298685980161,628.388769536406));
#2197=CARTESIAN_POINT('Origin',(8.19964969830222,440.298685980161,613.496046989832));
#2198=CARTESIAN_POINT('',(8.1996496983022,440.298685980162,643.28149208298));
#2199=CARTESIAN_POINT('',(8.19964969830222,440.298685980162,620.942408263119));
#2200=CARTESIAN_POINT('Origin',(8.19964969830221,440.298685980161,628.388769536406));
#2201=CARTESIAN_POINT('Ctrl Pts',(7.4996362902525,440.298685980161,612.796102587781));
#2202=CARTESIAN_POINT('Ctrl Pts',(7.4996362902525,424.706019031536,612.796102587781));
#2203=CARTESIAN_POINT('Ctrl Pts',(7.49963629025249,424.706019031536,628.388769536406));
#2204=CARTESIAN_POINT('Ctrl Pts',(7.49963629025248,424.706019031536,643.981436485032));
#2205=CARTESIAN_POINT('Ctrl Pts',(7.49963629025248,440.298685980161,643.981436485032));
#2206=CARTESIAN_POINT('Ctrl Pts',(7.49963629025248,455.891352928787,643.981436485032));
#2207=CARTESIAN_POINT('Ctrl Pts',(7.49963629025249,455.891352928787,628.388769536406));
#2208=CARTESIAN_POINT('Ctrl Pts',(7.4996362902525,455.891352928787,612.796102587781));
#2209=CARTESIAN_POINT('Ctrl Pts',(7.4996362902525,440.298685980161,612.796102587781));
#2210=CARTESIAN_POINT('Ctrl Pts',(7.59141728606111,440.298685980161,612.796102389726));
#2211=CARTESIAN_POINT('Ctrl Pts',(7.59141728606111,424.706018833481,612.796102389726));
#2212=CARTESIAN_POINT('Ctrl Pts',(7.59141728606111,424.706018833481,628.388769536406));
#2213=CARTESIAN_POINT('Ctrl Pts',(7.5914172860611,424.706018833481,643.981436683086));
#2214=CARTESIAN_POINT('Ctrl Pts',(7.5914172860611,440.298685980161,643.981436683086));
#2215=CARTESIAN_POINT('Ctrl Pts',(7.5914172860611,455.891353126842,643.981436683086));
#2216=CARTESIAN_POINT('Ctrl Pts',(7.59141728606111,455.891353126842,628.388769536406));
#2217=CARTESIAN_POINT('Ctrl Pts',(7.59141728606111,455.891353126842,612.796102389726));
#2218=CARTESIAN_POINT('Ctrl Pts',(7.59141728606111,440.298685980161,612.796102389726));
#2219=CARTESIAN_POINT('Ctrl Pts',(7.6823091446756,440.298685980161,612.814152053974));
#2220=CARTESIAN_POINT('Ctrl Pts',(7.6823091446756,424.724068497729,612.814152053974));
#2221=CARTESIAN_POINT('Ctrl Pts',(7.6823091446756,424.724068497729,628.388769536406));
#2222=CARTESIAN_POINT('Ctrl Pts',(7.68230914467559,424.724068497729,643.963387018838));
#2223=CARTESIAN_POINT('Ctrl Pts',(7.68230914467559,440.298685980161,643.963387018838));
#2224=CARTESIAN_POINT('Ctrl Pts',(7.68230914467559,455.873303462594,643.963387018838));
#2225=CARTESIAN_POINT('Ctrl Pts',(7.6823091446756,455.873303462594,628.388769536406));
#2226=CARTESIAN_POINT('Ctrl Pts',(7.6823091446756,455.873303462594,612.814152053974));
#2227=CARTESIAN_POINT('Ctrl Pts',(7.6823091446756,440.298685980161,612.814152053974));
#2228=CARTESIAN_POINT('Ctrl Pts',(7.76712627924548,440.298685980161,612.849222671364));
#2229=CARTESIAN_POINT('Ctrl Pts',(7.76712627924548,424.759139115119,612.849222671364));
#2230=CARTESIAN_POINT('Ctrl Pts',(7.76712627924547,424.759139115119,628.388769536406));
#2231=CARTESIAN_POINT('Ctrl Pts',(7.76712627924546,424.759139115119,643.928316401449));
#2232=CARTESIAN_POINT('Ctrl Pts',(7.76712627924546,440.298685980161,643.928316401449));
#2233=CARTESIAN_POINT('Ctrl Pts',(7.76712627924546,455.838232845204,643.928316401449));
#2234=CARTESIAN_POINT('Ctrl Pts',(7.76712627924547,455.838232845204,628.388769536406));
#2235=CARTESIAN_POINT('Ctrl Pts',(7.76712627924548,455.838232845204,612.849222671364));
#2236=CARTESIAN_POINT('Ctrl Pts',(7.76712627924548,440.298685980161,612.849222671364));
#2237=CARTESIAN_POINT('Ctrl Pts',(7.85024036496267,440.298685980161,612.883589103508));
#2238=CARTESIAN_POINT('Ctrl Pts',(7.85024036496267,424.793505547263,612.883589103508));
#2239=CARTESIAN_POINT('Ctrl Pts',(7.85024036496266,424.793505547263,628.388769536406));
#2240=CARTESIAN_POINT('Ctrl Pts',(7.85024036496266,424.793505547263,643.893949969304));
#2241=CARTESIAN_POINT('Ctrl Pts',(7.85024036496266,440.298685980161,643.893949969304));
#2242=CARTESIAN_POINT('Ctrl Pts',(7.85024036496266,455.80386641306,643.893949969304));
#2243=CARTESIAN_POINT('Ctrl Pts',(7.85024036496266,455.80386641306,628.388769536406));
#2244=CARTESIAN_POINT('Ctrl Pts',(7.85024036496267,455.80386641306,612.883589103508));
#2245=CARTESIAN_POINT('Ctrl Pts',(7.85024036496267,440.298685980161,612.883589103508));
#2246=CARTESIAN_POINT('Ctrl Pts',(7.92595840356473,440.298685980161,612.933653671138));
#2247=CARTESIAN_POINT('Ctrl Pts',(7.92595840356473,424.843570114893,612.933653671138));
#2248=CARTESIAN_POINT('Ctrl Pts',(7.92595840356472,424.843570114893,628.388769536406));
#2249=CARTESIAN_POINT('Ctrl Pts',(7.92595840356471,424.843570114893,643.843885401674));
#2250=CARTESIAN_POINT('Ctrl Pts',(7.92595840356471,440.298685980161,643.843885401674));
#2251=CARTESIAN_POINT('Ctrl Pts',(7.92595840356471,455.753801845429,643.843885401674));
#2252=CARTESIAN_POINT('Ctrl Pts',(7.92595840356472,455.753801845429,628.388769536406));
#2253=CARTESIAN_POINT('Ctrl Pts',(7.92595840356473,455.753801845429,612.933653671138));
#2254=CARTESIAN_POINT('Ctrl Pts',(7.92595840356473,440.298685980161,612.933653671138));
#2255=CARTESIAN_POINT('Ctrl Pts',(7.99012859727991,440.298685980161,612.996672684016));
#2256=CARTESIAN_POINT('Ctrl Pts',(7.99012859727991,424.906589127771,612.996672684016));
#2257=CARTESIAN_POINT('Ctrl Pts',(7.9901285972799,424.906589127771,628.388769536406));
#2258=CARTESIAN_POINT('Ctrl Pts',(7.9901285972799,424.906589127771,643.780866388797));
#2259=CARTESIAN_POINT('Ctrl Pts',(7.9901285972799,440.298685980161,643.780866388797));
#2260=CARTESIAN_POINT('Ctrl Pts',(7.9901285972799,455.690782832552,643.780866388797));
#2261=CARTESIAN_POINT('Ctrl Pts',(7.9901285972799,455.690782832552,628.388769536406));
#2262=CARTESIAN_POINT('Ctrl Pts',(7.99012859727991,455.690782832552,612.996672684016));
#2263=CARTESIAN_POINT('Ctrl Pts',(7.99012859727991,440.298685980161,612.996672684016));
#2264=CARTESIAN_POINT('Ctrl Pts',(8.05687363832027,440.298685980161,613.062220352759));
#2265=CARTESIAN_POINT('Ctrl Pts',(8.05687363832027,424.972136796514,613.062220352759));
#2266=CARTESIAN_POINT('Ctrl Pts',(8.05687363832026,424.972136796514,628.388769536406));
#2267=CARTESIAN_POINT('Ctrl Pts',(8.05687363832025,424.972136796514,643.715318720053));
#2268=CARTESIAN_POINT('Ctrl Pts',(8.05687363832025,440.298685980161,643.715318720053));
#2269=CARTESIAN_POINT('Ctrl Pts',(8.05687363832025,455.625235163808,643.715318720053));
#2270=CARTESIAN_POINT('Ctrl Pts',(8.05687363832026,455.625235163808,628.388769536406));
#2271=CARTESIAN_POINT('Ctrl Pts',(8.05687363832027,455.625235163808,613.062220352759));
#2272=CARTESIAN_POINT('Ctrl Pts',(8.05687363832027,440.298685980161,613.062220352759));
#2273=CARTESIAN_POINT('Ctrl Pts',(8.10980698841663,440.298685980161,613.14048813239));
#2274=CARTESIAN_POINT('Ctrl Pts',(8.10980698841663,425.050404576145,613.14048813239));
#2275=CARTESIAN_POINT('Ctrl Pts',(8.10980698841662,425.050404576145,628.388769536406));
#2276=CARTESIAN_POINT('Ctrl Pts',(8.10980698841661,425.050404576145,643.637050940422));
#2277=CARTESIAN_POINT('Ctrl Pts',(8.10980698841661,440.298685980161,643.637050940422));
#2278=CARTESIAN_POINT('Ctrl Pts',(8.10980698841661,455.546967384177,643.637050940422));
#2279=CARTESIAN_POINT('Ctrl Pts',(8.10980698841662,455.546967384177,628.388769536406));
#2280=CARTESIAN_POINT('Ctrl Pts',(8.10980698841663,455.546967384177,613.14048813239));
#2281=CARTESIAN_POINT('Ctrl Pts',(8.10980698841663,440.298685980161,613.14048813239));
#2282=CARTESIAN_POINT('Ctrl Pts',(8.14579199826325,440.298685980161,613.226840094498));
#2283=CARTESIAN_POINT('Ctrl Pts',(8.14579199826325,425.136756538254,613.226840094498));
#2284=CARTESIAN_POINT('Ctrl Pts',(8.14579199826324,425.136756538254,628.388769536406));
#2285=CARTESIAN_POINT('Ctrl Pts',(8.14579199826323,425.136756538254,643.550698978314));
#2286=CARTESIAN_POINT('Ctrl Pts',(8.14579199826323,440.298685980161,643.550698978314));
#2287=CARTESIAN_POINT('Ctrl Pts',(8.14579199826323,455.460615422069,643.550698978314));
#2288=CARTESIAN_POINT('Ctrl Pts',(8.14579199826324,455.460615422069,628.388769536406));
#2289=CARTESIAN_POINT('Ctrl Pts',(8.14579199826325,455.460615422069,613.226840094498));
#2290=CARTESIAN_POINT('Ctrl Pts',(8.14579199826325,440.298685980161,613.226840094498));
#2291=CARTESIAN_POINT('Ctrl Pts',(8.18133397303173,440.298685980161,613.312128920917));
#2292=CARTESIAN_POINT('Ctrl Pts',(8.18133397303173,425.222045364672,613.312128920917));
#2293=CARTESIAN_POINT('Ctrl Pts',(8.18133397303172,425.222045364672,628.388769536406));
#2294=CARTESIAN_POINT('Ctrl Pts',(8.18133397303171,425.222045364672,643.465410151896));
#2295=CARTESIAN_POINT('Ctrl Pts',(8.18133397303171,440.298685980161,643.465410151896));
#2296=CARTESIAN_POINT('Ctrl Pts',(8.18133397303171,455.375326595651,643.465410151896));
#2297=CARTESIAN_POINT('Ctrl Pts',(8.18133397303172,455.375326595651,628.388769536406));
#2298=CARTESIAN_POINT('Ctrl Pts',(8.18133397303173,455.375326595651,613.312128920917));
#2299=CARTESIAN_POINT('Ctrl Pts',(8.18133397303173,440.298685980161,613.312128920917));
#2300=CARTESIAN_POINT('Ctrl Pts',(8.19963927966556,440.298685980161,613.403617005829));
#2301=CARTESIAN_POINT('Ctrl Pts',(8.19963927966556,425.313533449584,613.403617005829));
#2302=CARTESIAN_POINT('Ctrl Pts',(8.19963927966556,425.313533449584,628.388769536406));
#2303=CARTESIAN_POINT('Ctrl Pts',(8.19963927966555,425.313533449584,643.373922066984));
#2304=CARTESIAN_POINT('Ctrl Pts',(8.19963927966555,440.298685980161,643.373922066984));
#2305=CARTESIAN_POINT('Ctrl Pts',(8.19963927966555,455.283838510739,643.373922066984));
#2306=CARTESIAN_POINT('Ctrl Pts',(8.19963927966556,455.283838510739,628.388769536406));
#2307=CARTESIAN_POINT('Ctrl Pts',(8.19963927966556,455.283838510739,613.403617005829));
#2308=CARTESIAN_POINT('Ctrl Pts',(8.19963927966556,440.298685980161,613.403617005829));
#2309=CARTESIAN_POINT('Ctrl Pts',(8.19964969467195,440.298685980161,613.496014783674));
#2310=CARTESIAN_POINT('Ctrl Pts',(8.19964969467195,425.405931227429,613.496014783674));
#2311=CARTESIAN_POINT('Ctrl Pts',(8.19964969467194,425.405931227429,628.388769536406));
#2312=CARTESIAN_POINT('Ctrl Pts',(8.19964969467194,425.405931227429,643.281524289138));
#2313=CARTESIAN_POINT('Ctrl Pts',(8.19964969467194,440.298685980161,643.281524289138));
#2314=CARTESIAN_POINT('Ctrl Pts',(8.19964969467194,455.191440732893,643.281524289138));
#2315=CARTESIAN_POINT('Ctrl Pts',(8.19964969467194,455.191440732893,628.388769536406));
#2316=CARTESIAN_POINT('Ctrl Pts',(8.19964969467195,455.191440732893,613.496014783674));
#2317=CARTESIAN_POINT('Ctrl Pts',(8.19964969467195,440.298685980161,613.496014783674));
#2318=CARTESIAN_POINT('Ctrl Pts',(8.19964969588208,440.298685980161,613.496025519281));
#2319=CARTESIAN_POINT('Ctrl Pts',(8.19964969588208,425.405941963036,613.496025519281));
#2320=CARTESIAN_POINT('Ctrl Pts',(8.19964969588207,425.405941963036,628.388769536406));
#2321=CARTESIAN_POINT('Ctrl Pts',(8.19964969588206,425.405941963036,643.281513553532));
#2322=CARTESIAN_POINT('Ctrl Pts',(8.19964969588206,440.298685980161,643.281513553532));
#2323=CARTESIAN_POINT('Ctrl Pts',(8.19964969588206,455.191429997287,643.281513553532));
#2324=CARTESIAN_POINT('Ctrl Pts',(8.19964969588207,455.191429997287,628.388769536406));
#2325=CARTESIAN_POINT('Ctrl Pts',(8.19964969588208,455.191429997287,613.496025519281));
#2326=CARTESIAN_POINT('Ctrl Pts',(8.19964969588208,440.298685980161,613.496025519281));
#2327=CARTESIAN_POINT('Ctrl Pts',(8.19964969709214,440.298685980161,613.496036254667));
#2328=CARTESIAN_POINT('Ctrl Pts',(8.19964969709214,425.405952698422,613.496036254667));
#2329=CARTESIAN_POINT('Ctrl Pts',(8.19964969709213,425.405952698422,628.388769536406));
#2330=CARTESIAN_POINT('Ctrl Pts',(8.19964969709213,425.405952698422,643.281502818145));
#2331=CARTESIAN_POINT('Ctrl Pts',(8.19964969709213,440.298685980161,643.281502818145));
#2332=CARTESIAN_POINT('Ctrl Pts',(8.19964969709213,455.1914192619,643.281502818145));
#2333=CARTESIAN_POINT('Ctrl Pts',(8.19964969709213,455.1914192619,628.388769536406));
#2334=CARTESIAN_POINT('Ctrl Pts',(8.19964969709214,455.1914192619,613.496036254667));
#2335=CARTESIAN_POINT('Ctrl Pts',(8.19964969709214,440.298685980161,613.496036254667));
#2336=CARTESIAN_POINT('Ctrl Pts',(8.19964969830221,440.298685980161,613.496046989833));
#2337=CARTESIAN_POINT('Ctrl Pts',(8.19964969830221,425.405963433588,613.496046989833));
#2338=CARTESIAN_POINT('Ctrl Pts',(8.1996496983022,425.405963433588,628.388769536406));
#2339=CARTESIAN_POINT('Ctrl Pts',(8.19964969830219,425.405963433588,643.28149208298));
#2340=CARTESIAN_POINT('Ctrl Pts',(8.19964969830219,440.298685980161,643.28149208298));
#2341=CARTESIAN_POINT('Ctrl Pts',(8.19964969830219,455.191408526735,643.28149208298));
#2342=CARTESIAN_POINT('Ctrl Pts',(8.1996496983022,455.191408526735,628.388769536406));
#2343=CARTESIAN_POINT('Ctrl Pts',(8.19964969830221,455.191408526735,613.496046989833));
#2344=CARTESIAN_POINT('Ctrl Pts',(8.19964969830221,440.298685980161,613.496046989833));
#2345=CARTESIAN_POINT('Ctrl Pts',(7.49963629025249,440.298685980162,643.981436485032));
#2346=CARTESIAN_POINT('Ctrl Pts',(7.5914172860611,440.298685980162,643.981436683086));
#2347=CARTESIAN_POINT('Ctrl Pts',(7.68230914467559,440.298685980161,643.963387018838));
#2348=CARTESIAN_POINT('Ctrl Pts',(7.76712627924546,440.298685980161,643.928316401449));
#2349=CARTESIAN_POINT('Ctrl Pts',(7.85024036496266,440.298685980162,643.893949969305));
#2350=CARTESIAN_POINT('Ctrl Pts',(7.92595840356471,440.298685980161,643.843885401674));
#2351=CARTESIAN_POINT('Ctrl Pts',(7.9901285972799,440.298685980161,643.780866388796));
#2352=CARTESIAN_POINT('Ctrl Pts',(8.05687363832025,440.298685980162,643.715318720053));
#2353=CARTESIAN_POINT('Ctrl Pts',(8.10980698841661,440.298685980161,643.637050940422));
#2354=CARTESIAN_POINT('Ctrl Pts',(8.14579199826323,440.298685980161,643.550698978314));
#2355=CARTESIAN_POINT('Ctrl Pts',(8.18133397303171,440.298685980162,643.465410151896));
#2356=CARTESIAN_POINT('Ctrl Pts',(8.19963927966555,440.298685980161,643.373922066984));
#2357=CARTESIAN_POINT('Ctrl Pts',(8.19964969467194,440.298685980161,643.281524289138));
#2358=CARTESIAN_POINT('Ctrl Pts',(8.19964969588206,440.298685980162,643.281513553532));
#2359=CARTESIAN_POINT('Ctrl Pts',(8.19964969709213,440.298685980161,643.281502818145));
#2360=CARTESIAN_POINT('Ctrl Pts',(8.19964969830219,440.298685980161,643.28149208298));
#2361=CARTESIAN_POINT('Origin',(59.249999999999,440.298685980162,628.388769536407));
#2362=CARTESIAN_POINT('',(3.99999999976604,440.298685980162,640.882113910266));
#2363=CARTESIAN_POINT('',(5.04999823297714,440.298685980162,640.882113910266));
#2364=CARTESIAN_POINT('',(3.99999999999903,440.298685980162,640.811875355402));
#2365=CARTESIAN_POINT('Origin',(3.99999999999903,464.30015232601,653.234981174397));
#2366=CARTESIAN_POINT('Origin',(3.99999999999904,440.298685980161,628.388769536406));
#2367=CARTESIAN_POINT('Origin',(5.04999823297715,440.298685980161,628.388769536406));
#2368=UNCERTAINTY_MEASURE_WITH_UNIT(LENGTH_MEASURE(0.01),#2372,
'DISTANCE_ACCURACY_VALUE',
'Maximum model space distance between geometric entities at asserted c
onnectivities');
#2369=UNCERTAINTY_MEASURE_WITH_UNIT(LENGTH_MEASURE(0.01),#2372,
'DISTANCE_ACCURACY_VALUE',
'Maximum model space distance between geometric entities at asserted c
onnectivities');
#2370=(
GEOMETRIC_REPRESENTATION_CONTEXT(3)
GLOBAL_UNCERTAINTY_ASSIGNED_CONTEXT((#2368))
GLOBAL_UNIT_ASSIGNED_CONTEXT((#2372,#2374,#2375))
REPRESENTATION_CONTEXT('','3D')
);
#2371=(
GEOMETRIC_REPRESENTATION_CONTEXT(3)
GLOBAL_UNCERTAINTY_ASSIGNED_CONTEXT((#2369))
GLOBAL_UNIT_ASSIGNED_CONTEXT((#2372,#2374,#2375))
REPRESENTATION_CONTEXT('','3D')
);
#2372=(
LENGTH_UNIT()
NAMED_UNIT(*)
SI_UNIT(.MILLI.,.METRE.)
);
#2373=(
LENGTH_UNIT()
NAMED_UNIT(*)
SI_UNIT($,.METRE.)
);
#2374=(
NAMED_UNIT(*)
PLANE_ANGLE_UNIT()
SI_UNIT($,.RADIAN.)
);
#2375=(
NAMED_UNIT(*)
SI_UNIT($,.STERADIAN.)
SOLID_ANGLE_UNIT()
);
#2376=SHAPE_DEFINITION_REPRESENTATION(#2377,#2378);
#2377=PRODUCT_DEFINITION_SHAPE('',$,#2380);
#2378=SHAPE_REPRESENTATION('',(#1017),#2370);
#2379=PRODUCT_DEFINITION_CONTEXT('part definition',#2384,'design');
#2380=PRODUCT_DEFINITION('CPAP valve 3-way - Housing - A',
'CPAP valve 3-way - Housing - A',#2381,#2379);
#2381=PRODUCT_DEFINITION_FORMATION('',$,#2386);
#2382=PRODUCT_RELATED_PRODUCT_CATEGORY('CPAP valve 3-way - Housing - A',
'CPAP valve 3-way - Housing - A',(#2386));
#2383=APPLICATION_PROTOCOL_DEFINITION('international standard',
'automotive_design',2009,#2384);
#2384=APPLICATION_CONTEXT(
'Core Data for Automotive Mechanical Design Process');
#2385=PRODUCT_CONTEXT('part definition',#2384,'mechanical');
#2386=PRODUCT('CPAP valve 3-way - Housing - A',
'CPAP valve 3-way - Housing - A',$,(#2385));
#2387=PRESENTATION_STYLE_ASSIGNMENT((#2388));
#2388=SURFACE_STYLE_USAGE(.BOTH.,#2389);
#2389=SURFACE_SIDE_STYLE('',(#2390));
#2390=SURFACE_STYLE_FILL_AREA(#2391);
#2391=FILL_AREA_STYLE('Steel - Satin',(#2392));
#2392=FILL_AREA_STYLE_COLOUR('Steel - Satin',#2393);
#2393=COLOUR_RGB('Steel - Satin',0.627450980392157,0.627450980392157,0.627450980392157);
ENDSEC;
END-ISO-10303-21;
